사고번호,사고일시,요일,시군구,사고내용,사망자수,중상자수,경상자수,부상신고자수,사고유형,법규위반,노면상태,기상상태,도로형태,가해운전자 차종,가해운전자 성별,가해운전자 연령,가해운전자 상해정도,피해운전자 차종,피해운전자 성별,피해운전자 연령,피해운전자 상해정도
2020011300100321,2020년 1월 13일 15시,월요일,광주광역시 남구 양과동,경상사고,0,0,3,0,차대차 - 측면충돌,안전거리미확보,건조,맑음,단일로 - 기타,승합,남,67세,상해없음,승용,여,50세,경상
2020011300100362,2020년 1월 13일 16시,월요일,광주광역시 서구 농성동,경상사고,0,0,1,0,차대사람 - 길가장자리구역통행중,안전운전불이행,건조,맑음,단일로 - 기타,승용,남,63세,상해없음,보행자,여,59세,경상
2020011300100363,2020년 1월 13일 16시,월요일,광주광역시 남구 월산동,경상사고,0,0,1,0,차대차 - 측면충돌,안전운전불이행,건조,맑음,단일로 - 기타,승용,여,68세,상해없음,승용,남,26세,경상
2020011300100458,2020년 1월 13일 18시,월요일,광주광역시 남구 방림동,경상사고,0,0,1,0,차대차 - 추돌,안전거리미확보,건조,맑음,단일로 - 기타,이륜,남,36세,상해없음,승용,남,67세,경상
2020011300100459,2020년 1월 13일 18시,월요일,광주광역시 남구 사동,경상사고,0,0,2,0,차대차 - 측면충돌,안전거리미확보,건조,맑음,교차로 - 교차로부근,화물,남,37세,상해없음,승용,남,23세,경상
2020011300100495,2020년 1월 13일 19시,월요일,광주광역시 서구 쌍촌동,경상사고,0,0,1,0,차대차 - 기타,안전운전불이행,건조,맑음,교차로 - 교차로안,화물,남,49세,상해없음,승용,남,44세,경상
2020011300100496,2020년 1월 13일 19시,월요일,광주광역시 북구 두암동,경상사고,0,0,3,0,차대차 - 측면충돌,직진우회전진행방해,건조,맑음,교차로 - 교차로안,승용,남,54세,경상,화물,남,42세,경상
2020011300100526,2020년 1월 13일 20시,월요일,광주광역시 서구 치평동,경상사고,0,0,1,0,차대차 - 측면충돌,안전운전불이행,건조,맑음,단일로 - 기타,승용,남,41세,상해없음,원동기,남,22세,경상
2020011300100527,2020년 1월 13일 20시,월요일,광주광역시 광산구 쌍암동,경상사고,0,0,1,0,차대차 - 추돌,안전운전불이행,건조,맑음,기타 - 기타,화물,남,39세,상해없음,승용,남,55세,경상
2020011300100555,2020년 1월 13일 21시,월요일,광주광역시 북구 누문동,경상사고,0,0,2,0,차대차 - 기타,안전거리미확보,건조,맑음,단일로 - 교량,승용,남,62세,상해없음,승용,남,42세,경상
2020011300100556,2020년 1월 13일 21시,월요일,광주광역시 광산구 우산동,중상사고,0,1,0,0,차대사람 - 횡단중,안전운전불이행,건조,맑음,교차로 - 교차로부근,승합,남,33세,상해없음,보행자,남,43세,중상
2020011300100576,2020년 1월 13일 22시,월요일,광주광역시 서구 동천동,경상사고,0,0,1,1,차대차 - 기타,직진우회전진행방해,건조,맑음,교차로 - 교차로안,승용,남,60세,상해없음,승용,남,22세,부상신고
2020011300100577,2020년 1월 13일 22시,월요일,광주광역시 서구 광천동,중상사고,0,1,0,0,차대사람 - 횡단중,신호위반,건조,맑음,교차로 - 교차로안,승용,남,44세,상해없음,보행자,남,31세,중상
2020011400100015,2020년 1월 14일 00시,화요일,광주광역시 남구 승촌동,경상사고,0,0,4,0,차대차 - 측면충돌,안전운전불이행,건조,맑음,단일로 - 교량,사륜오토바이(ATV),남,30세,상해없음,승용,남,19세,경상
2020011400100027,2020년 1월 14일 01시,화요일,광주광역시 광산구 신가동,경상사고,0,0,5,0,차대차 - 후진중충돌,안전운전불이행,건조,맑음,단일로 - 기타,승용,남,62세,상해없음,승합,남,25세,경상
2020011400100045,2020년 1월 14일 04시,화요일,광주광역시 서구 치평동,중상사고,0,1,0,0,차대차 - 기타,신호위반,건조,맑음,교차로 - 교차로안,승용,남,27세,상해없음,승용,남,43세,중상
2020011400100114,2020년 1월 14일 08시,화요일,광주광역시 북구 양산동,경상사고,0,0,1,0,차대차 - 측면충돌,안전운전불이행,건조,맑음,단일로 - 기타,승용,여,37세,상해없음,승용,남,28세,경상
2020011400100145,2020년 1월 14일 09시,화요일,광주광역시 서구 화정동,중상사고,0,1,0,0,차대사람 - 보도통행중,신호위반,건조,맑음,교차로 - 교차로안,이륜,남,81세,상해없음,보행자,여,74세,중상
2020011400100146,2020년 1월 14일 09시,화요일,광주광역시 서구 농성동,경상사고,0,0,1,0,차대차 - 측면충돌,안전운전불이행,건조,맑음,단일로 - 기타,승용,남,80세,상해없음,승용,여,38세,경상
2020011400100183,2020년 1월 14일 10시,화요일,광주광역시 서구 내방동,경상사고,0,0,1,0,차대차 - 측면충돌,안전운전불이행,건조,맑음,교차로 - 교차로부근,승용,남,26세,상해없음,화물,남,45세,경상
2020011400100295,2020년 1월 14일 13시,화요일,광주광역시 북구 신안동,경상사고,0,0,2,0,차대차 - 추돌,안전운전불이행,건조,맑음,단일로 - 기타,승용,남,51세,상해없음,승합,남,45세,경상
2020011400100296,2020년 1월 14일 13시,화요일,광주광역시 북구 문흥동,경상사고,0,0,2,0,차대차 - 측면충돌,안전운전불이행,건조,맑음,단일로 - 기타,승용,여,62세,상해없음,승용,여,39세,경상
2020011400100297,2020년 1월 14일 13시,화요일,광주광역시 광산구 월계동,경상사고,0,0,1,0,차대사람 - 횡단중,신호위반,건조,맑음,교차로 - 교차로횡단보도내,승용,여,29세,상해없음,보행자,여,13세,경상
2020011400100327,2020년 1월 14일 14시,화요일,광주광역시 동구 대인동,경상사고,0,0,1,0,차대차 - 측면충돌,안전운전불이행,건조,맑음,교차로 - 교차로안,승용,남,40세,기타불명,승용,여,32세,경상
2020011400100328,2020년 1월 14일 14시,화요일,광주광역시 북구 각화동,경상사고,0,0,1,0,차대사람 - 기타,안전운전불이행,건조,맑음,단일로 - 기타,승용,남,54세,기타불명,보행자,여,37세,경상
2020011400100356,2020년 1월 14일 15시,화요일,광주광역시 북구 각화동,중상사고,0,1,0,0,차대사람 - 횡단중,신호위반,건조,맑음,교차로 - 교차로안,화물,남,68세,상해없음,보행자,남,73세,중상
2020011400100391,2020년 1월 14일 16시,화요일,광주광역시 광산구 소촌동,사망사고,1,0,0,0,차대차 - 기타,신호위반,건조,맑음,교차로 - 교차로안,이륜,남,64세,사망,승용,여,52세,상해없음
2020011400100480,2020년 1월 14일 18시,화요일,광주광역시 동구 서석동,경상사고,0,0,1,0,차대차 - 기타,안전거리미확보,건조,맑음,단일로 - 기타,승용,남,62세,상해없음,이륜,남,27세,경상
2020011400100481,2020년 1월 14일 18시,화요일,광주광역시 서구 금호동,경상사고,0,0,1,0,차대차 - 측면충돌,안전운전불이행,건조,맑음,교차로 - 교차로안,승용,남,52세,상해없음,승용,남,33세,경상
2020011400100482,2020년 1월 14일 18시,화요일,광주광역시 북구 누문동,경상사고,0,0,1,0,차대차 - 기타,안전운전불이행,건조,맑음,단일로 - 기타,승용,남,67세,상해없음,승용,여,41세,경상
2020011400100515,2020년 1월 14일 19시,화요일,광주광역시 서구 양동,중상사고,0,2,0,0,차대차 - 기타,안전운전불이행,건조,맑음,단일로 - 기타,승용,남,48세,상해없음,승합,남,73세,기타불명
2020011400100541,2020년 1월 14일 20시,화요일,광주광역시 서구 광천동,경상사고,0,0,3,0,차대차 - 측면충돌,차로위반,건조,흐림,단일로 - 기타,승용,남,40세,상해없음,승용,남,25세,경상
2020011400100542,2020년 1월 14일 20시,화요일,광주광역시 북구 임동,경상사고,0,0,2,0,차대차 - 기타,안전운전불이행,건조,맑음,교차로 - 교차로안,승용,여,60세,경상,승용,남,43세,경상
2020011500100025,2020년 1월 15일 02시,수요일,광주광역시 서구 화정동,경상사고,0,0,1,0,차량단독 - 기타,안전운전불이행,건조,맑음,단일로 - 기타,승용,남,60세,상해없음,,,,
2020011500100026,2020년 1월 15일 02시,수요일,광주광역시 광산구 신창동,경상사고,0,0,2,0,차대차 - 추돌,안전거리미확보,건조,맑음,교차로 - 교차로안,승용,남,51세,상해없음,승용,남,29세,경상
2020011500100060,2020년 1월 15일 06시,수요일,광주광역시 북구 임동,경상사고,0,0,1,0,차대차 - 기타,기타,건조,맑음,단일로 - 기타,승용,여,71세,상해없음,승용,여,41세,경상
2020011500100077,2020년 1월 15일 07시,수요일,광주광역시 서구 치평동,경상사고,0,0,2,0,차대차 - 측면충돌,교차로운행방법위반,건조,맑음,단일로 - 기타,승용,남,25세,상해없음,승용,남,64세,경상
2020011500100078,2020년 1월 15일 07시,수요일,광주광역시 서구 농성동,경상사고,0,0,1,0,차대사람 - 기타,안전운전불이행,건조,맑음,단일로 - 기타,승용,남,52세,상해없음,보행자,남,35세,경상
2020011500100140,2020년 1월 15일 09시,수요일,광주광역시 서구 광천동,중상사고,0,1,0,0,차량단독 - 기타,기타,건조,맑음,단일로 - 기타,승합,남,67세,상해없음,,,,
2020011500100141,2020년 1월 15일 09시,수요일,광주광역시 광산구 쌍암동,경상사고,0,0,1,0,차대차 - 측면충돌,안전운전불이행,건조,맑음,단일로 - 기타,승용,남,40세,상해없음,승용,여,34세,경상
2020011500100162,2020년 1월 15일 10시,수요일,광주광역시 북구 우산동,경상사고,0,0,1,0,차대차 - 측면충돌,안전운전불이행,건조,맑음,교차로 - 교차로안,승용,남,60세,상해없음,승용,여,66세,경상
2020011500100197,2020년 1월 15일 11시,수요일,광주광역시 북구 매곡동,중상사고,0,1,0,0,차대사람 - 기타,보행자보호의무위반,건조,맑음,교차로 - 교차로횡단보도내,화물,남,55세,상해없음,보행자,여,72세,중상
2020011500100263,2020년 1월 15일 13시,수요일,광주광역시 북구 용전동,경상사고,0,0,2,0,차대차 - 기타,교차로운행방법위반,건조,맑음,교차로 - 교차로안,승용,남,40세,상해없음,이륜,남,72세,경상
2020011500100264,2020년 1월 15일 13시,수요일,광주광역시 광산구 옥동,경상사고,0,0,2,0,차대차 - 측면충돌,신호위반,건조,맑음,교차로 - 교차로안,승용,여,55세,경상,화물,남,41세,경상
2020011500100343,2020년 1월 15일 15시,수요일,광주광역시 서구 벽진동,경상사고,0,0,1,1,차대차 - 측면충돌,안전거리미확보,건조,맑음,단일로 - 기타,승용,남,26세,부상신고,화물,남,55세,경상
2020011500100344,2020년 1월 15일 15시,수요일,광주광역시 서구 동천동,경상사고,0,0,3,0,차대차 - 정면충돌,교차로운행방법위반,건조,맑음,교차로 - 교차로안,승용,남,38세,상해없음,승합,남,43세,상해없음
2020011500100345,2020년 1월 15일 15시,수요일,광주광역시 북구 운암동,경상사고,0,0,3,0,차대차 - 측면충돌,안전운전불이행,건조,맑음,단일로 - 기타,승합,남,62세,상해없음,승용,남,58세,경상
2020011500100346,2020년 1월 15일 15시,수요일,광주광역시 광산구 월계동,부상신고사고,0,0,0,1,차량단독 - 공작물충돌,교차로운행방법위반,건조,맑음,교차로 - 교차로안,승용,남,54세,부상신고,,,,
2020011500100382,2020년 1월 15일 16시,수요일,광주광역시 광산구 선암동,경상사고,0,0,1,0,차대차 - 측면충돌,교차로운행방법위반,건조,맑음,교차로 - 교차로안,승용,남,53세,기타불명,승용,남,57세,경상
2020011500100414,2020년 1월 15일 17시,수요일,광주광역시 북구 두암동,경상사고,0,0,1,0,차대차 - 측면충돌,안전운전불이행,건조,맑음,교차로 - 교차로안,승용,남,59세,상해없음,승용,남,44세,경상
2020011500100415,2020년 1월 15일 17시,수요일,광주광역시 광산구 월계동,경상사고,0,0,1,0,차대차 - 측면충돌,차로위반,건조,맑음,교차로 - 교차로부근,승용,남,57세,상해없음,승용,여,57세,경상
2020011500100480,2020년 1월 15일 18시,수요일,광주광역시 서구 마륵동,경상사고,0,0,2,0,차대차 - 측면충돌,교차로운행방법위반,건조,맑음,교차로 - 교차로안,승용,여,40세,상해없음,승용,남,58세,상해없음
2020011500100481,2020년 1월 15일 18시,수요일,광주광역시 북구 임동,경상사고,0,0,8,0,차대차 - 기타,안전운전불이행,건조,맑음,단일로 - 기타,승용,남,52세,상해없음,승합,남,46세,경상
2020011500100482,2020년 1월 15일 18시,수요일,광주광역시 북구 유동,경상사고,0,0,1,0,차대차 - 측면충돌,신호위반,건조,맑음,교차로 - 교차로안,승용,여,46세,상해없음,이륜,남,26세,경상
2020011500100537,2020년 1월 15일 19시,수요일,광주광역시 서구 쌍촌동,경상사고,0,0,1,0,차대사람 - 기타,안전운전불이행,건조,맑음,단일로 - 기타,승용,남,50세,상해없음,보행자,남,30세,경상
2020011500100566,2020년 1월 15일 20시,수요일,광주광역시 서구 풍암동,중상사고,0,1,0,0,차대차 - 측면충돌,중앙선침범,건조,맑음,교차로 - 교차로횡단보도내,승용,남,32세,상해없음,자전거,여,28세,중상
2020011500100567,2020년 1월 15일 20시,수요일,광주광역시 광산구 쌍암동,중상사고,0,1,0,0,차대사람 - 기타,신호위반,건조,맑음,교차로 - 교차로안,이륜,남,32세,상해없음,보행자,남,39세,중상
2020011500100592,2020년 1월 15일 21시,수요일,광주광역시 북구 용봉동,경상사고,0,0,2,0,차대차 - 기타,안전거리미확보,건조,맑음,단일로 - 기타,화물,남,47세,상해없음,승용,남,66세,경상
2020011500100620,2020년 1월 15일 22시,수요일,광주광역시 서구 화정동,중상사고,0,1,0,1,차대차 - 측면충돌,안전운전불이행,건조,맑음,단일로 - 기타,승용,남,39세,부상신고,이륜,남,48세,중상
2020011600100028,2020년 1월 16일 03시,목요일,광주광역시 광산구 산정동,경상사고,0,0,1,0,차대차 - 측면충돌,신호위반,건조,맑음,교차로 - 교차로안,승용,남,49세,상해없음,승용,여,60세,경상
2020011600100080,2020년 1월 16일 07시,목요일,광주광역시 서구 쌍촌동,경상사고,0,0,2,0,차대차 - 후진중충돌,안전운전불이행,건조,맑음,단일로 - 기타,승용,남,61세,상해없음,승용,여,25세,경상
2020011600100201,2020년 1월 16일 11시,목요일,광주광역시 동구 지산동,경상사고,0,0,1,0,차대차 - 후진중충돌,안전운전불이행,건조,맑음,단일로 - 기타,승용,남,37세,기타불명,승용,남,58세,경상
2020011600100202,2020년 1월 16일 11시,목요일,광주광역시 서구 쌍촌동,경상사고,0,0,4,0,차대차 - 측면충돌,안전운전불이행,건조,맑음,기타 - 기타,화물,남,68세,상해없음,승용,남,67세,경상
2020011600100203,2020년 1월 16일 11시,목요일,광주광역시 남구 송하동,중상사고,0,1,1,0,차대차 - 추돌,안전거리미확보,건조,맑음,단일로 - 기타,화물,남,72세,상해없음,화물,남,18세,경상
2020011600100204,2020년 1월 16일 11시,목요일,광주광역시 광산구 월계동,경상사고,0,0,2,0,차대차 - 후진중충돌,중앙선침범,건조,맑음,교차로 - 교차로부근,승합,남,41세,경상,이륜,남,65세,경상
2020011600100235,2020년 1월 16일 12시,목요일,광주광역시 서구 농성동,경상사고,0,0,5,1,차대차 - 측면충돌,안전운전불이행,건조,맑음,교차로 - 교차로안,화물,남,72세,상해없음,승합,남,59세,경상
2020011600100303,2020년 1월 16일 14시,목요일,광주광역시 서구 동천동,경상사고,0,0,1,0,차대차 - 측면충돌,안전운전불이행,건조,맑음,교차로 - 교차로안,승용,남,37세,상해없음,이륜,남,25세,경상
2020011600100304,2020년 1월 16일 14시,목요일,광주광역시 남구 월산동,경상사고,0,0,1,0,차대사람 - 기타,안전운전불이행,건조,맑음,단일로 - 기타,기타불명,기타불명,미분류,기타불명,보행자,남,32세,경상
2020011600100305,2020년 1월 16일 14시,목요일,광주광역시 북구 운암동,경상사고,0,0,1,0,차대차 - 기타,신호위반,건조,맑음,교차로 - 교차로안,승용,남,83세,상해없음,승용,남,50세,경상
2020011600100306,2020년 1월 16일 14시,목요일,광주광역시 광산구 월계동,경상사고,0,0,1,0,차대차 - 측면충돌,안전거리미확보,건조,맑음,단일로 - 기타,승용,남,55세,경상,승용,남,57세,상해없음
2020011600100413,2020년 1월 16일 17시,목요일,광주광역시 서구 치평동,경상사고,0,0,1,0,차대차 - 기타,안전운전불이행,건조,맑음,교차로 - 교차로안,승용,남,55세,상해없음,이륜,남,64세,경상
2020011600100414,2020년 1월 16일 17시,목요일,광주광역시 광산구 장덕동,경상사고,0,0,2,0,차대차 - 측면충돌,안전운전불이행,건조,맑음,단일로 - 기타,화물,남,60세,상해없음,승합,남,64세,경상
2020011600100415,2020년 1월 16일 17시,목요일,광주광역시 광산구 오선동,경상사고,0,0,1,0,차대차 - 기타,안전거리미확보,건조,맑음,교차로 - 교차로부근,승용,남,51세,상해없음,승합,남,44세,상해없음
2020011600100478,2020년 1월 16일 18시,목요일,광주광역시 서구 풍암동,경상사고,0,0,1,0,차대차 - 기타,교차로운행방법위반,건조,맑음,교차로 - 교차로안,승용,여,34세,상해없음,승용,여,51세,경상
2020011600100479,2020년 1월 16일 18시,목요일,광주광역시 광산구 월계동,경상사고,0,0,2,0,차대차 - 정면충돌,신호위반,건조,맑음,교차로 - 교차로안,승용,여,28세,상해없음,원동기,남,33세,경상
2020011600100480,2020년 1월 16일 18시,목요일,광주광역시 광산구 신촌동,경상사고,0,0,1,0,차대차 - 측면충돌,신호위반,건조,맑음,교차로 - 교차로안,승용,여,31세,상해없음,승용,남,44세,경상
2020011600100481,2020년 1월 16일 18시,목요일,광주광역시 광산구 우산동,경상사고,0,0,1,0,차대차 - 측면충돌,안전거리미확보,건조,맑음,단일로 - 기타,승용,남,64세,상해없음,기타불명,기타불명,미분류,기타불명
2020011600100530,2020년 1월 16일 19시,목요일,광주광역시 북구 두암동,경상사고,0,0,2,0,차대차 - 기타,안전운전불이행,건조,맑음,단일로 - 기타,승용,남,62세,상해없음,화물,남,57세,경상
2020011600100531,2020년 1월 16일 19시,목요일,광주광역시 광산구 우산동,경상사고,0,0,1,0,차대차 - 측면충돌,신호위반,건조,맑음,교차로 - 교차로횡단보도내,승용,남,35세,상해없음,승용,여,38세,경상
2020011600100553,2020년 1월 16일 20시,목요일,광주광역시 북구 일곡동,경상사고,0,0,3,0,차대차 - 추돌,안전운전불이행,건조,맑음,단일로 - 기타,승용,남,51세,상해없음,승용,여,28세,경상
2020011600100554,2020년 1월 16일 20시,목요일,광주광역시 북구 두암동,중상사고,0,1,0,0,차대사람 - 기타,안전운전불이행,건조,맑음,단일로 - 기타,승용,남,46세,상해없음,보행자,여,86세,중상
2020011600100585,2020년 1월 16일 21시,목요일,광주광역시 북구 동림동,경상사고,0,0,1,0,차대차 - 측면충돌,교차로운행방법위반,건조,맑음,교차로 - 교차로안,승용,남,45세,상해없음,승용,여,59세,경상
2020011600100586,2020년 1월 16일 21시,목요일,광주광역시 광산구 도산동,경상사고,0,0,1,0,차대차 - 추돌,안전운전불이행,건조,맑음,교차로 - 교차로부근,승용,남,57세,상해없음,자전거,남,69세,경상
2020011600100621,2020년 1월 16일 23시,목요일,광주광역시 서구 치평동,경상사고,0,0,1,0,차대차 - 측면충돌,차로위반,건조,맑음,교차로 - 교차로부근,승용,남,52세,상해없음,승용,남,53세,경상
2020011700100048,2020년 1월 17일 05시,금요일,광주광역시 서구 치평동,경상사고,0,0,1,0,차대차 - 측면충돌,신호위반,건조,맑음,교차로 - 교차로안,승용,남,62세,상해없음,승용,남,34세,경상
2020011700100049,2020년 1월 17일 05시,금요일,광주광역시 북구 삼각동,경상사고,0,0,1,0,차대차 - 추돌,안전운전불이행,건조,맑음,교차로 - 교차로부근,화물,남,58세,상해없음,승용,남,24세,경상
2020011700100091,2020년 1월 17일 07시,금요일,광주광역시 서구 쌍촌동,경상사고,0,0,1,0,차대차 - 측면충돌,교차로운행방법위반,건조,맑음,교차로 - 교차로안,승용,남,28세,상해없음,화물,남,48세,경상
2020011700100112,2020년 1월 17일 08시,금요일,광주광역시 서구 화정동,경상사고,0,0,3,0,차대차 - 측면충돌,신호위반,건조,맑음,교차로 - 교차로안,승용,여,28세,상해없음,승용,남,30세,경상
2020011700100139,2020년 1월 17일 09시,금요일,광주광역시 서구 쌍촌동,중상사고,0,1,0,0,차대차 - 기타,안전운전불이행,건조,맑음,단일로 - 기타,승용,남,65세,중상,승용,여,57세,기타불명
2020011700100184,2020년 1월 17일 11시,금요일,광주광역시 북구 연제동,경상사고,0,0,1,0,차대차 - 기타,안전운전불이행,건조,맑음,교차로 - 교차로안,승용,남,67세,상해없음,승용,남,57세,경상
2020011700100239,2020년 1월 17일 13시,금요일,광주광역시 서구 쌍촌동,경상사고,0,0,3,0,차대차 - 측면충돌,안전운전불이행,건조,맑음,교차로 - 교차로안,승용,여,54세,상해없음,승용,여,37세,경상
2020011700100240,2020년 1월 17일 13시,금요일,광주광역시 광산구 장덕동,경상사고,0,0,2,0,차대사람 - 횡단중,안전운전불이행,건조,맑음,교차로 - 교차로안,승용,여,64세,상해없음,보행자,여,46세,경상
2020011700100285,2020년 1월 17일 14시,금요일,광주광역시 서구 금호동,경상사고,0,0,1,0,차대차 - 기타,안전운전불이행,건조,맑음,단일로 - 기타,승용,남,38세,상해없음,이륜,남,27세,경상
2020011700100286,2020년 1월 17일 14시,금요일,광주광역시 북구 문흥동,경상사고,0,0,1,0,차대사람 - 차도통행중,안전운전불이행,건조,맑음,단일로 - 기타,승용,여,55세,상해없음,보행자,여,51세,경상
2020011700100406,2020년 1월 17일 17시,금요일,광주광역시 북구 우산동,경상사고,0,0,1,0,차대차 - 측면충돌,신호위반,건조,맑음,단일로 - 기타,승합,남,60세,상해없음,자전거,남,63세,경상
2020011700100407,2020년 1월 17일 17시,금요일,광주광역시 광산구 신창동,경상사고,0,0,1,0,차대차 - 기타,안전운전불이행,건조,맑음,단일로 - 기타,승용,남,40세,상해없음,화물,남,27세,경상
2020011700100456,2020년 1월 17일 18시,금요일,광주광역시 남구 송하동,경상사고,0,0,1,0,차대차 - 측면충돌,교차로운행방법위반,건조,맑음,교차로 - 교차로안,승용,남,65세,상해없음,승용,남,32세,경상
2020011700100457,2020년 1월 17일 18시,금요일,광주광역시 광산구 월계동,중상사고,0,1,1,2,차대차 - 측면충돌,신호위반,건조,맑음,교차로 - 교차로부근,승용,여,34세,경상,이륜,남,34세,중상
2020011700100458,2020년 1월 17일 18시,금요일,광주광역시 광산구 월계동,경상사고,0,0,1,0,차대사람 - 횡단중,보행자보호의무위반,건조,맑음,단일로 - 기타,승용,여,35세,상해없음,보행자,여,7세,경상
2020011700100507,2020년 1월 17일 19시,금요일,광주광역시 북구 운암동,경상사고,0,0,5,0,차대차 - 측면충돌,차로위반,건조,맑음,단일로 - 고가도로위,승용,남,73세,상해없음,승용,남,24세,경상
2020011700100549,2020년 1월 17일 20시,금요일,광주광역시 북구 동림동,경상사고,0,0,1,0,차대차 - 측면충돌,교차로운행방법위반,건조,맑음,교차로 - 교차로안,원동기,남,61세,경상,승용,남,50세,상해없음
2020011700100584,2020년 1월 17일 21시,금요일,광주광역시 광산구 신촌동,사망사고,1,0,1,0,차대사람 - 차도통행중,과속,건조,맑음,단일로 - 기타,승용,남,47세,상해없음,보행자,남,56세,사망
2020011700100631,2020년 1월 17일 23시,금요일,광주광역시 동구 금남로2가,경상사고,0,0,4,0,차대차 - 측면충돌,안전운전불이행,건조,흐림,단일로 - 기타,승용,남,18세,경상,승용,남,35세,경상
2020011700100632,2020년 1월 17일 23시,금요일,광주광역시 서구 풍암동,중상사고,0,1,0,0,차대사람 - 횡단중,안전운전불이행,건조,맑음,교차로 - 교차로안,승용,남,20세,기타불명,보행자,여,29세,중상
2020011800100025,2020년 1월 18일 01시,토요일,광주광역시 광산구 신가동,경상사고,0,0,1,0,차대차 - 측면충돌,신호위반,건조,맑음,교차로 - 교차로안,승용,남,28세,기타불명,승용,남,34세,경상
2020011800100066,2020년 1월 18일 05시,토요일,광주광역시 서구 금호동,경상사고,0,0,1,0,차대사람 - 기타,안전운전불이행,건조,맑음,교차로 - 교차로안,승용,남,42세,상해없음,보행자,남,21세,경상
2020011800100098,2020년 1월 18일 07시,토요일,광주광역시 동구 학동,경상사고,0,0,1,0,차량단독 - 기타,기타,건조,맑음,단일로 - 기타,승합,남,53세,상해없음,,,,
2020011800100138,2020년 1월 18일 09시,토요일,광주광역시 광산구 신가동,경상사고,0,0,2,0,차대차 - 측면충돌,교차로운행방법위반,건조,맑음,단일로 - 기타,화물,남,48세,경상,승용,남,57세,경상
2020011800100160,2020년 1월 18일 10시,토요일,광주광역시 서구 매월동,부상신고사고,0,0,0,1,차량단독 - 공작물충돌,안전운전불이행,건조,맑음,단일로 - 기타,승용,여,44세,부상신고,,,,
2020011800100161,2020년 1월 18일 10시,토요일,광주광역시 광산구 장덕동,경상사고,0,0,1,0,차대차 - 추돌,안전거리미확보,건조,맑음,단일로 - 기타,승용,남,53세,상해없음,화물,남,40세,경상
2020011800100197,2020년 1월 18일 11시,토요일,광주광역시 남구 주월동,경상사고,0,0,1,0,차대차 - 기타,안전거리미확보,건조,맑음,교차로 - 교차로안,승용,여,53세,상해없음,승합,남,43세,경상
2020011800100198,2020년 1월 18일 11시,토요일,광주광역시 북구 양산동,경상사고,0,0,1,1,차대차 - 추돌,안전운전불이행,건조,맑음,단일로 - 기타,승용,남,87세,부상신고,승용,여,70세,경상
2020011800100242,2020년 1월 18일 12시,토요일,광주광역시 광산구 흑석동,경상사고,0,0,2,0,차대차 - 측면충돌,신호위반,건조,맑음,교차로 - 교차로부근,화물,남,51세,경상,화물,남,71세,경상
2020011800100243,2020년 1월 18일 12시,토요일,광주광역시 광산구 신창동,경상사고,0,0,1,0,차대차 - 기타,교차로운행방법위반,건조,맑음,교차로 - 교차로안,이륜,남,30세,경상,승용,남,49세,상해없음
2020011800100281,2020년 1월 18일 13시,토요일,광주광역시 북구 운암동,경상사고,0,0,1,0,차대차 - 기타,안전거리미확보,건조,맑음,단일로 - 기타,화물,남,65세,기타불명,승합,남,46세,기타불명
2020011800100350,2020년 1월 18일 15시,토요일,광주광역시 서구 광천동,경상사고,0,0,1,0,차대차 - 측면충돌,안전거리미확보,건조,맑음,단일로 - 기타,승용,남,64세,상해없음,승용,남,35세,경상
2020011800100386,2020년 1월 18일 16시,토요일,광주광역시 북구 운암동,경상사고,0,0,1,0,차대차 - 측면충돌,교차로운행방법위반,건조,맑음,교차로 - 교차로안,승용,남,58세,상해없음,승용,여,44세,경상
2020011800100422,2020년 1월 18일 17시,토요일,광주광역시 남구 백운동,경상사고,0,0,1,0,차대사람 - 기타,보행자보호의무위반,건조,맑음,교차로 - 교차로횡단보도내,승용,여,35세,상해없음,보행자,남,11세,경상
2020011800100423,2020년 1월 18일 17시,토요일,광주광역시 광산구 송정동,경상사고,0,0,1,0,차대사람 - 차도통행중,안전운전불이행,건조,맑음,교차로 - 교차로부근,승용,남,48세,상해없음,보행자,여,78세,경상
2020011800100471,2020년 1월 18일 18시,토요일,광주광역시 동구 지산동,경상사고,0,0,1,0,차대차 - 기타,안전거리미확보,건조,맑음,교차로 - 교차로안,승용,여,53세,상해없음,승용,남,25세,경상
2020011800100472,2020년 1월 18일 18시,토요일,광주광역시 광산구 신가동,경상사고,0,0,1,0,차대차 - 측면충돌,신호위반,건조,맑음,단일로 - 기타,이륜,남,20세,경상,승용,여,42세,상해없음
2020011800100473,2020년 1월 18일 18시,토요일,광주광역시 광산구 도산동,경상사고,0,0,1,0,차대사람 - 기타,안전운전불이행,건조,맑음,단일로 - 기타,승용,여,42세,상해없음,보행자,여,63세,경상
2020011800100512,2020년 1월 18일 19시,토요일,광주광역시 서구 벽진동,경상사고,0,0,1,0,차대차 - 기타,안전운전불이행,건조,맑음,교차로 - 교차로안,승용,남,66세,상해없음,승용,여,28세,경상
2020011800100513,2020년 1월 18일 19시,토요일,광주광역시 남구 봉선동,경상사고,0,0,1,0,차대차 - 측면충돌,교차로운행방법위반,건조,맑음,교차로 - 교차로안,승용,남,50세,상해없음,이륜,남,25세,경상