사고번호,사고일시,요일,시군구,사고내용,사망자수,중상자수,경상자수,부상신고자수,사고유형,법규위반,노면상태,기상상태,도로형태,가해운전자 차종,가해운전자 성별,가해운전자 연령,가해운전자 상해정도,피해운전자 차종,피해운전자 성별,피해운전자 연령,피해운전자 상해정도
2020011800100514,2020년 1월 18일 19시,토요일,광주광역시 북구 용봉동,경상사고,0,0,2,0,차량단독 - 기타,기타,건조,맑음,단일로 - 기타,승합,남,61세,상해없음,,,,
2020011800100535,2020년 1월 18일 20시,토요일,광주광역시 서구 농성동,경상사고,0,0,1,0,차대차 - 기타,중앙선침범,건조,맑음,교차로 - 교차로부근,승용,남,48세,기타불명,승용,여,56세,경상
2020011800100536,2020년 1월 18일 20시,토요일,광주광역시 남구 서동,경상사고,0,0,4,0,차대차 - 추돌,안전거리미확보,건조,맑음,교차로 - 교차로안,승용,남,65세,상해없음,승용,남,76세,경상
2020011800100561,2020년 1월 18일 21시,토요일,광주광역시 북구 월출동,경상사고,0,0,1,0,차대사람 - 기타,안전운전불이행,건조,맑음,주차장 - 주차장,승용,남,28세,상해없음,보행자,남,31세,경상
2020011800100586,2020년 1월 18일 22시,토요일,광주광역시 서구 치평동,경상사고,0,0,1,0,차대사람 - 기타,안전운전불이행,건조,맑음,단일로 - 기타,승용,남,35세,상해없음,보행자,여,22세,경상
2020011800100587,2020년 1월 18일 22시,토요일,광주광역시 서구 치평동,경상사고,0,0,1,0,차대차 - 기타,중앙선침범,건조,맑음,단일로 - 기타,승용,남,29세,상해없음,이륜,남,46세,경상
2020011800100606,2020년 1월 18일 23시,토요일,광주광역시 동구 대인동,경상사고,0,0,3,0,차대차 - 추돌,안전거리미확보,건조,맑음,단일로 - 기타,승용,남,60세,상해없음,승합,여,60세,경상
2020011800100607,2020년 1월 18일 23시,토요일,광주광역시 서구 금호동,중상사고,0,1,1,0,차대차 - 기타,안전운전불이행,건조,맑음,단일로 - 기타,이륜,남,34세,중상,승용,남,63세,경상
2020011800100608,2020년 1월 18일 23시,토요일,광주광역시 광산구 월계동,경상사고,0,0,1,0,차대차 - 추돌,안전운전불이행,건조,맑음,교차로 - 교차로부근,승용,남,36세,상해없음,승용,남,54세,상해없음
2020011900100013,2020년 1월 19일 00시,일요일,광주광역시 광산구 신가동,경상사고,0,0,1,0,차대차 - 기타,안전운전불이행,건조,맑음,교차로 - 교차로부근,기타불명,기타불명,미분류,기타불명,이륜,남,18세,경상
2020011900100037,2020년 1월 19일 02시,일요일,광주광역시 남구 방림동,경상사고,0,0,2,0,차대차 - 추돌,안전운전불이행,건조,맑음,단일로 - 기타,승용,남,57세,상해없음,승용,남,55세,경상
2020011900100068,2020년 1월 19일 06시,일요일,광주광역시 북구 양산동,중상사고,0,1,0,0,차대차 - 기타,안전운전불이행,건조,맑음,교차로 - 교차로안,자전거,남,76세,중상,승용,남,55세,상해없음
2020011900100080,2020년 1월 19일 07시,일요일,광주광역시 북구 일곡동,경상사고,0,0,1,0,차대차 - 측면충돌,신호위반,건조,맑음,교차로 - 교차로안,승용,남,30세,기타불명,승용,남,54세,경상
2020011900100125,2020년 1월 19일 10시,일요일,광주광역시 남구 백운동,중상사고,0,1,0,0,차대사람 - 기타,안전운전불이행,건조,맑음,교차로 - 교차로안,승용,여,47세,상해없음,보행자,남,57세,중상
2020011900100152,2020년 1월 19일 11시,일요일,광주광역시 서구 쌍촌동,경상사고,0,0,1,0,차대차 - 측면충돌,교차로운행방법위반,건조,맑음,교차로 - 교차로안,승용,남,39세,상해없음,원동기,남,28세,경상
2020011900100180,2020년 1월 19일 12시,일요일,광주광역시 서구 광천동,경상사고,0,0,1,0,차대차 - 측면충돌,차로위반,건조,맑음,단일로 - 기타,승용,남,64세,상해없음,승용,남,24세,경상
2020011900100181,2020년 1월 19일 12시,일요일,광주광역시 북구 오치동,중상사고,0,1,0,0,차대차 - 기타,안전운전불이행,건조,맑음,교차로 - 교차로안,승용,여,48세,상해없음,이륜,남,61세,중상
2020011900100207,2020년 1월 19일 13시,일요일,광주광역시 북구 양산동,중상사고,0,1,0,0,차대차 - 기타,안전운전불이행,건조,맑음,단일로 - 기타,승용,남,33세,상해없음,이륜,남,44세,중상
2020011900100236,2020년 1월 19일 14시,일요일,광주광역시 광산구 유계동,경상사고,0,0,1,1,차대차 - 측면충돌,중앙선침범,건조,맑음,교차로 - 교차로부근,화물,남,31세,부상신고,건설기계,남,66세,경상
2020011900100306,2020년 1월 19일 17시,일요일,광주광역시 북구 유동,경상사고,0,0,6,0,차대차 - 측면충돌,교차로운행방법위반,건조,맑음,교차로 - 교차로부근,화물,남,28세,경상,승용,남,23세,경상
2020011900100347,2020년 1월 19일 18시,일요일,광주광역시 남구 서동,경상사고,0,0,2,0,차대차 - 추돌,안전거리미확보,건조,맑음,단일로 - 기타,이륜,남,45세,경상,승용,남,47세,경상
2020011900100424,2020년 1월 19일 21시,일요일,광주광역시 광산구 운남동,경상사고,0,0,1,0,차대차 - 추돌,안전운전불이행,건조,맑음,교차로 - 교차로안,승용,남,63세,상해없음,화물,남,55세,상해없음
2020011900100451,2020년 1월 19일 23시,일요일,광주광역시 동구 광산동,경상사고,0,0,1,0,차대사람 - 길가장자리구역통행중,안전운전불이행,건조,맑음,교차로 - 교차로안,승용,남,18세,상해없음,보행자,여,22세,경상
2020012000100008,2020년 1월 20일 00시,월요일,광주광역시 서구 금호동,경상사고,0,0,2,0,차대차 - 측면충돌,안전운전불이행,건조,맑음,교차로 - 교차로안,승용,여,22세,경상,승용,남,36세,경상
2020012000100009,2020년 1월 20일 00시,월요일,광주광역시 광산구 수완동,경상사고,0,0,1,0,차대사람 - 기타,안전운전불이행,건조,맑음,단일로 - 기타,승용,남,21세,상해없음,보행자,남,23세,경상
2020012000100065,2020년 1월 20일 06시,월요일,광주광역시 광산구 운수동,경상사고,0,0,1,0,차대차 - 기타,차로위반,건조,흐림,단일로 - 기타,승용,남,28세,상해없음,화물,남,57세,경상
2020012000100091,2020년 1월 20일 07시,월요일,광주광역시 북구 우산동,중상사고,0,1,0,0,차대사람 - 횡단중,안전운전불이행,건조,맑음,단일로 - 기타,승용,남,36세,상해없음,보행자,여,40세,중상
2020012000100128,2020년 1월 20일 08시,월요일,광주광역시 서구 벽진동,경상사고,0,0,3,0,차대차 - 측면충돌,과속,건조,맑음,단일로 - 기타,승용,남,34세,경상,승용,남,53세,경상
2020012000100129,2020년 1월 20일 08시,월요일,광주광역시 남구 백운동,경상사고,0,0,1,0,차대차 - 기타,교차로운행방법위반,건조,맑음,교차로 - 교차로안,승용,남,24세,상해없음,이륜,남,62세,경상
2020012000100173,2020년 1월 20일 09시,월요일,광주광역시 광산구 우산동,경상사고,0,0,2,0,차대차 - 측면충돌,교차로운행방법위반,건조,맑음,교차로 - 교차로안,승용,여,56세,상해없음,승용,남,49세,경상
2020012000100285,2020년 1월 20일 12시,월요일,광주광역시 서구 쌍촌동,경상사고,0,0,1,0,차대사람 - 차도통행중,안전운전불이행,건조,맑음,단일로 - 기타,승용,남,47세,상해없음,보행자,여,72세,경상
2020012000100286,2020년 1월 20일 12시,월요일,광주광역시 북구 두암동,경상사고,0,0,2,0,차대차 - 측면충돌,안전운전불이행,건조,맑음,단일로 - 기타,승용,남,62세,경상,승용,남,56세,경상
2020012000100325,2020년 1월 20일 13시,월요일,광주광역시 서구 풍암동,경상사고,0,0,1,0,차대사람 - 횡단중,안전운전불이행,건조,맑음,단일로 - 기타,승용,여,76세,상해없음,보행자,여,22세,경상
2020012000100326,2020년 1월 20일 13시,월요일,광주광역시 북구 용봉동,경상사고,0,0,3,0,차대차 - 측면충돌,차로위반,건조,맑음,단일로 - 기타,승용,남,27세,경상,승용,남,35세,경상
2020012000100365,2020년 1월 20일 14시,월요일,광주광역시 서구 쌍촌동,중상사고,0,1,1,0,차대차 - 측면충돌,직진우회전진행방해,건조,맑음,단일로 - 기타,승용,여,51세,상해없음,승용,여,35세,중상
2020012000100366,2020년 1월 20일 14시,월요일,광주광역시 북구 용두동,경상사고,0,0,1,0,차대차 - 측면충돌,안전운전불이행,건조,맑음,단일로 - 기타,승용,남,74세,상해없음,승용,여,33세,경상
2020012000100416,2020년 1월 20일 15시,월요일,광주광역시 동구 산수동,경상사고,0,0,1,0,차대차 - 기타,차로위반,건조,맑음,기타 - 기타,화물,남,68세,상해없음,승합,남,56세,상해없음
2020012000100417,2020년 1월 20일 15시,월요일,광주광역시 서구 화정동,경상사고,0,0,1,0,차대차 - 측면충돌,안전운전불이행,건조,맑음,단일로 - 기타,승용,남,74세,상해없음,승용,남,37세,경상
2020012000100418,2020년 1월 20일 15시,월요일,광주광역시 서구 풍암동,경상사고,0,0,1,0,차대차 - 측면충돌,안전운전불이행,건조,맑음,단일로 - 기타,승용,여,40세,상해없음,화물,남,47세,경상
2020012000100419,2020년 1월 20일 15시,월요일,광주광역시 북구 오치동,중상사고,0,1,0,0,차대사람 - 횡단중,안전운전불이행,건조,맑음,단일로 - 기타,화물,남,32세,상해없음,보행자,남,20세,중상
2020012000100452,2020년 1월 20일 16시,월요일,광주광역시 동구 금남로1가,경상사고,0,0,1,0,차대차 - 기타,안전거리미확보,건조,맑음,교차로 - 교차로부근,승용,남,58세,상해없음,승합,남,47세,상해없음
2020012000100453,2020년 1월 20일 16시,월요일,광주광역시 서구 농성동,경상사고,0,0,2,0,차대차 - 측면충돌,교차로운행방법위반,건조,맑음,교차로 - 교차로안,승용,여,64세,경상,승용,남,67세,경상
2020012000100454,2020년 1월 20일 16시,월요일,광주광역시 북구 용봉동,중상사고,0,1,0,0,차대사람 - 횡단중,신호위반,건조,맑음,교차로 - 교차로횡단보도내,화물,남,50세,상해없음,보행자,여,70세,중상
2020012000100455,2020년 1월 20일 16시,월요일,광주광역시 광산구 안청동,경상사고,0,0,1,0,차대차 - 측면충돌,교차로운행방법위반,건조,맑음,교차로 - 교차로안,화물,남,54세,상해없음,승용,남,59세,경상
2020012000100549,2020년 1월 20일 18시,월요일,광주광역시 서구 덕흥동,경상사고,0,0,5,0,차대차 - 추돌,안전운전불이행,건조,맑음,단일로 - 기타,화물,남,39세,경상,승용,남,65세,경상
2020012000100550,2020년 1월 20일 18시,월요일,광주광역시 서구 농성동,경상사고,0,0,9,5,차대차 - 추돌,안전운전불이행,건조,맑음,교차로 - 교차로부근,승용,남,65세,경상,승용,여,47세,경상
2020012000100551,2020년 1월 20일 18시,월요일,광주광역시 북구 운암동,경상사고,0,0,2,1,차대차 - 측면충돌,직진우회전진행방해,건조,맑음,교차로 - 교차로안,승합,남,30세,부상신고,승용,남,34세,경상
2020012000100596,2020년 1월 20일 19시,월요일,광주광역시 광산구 산월동,중상사고,0,1,0,0,차대차 - 기타,안전운전불이행,건조,맑음,단일로 - 기타,승용,남,64세,상해없음,이륜,남,27세,중상
2020012000100597,2020년 1월 20일 19시,월요일,광주광역시 광산구 도산동,경상사고,0,0,1,0,차량단독 - 기타,안전운전불이행,건조,맑음,교차로 - 교차로부근,승용,남,61세,상해없음,,,,
2020012000100625,2020년 1월 20일 20시,월요일,광주광역시 광산구 월계동,경상사고,0,0,1,0,차대차 - 측면충돌,교차로운행방법위반,건조,맑음,교차로 - 교차로안,승용,여,37세,상해없음,승용,남,25세,경상
2020012000100697,2020년 1월 20일 23시,월요일,광주광역시 남구 서동,부상신고사고,0,0,0,1,차대사람 - 횡단중,보행자보호의무위반,건조,맑음,교차로 - 교차로횡단보도내,승용,남,28세,상해없음,보행자,남,51세,부상신고
2020012100100057,2020년 1월 21일 05시,화요일,광주광역시 북구 운암동,중상사고,0,1,0,0,차대사람 - 횡단중,안전운전불이행,건조,맑음,교차로 - 교차로횡단보도내,승용,남,67세,상해없음,보행자,남,67세,중상
2020012100100179,2020년 1월 21일 09시,화요일,광주광역시 서구 치평동,경상사고,0,0,1,0,차대차 - 측면충돌,안전거리미확보,건조,맑음,단일로 - 기타,승용,여,46세,상해없음,승용,여,27세,경상
2020012100100180,2020년 1월 21일 09시,화요일,광주광역시 서구 농성동,경상사고,0,0,3,0,차대차 - 측면충돌,안전거리미확보,건조,맑음,단일로 - 기타,승용,남,60세,경상,승용,남,65세,경상
2020012100100181,2020년 1월 21일 09시,화요일,광주광역시 북구 동림동,경상사고,0,0,2,0,차대차 - 추돌,안전운전불이행,건조,흐림,교차로 - 교차로부근,승용,여,58세,상해없음,승용,여,56세,경상
2020012100100251,2020년 1월 21일 11시,화요일,광주광역시 북구 양산동,경상사고,0,0,1,0,차대차 - 추돌,안전운전불이행,건조,맑음,교차로 - 교차로부근,승용,남,40세,상해없음,승용,여,39세,경상
2020012100100252,2020년 1월 21일 11시,화요일,광주광역시 북구 오치동,경상사고,0,0,3,0,차대차 - 측면충돌,안전운전불이행,건조,맑음,교차로 - 교차로안,승용,여,42세,상해없음,승용,여,54세,경상
2020012100100293,2020년 1월 21일 12시,화요일,광주광역시 남구 주월동,경상사고,0,0,5,0,차대차 - 측면충돌,안전운전불이행,건조,맑음,단일로 - 기타,기타불명,기타불명,미분류,기타불명,승합,남,39세,경상
2020012100100294,2020년 1월 21일 12시,화요일,광주광역시 남구 봉선동,중상사고,0,1,0,0,차대사람 - 횡단중,보행자보호의무위반,건조,맑음,단일로 - 기타,건설기계,남,56세,상해없음,보행자,여,54세,중상
2020012100100295,2020년 1월 21일 12시,화요일,광주광역시 북구 장등동,경상사고,0,0,3,0,차대차 - 기타,안전거리미확보,건조,맑음,단일로 - 기타,승합,남,67세,경상,건설기계,남,42세,경상
2020012100100343,2020년 1월 21일 13시,화요일,광주광역시 동구 지산동,중상사고,0,1,0,0,차대차 - 기타,안전운전불이행,건조,맑음,단일로 - 기타,승용,남,71세,상해없음,자전거,여,74세,중상
2020012100100344,2020년 1월 21일 13시,화요일,광주광역시 남구 백운동,중상사고,0,1,0,0,차대사람 - 횡단중,안전운전불이행,건조,맑음,교차로 - 교차로안,승용,여,50세,상해없음,보행자,여,84세,중상
2020012100100389,2020년 1월 21일 14시,화요일,광주광역시 남구 백운동,경상사고,0,0,1,0,차대차 - 측면충돌,안전거리미확보,건조,맑음,단일로 - 기타,화물,남,49세,상해없음,승용,남,53세,경상
2020012100100390,2020년 1월 21일 14시,화요일,광주광역시 북구 각화동,경상사고,0,0,1,0,차대차 - 기타,안전운전불이행,건조,맑음,단일로 - 기타,승용,여,57세,상해없음,승용,여,61세,경상
2020012100100391,2020년 1월 21일 14시,화요일,광주광역시 광산구 신촌동,경상사고,0,0,5,0,차대차 - 측면충돌,안전거리미확보,건조,맑음,단일로 - 교량,승용,남,23세,경상,승용,남,47세,경상
2020012100100444,2020년 1월 21일 15시,화요일,광주광역시 남구 봉선동,경상사고,0,0,3,0,차대차 - 측면충돌,안전운전불이행,건조,맑음,단일로 - 기타,원동기,남,81세,상해없음,승용,여,50세,경상
2020012100100482,2020년 1월 21일 16시,화요일,광주광역시 서구 내방동,경상사고,0,0,1,0,차대차 - 측면충돌,안전운전불이행,건조,맑음,단일로 - 기타,자전거,남,75세,경상,승용,남,24세,상해없음
2020012100100483,2020년 1월 21일 16시,화요일,광주광역시 광산구 신창동,사망사고,1,0,0,0,차대차 - 측면충돌,안전운전불이행,건조,맑음,교차로 - 교차로안,승용,남,50세,상해없음,이륜,남,57세,사망
2020012100100533,2020년 1월 21일 17시,화요일,광주광역시 서구 용두동,중상사고,0,1,0,0,차대차 - 추돌,안전거리미확보,건조,맑음,단일로 - 기타,자전거,남,42세,중상,승용,남,19세,상해없음
2020012100100534,2020년 1월 21일 17시,화요일,광주광역시 서구 매월동,중상사고,0,1,0,0,차대차 - 기타,안전운전불이행,건조,맑음,교차로 - 교차로부근,화물,남,69세,상해없음,승용,남,45세,상해없음
2020012100100535,2020년 1월 21일 17시,화요일,광주광역시 서구 풍암동,경상사고,0,0,1,0,차대사람 - 횡단중,보행자보호의무위반,건조,맑음,교차로 - 교차로횡단보도내,승용,여,50세,상해없음,보행자,남,12세,경상
2020012100100605,2020년 1월 21일 18시,화요일,광주광역시 동구 소태동,경상사고,0,0,1,0,차대차 - 측면충돌,직진우회전진행방해,건조,흐림,교차로 - 교차로안,승용,여,50세,상해없음,이륜,남,20세,경상
2020012100100606,2020년 1월 21일 18시,화요일,광주광역시 남구 월산동,경상사고,0,0,1,0,차대차 - 측면충돌,신호위반,건조,맑음,교차로 - 교차로안,승용,남,72세,상해없음,승용,여,25세,경상
2020012100100607,2020년 1월 21일 18시,화요일,광주광역시 북구 양산동,경상사고,0,0,1,0,차대차 - 측면충돌,안전거리미확보,건조,맑음,교차로 - 교차로안,화물,남,39세,상해없음,승용,남,36세,경상
2020012100100652,2020년 1월 21일 19시,화요일,광주광역시 광산구 산정동,경상사고,0,0,1,0,차대차 - 추돌,안전운전불이행,건조,맑음,교차로 - 교차로부근,승용,남,41세,상해없음,승용,남,49세,경상
2020012100100680,2020년 1월 21일 20시,화요일,광주광역시 동구 소태동,경상사고,0,0,1,0,차대차 - 추돌,안전운전불이행,건조,맑음,단일로 - 기타,승합,남,60세,상해없음,승용,남,31세,경상
2020012100100681,2020년 1월 21일 20시,화요일,광주광역시 북구 삼각동,중상사고,0,1,0,0,차대차 - 측면충돌,안전운전불이행,건조,맑음,교차로 - 교차로안,승용,남,58세,상해없음,이륜,여,50세,중상
2020012100100705,2020년 1월 21일 21시,화요일,광주광역시 북구 용봉동,경상사고,0,0,2,0,차대차 - 기타,안전운전불이행,건조,맑음,단일로 - 기타,이륜,남,29세,상해없음,승용,남,40세,경상
2020012100100706,2020년 1월 21일 21시,화요일,광주광역시 광산구 도천동,경상사고,0,0,1,0,차대차 - 기타,불법유턴,건조,맑음,단일로 - 기타,화물,남,59세,상해없음,승용,남,36세,경상
2020012100100707,2020년 1월 21일 21시,화요일,광주광역시 광산구 도산동,경상사고,0,0,1,0,차대사람 - 길가장자리구역통행중,안전운전불이행,건조,맑음,단일로 - 기타,기타불명,기타불명,미분류,기타불명,보행자,남,42세,경상
2020012100100727,2020년 1월 21일 22시,화요일,광주광역시 서구 농성동,경상사고,0,0,2,0,차대차 - 측면충돌,교차로운행방법위반,건조,맑음,교차로 - 교차로안,승용,여,59세,경상,승용,여,44세,경상
2020012100100728,2020년 1월 21일 22시,화요일,광주광역시 광산구 월계동,부상신고사고,0,0,0,1,차대차 - 정면충돌,안전운전불이행,건조,맑음,교차로 - 교차로안,승용,남,62세,부상신고,승용,남,62세,상해없음
2020012100100752,2020년 1월 21일 23시,화요일,광주광역시 서구 농성동,중상사고,0,1,5,0,차대차 - 기타,신호위반,건조,맑음,교차로 - 교차로안,승용,남,20세,상해없음,승용,남,53세,경상
2020012100100753,2020년 1월 21일 23시,화요일,광주광역시 광산구 운남동,경상사고,0,0,1,0,차대차 - 추돌,안전운전불이행,건조,맑음,교차로 - 교차로부근,승용,남,38세,상해없음,승용,남,67세,상해없음
2020012200100034,2020년 1월 22일 02시,수요일,광주광역시 서구 풍암동,중상사고,0,1,0,0,차량단독 - 기타,안전운전불이행,건조,맑음,단일로 - 기타,이륜,남,42세,중상,,,,
2020012200100069,2020년 1월 22일 06시,수요일,광주광역시 남구 구동,중상사고,0,1,0,0,차대차 - 기타,신호위반,건조,흐림,교차로 - 교차로안,기타불명,기타불명,미분류,기타불명,자전거,남,49세,중상
2020012200100117,2020년 1월 22일 08시,수요일,광주광역시 서구 농성동,경상사고,0,0,2,1,차대차 - 기타,중앙선침범,젖음/습기,비,단일로 - 기타,승용,여,50세,부상신고,승용,남,60세,경상
2020012200100150,2020년 1월 22일 09시,수요일,광주광역시 서구 화정동,경상사고,0,0,1,0,차대차 - 기타,안전거리미확보,젖음/습기,비,단일로 - 기타,승용,여,63세,상해없음,승용,여,25세,경상
2020012200100176,2020년 1월 22일 10시,수요일,광주광역시 남구 송하동,경상사고,0,0,1,0,차대차 - 추돌,안전거리미확보,건조,맑음,단일로 - 기타,승용,남,37세,상해없음,승용,남,30세,상해없음
2020012200100177,2020년 1월 22일 10시,수요일,광주광역시 북구 두암동,중상사고,0,1,0,0,차대사람 - 횡단중,안전운전불이행,건조,맑음,단일로 - 기타,승합,남,60세,상해없음,보행자,여,67세,중상
2020012200100236,2020년 1월 22일 12시,수요일,광주광역시 북구 양산동,경상사고,0,0,1,0,차대차 - 측면충돌,신호위반,젖음/습기,비,단일로 - 기타,승용,남,61세,상해없음,이륜,남,40세,경상
2020012200100305,2020년 1월 22일 14시,수요일,광주광역시 동구 학동,경상사고,0,0,2,0,차대사람 - 횡단중,보행자보호의무위반,건조,맑음,단일로 - 기타,승용,여,59세,상해없음,보행자,여,34세,경상
2020012200100306,2020년 1월 22일 14시,수요일,광주광역시 광산구 월계동,경상사고,0,0,1,0,차대사람 - 횡단중,안전운전불이행,젖음/습기,비,교차로 - 교차로부근,승용,남,49세,상해없음,보행자,여,30세,경상
2020012200100307,2020년 1월 22일 14시,수요일,광주광역시 광산구 수완동,경상사고,0,0,2,0,차대차 - 측면충돌,차로위반,젖음/습기,비,교차로 - 교차로부근,승용,남,61세,경상,화물,남,36세,경상
2020012200100343,2020년 1월 22일 15시,수요일,광주광역시 북구 운암동,경상사고,0,0,4,1,차대차 - 측면충돌,교차로운행방법위반,젖음/습기,비,교차로 - 교차로안,승용,여,34세,상해없음,승용,남,19세,경상
2020012200100391,2020년 1월 22일 16시,수요일,광주광역시 서구 풍암동,경상사고,0,0,1,0,차대차 - 추돌,안전운전불이행,건조,맑음,교차로 - 교차로부근,화물,남,50세,상해없음,화물,남,31세,상해없음
2020012200100392,2020년 1월 22일 16시,수요일,광주광역시 서구 화정동,경상사고,0,0,4,0,차대차 - 측면충돌,안전거리미확보,건조,맑음,단일로 - 기타,승용,남,52세,경상,승용,남,47세,경상
2020012200100393,2020년 1월 22일 16시,수요일,광주광역시 북구 일곡동,경상사고,0,0,1,0,차대차 - 기타,안전거리미확보,젖음/습기,비,교차로 - 교차로부근,승용,남,18세,상해없음,승용,여,43세,경상
2020012200100394,2020년 1월 22일 16시,수요일,광주광역시 광산구 산정동,경상사고,0,0,2,0,차대차 - 측면충돌,안전운전불이행,젖음/습기,비,단일로 - 기타,승합,남,61세,경상,승용,남,49세,경상
2020012200100395,2020년 1월 22일 16시,수요일,광주광역시 광산구 쌍암동,경상사고,0,0,1,0,차대차 - 측면충돌,안전운전불이행,젖음/습기,맑음,교차로 - 교차로부근,승용,여,42세,상해없음,승용,남,34세,경상
2020012200100451,2020년 1월 22일 17시,수요일,광주광역시 동구 수기동,경상사고,0,0,1,1,차대차 - 기타,안전거리미확보,젖음/습기,비,단일로 - 기타,승용,남,43세,부상신고,승용,남,61세,경상
2020012200100452,2020년 1월 22일 17시,수요일,광주광역시 서구 유촌동,경상사고,0,0,2,0,차대차 - 측면충돌,안전운전불이행,젖음/습기,비,단일로 - 기타,화물,남,40세,상해없음,승용,여,63세,경상
2020012200100453,2020년 1월 22일 17시,수요일,광주광역시 북구 동림동,경상사고,0,0,3,0,차대차 - 기타,안전운전불이행,젖음/습기,비,단일로 - 기타,승용,여,57세,경상,승용,여,42세,경상
2020012200100454,2020년 1월 22일 17시,수요일,광주광역시 광산구 신가동,경상사고,0,0,1,0,차대차 - 측면충돌,안전운전불이행,건조,맑음,단일로 - 기타,승합,남,60세,상해없음,승용,남,20세,경상
2020012200100525,2020년 1월 22일 18시,수요일,광주광역시 서구 금호동,경상사고,0,0,1,0,차대사람 - 기타,안전운전불이행,건조,흐림,단일로 - 기타,승용,남,43세,상해없음,보행자,남,52세,경상
2020012200100526,2020년 1월 22일 18시,수요일,광주광역시 남구 주월동,사망사고,1,0,0,0,차대사람 - 기타,안전운전불이행,젖음/습기,비,교차로 - 교차로안,승용,남,76세,상해없음,보행자,여,78세,사망
2020012200100527,2020년 1월 22일 18시,수요일,광주광역시 북구 용봉동,경상사고,0,0,1,0,차대사람 - 보도통행중,안전운전불이행,건조,맑음,단일로 - 기타,승용,여,55세,상해없음,보행자,여,51세,경상
2020012200100593,2020년 1월 22일 19시,수요일,광주광역시 남구 서동,경상사고,0,0,1,0,차대차 - 측면충돌,안전거리미확보,건조,맑음,교차로 - 교차로부근,화물,남,61세,상해없음,승용,남,26세,경상
2020012200100594,2020년 1월 22일 19시,수요일,광주광역시 북구 매곡동,경상사고,0,0,1,0,차대사람 - 횡단중,안전운전불이행,젖음/습기,비,교차로 - 교차로안,승용,남,55세,상해없음,보행자,남,37세,경상
2020012200100595,2020년 1월 22일 19시,수요일,광주광역시 광산구 장덕동,경상사고,0,0,3,0,차대차 - 기타,교차로운행방법위반,젖음/습기,비,교차로 - 교차로안,승용,여,46세,경상,승용,여,54세,경상
2020012200100641,2020년 1월 22일 20시,수요일,광주광역시 북구 연제동,경상사고,0,0,1,0,차대차 - 측면충돌,안전거리미확보,젖음/습기,비,단일로 - 기타,승용,남,40세,상해없음,승용,여,28세,경상
2020012200100642,2020년 1월 22일 20시,수요일,광주광역시 북구 용봉동,경상사고,0,0,3,0,차대차 - 기타,안전운전불이행,젖음/습기,비,단일로 - 기타,승용,남,60세,경상,승합,남,41세,경상
2020012200100673,2020년 1월 22일 21시,수요일,광주광역시 서구 치평동,경상사고,0,0,2,0,차대차 - 측면충돌,안전운전불이행,젖음/습기,비,교차로 - 교차로안,승용,남,39세,경상,승용,여,25세,경상
2020012200100674,2020년 1월 22일 21시,수요일,광주광역시 북구 용봉동,경상사고,0,0,1,0,차대사람 - 보도통행중,보행자보호의무위반,젖음/습기,비,교차로 - 교차로안,승용,남,56세,상해없음,보행자,여,28세,경상
2020012200100703,2020년 1월 22일 22시,수요일,광주광역시 서구 쌍촌동,경상사고,0,0,3,0,차대차 - 측면충돌,안전운전불이행,젖음/습기,비,단일로 - 기타,승용,남,23세,경상,승용,남,51세,경상
2020012200100704,2020년 1월 22일 22시,수요일,광주광역시 북구 두암동,부상신고사고,0,0,0,1,차대차 - 기타,교차로운행방법위반,건조,맑음,교차로 - 교차로안,승용,남,58세,상해없음,승용,남,22세,부상신고
2020012200100706,2020년 1월 22일 22시,수요일,광주광역시 광산구 쌍암동,경상사고,0,0,2,0,차대차 - 추돌,안전거리미확보,젖음/습기,비,단일로 - 기타,승용,남,32세,상해없음,승용,남,44세,경상
2020012200100739,2020년 1월 22일 23시,수요일,광주광역시 동구 계림동,경상사고,0,0,3,1,차대차 - 기타,교차로운행방법위반,건조,맑음,교차로 - 교차로안,승용,남,24세,경상,승용,남,56세,경상
2020012200100740,2020년 1월 22일 23시,수요일,광주광역시 광산구 월계동,경상사고,0,0,1,0,차대차 - 측면충돌,신호위반,젖음/습기,비,교차로 - 교차로안,승용,남,69세,상해없음,원동기,남,39세,경상
2020012300100017,2020년 1월 23일 00시,목요일,광주광역시 북구 용두동,경상사고,0,0,6,0,차대차 - 기타,안전운전불이행,젖음/습기,비,단일로 - 기타,승용,남,26세,경상,승용,남,41세,경상
2020012300100041,2020년 1월 23일 02시,목요일,광주광역시 북구 운암동,경상사고,0,0,1,0,차량단독 - 공작물충돌,안전운전불이행,건조,맑음,단일로 - 기타,승용,남,50세,상해없음,,,,
2020012300100054,2020년 1월 23일 03시,목요일,광주광역시 북구 양산동,경상사고,0,0,1,0,차량단독 - 기타,기타,건조,맑음,단일로 - 기타,승용,남,71세,상해없음,,,,
2020012300100065,2020년 1월 23일 04시,목요일,광주광역시 북구 유동,경상사고,0,0,1,0,차대차 - 측면충돌,신호위반,젖음/습기,비,교차로 - 교차로안,승합,남,63세,상해없음,승용,여,42세,경상
2020012300100066,2020년 1월 23일 04시,목요일,광주광역시 북구 두암동,중상사고,0,1,2,0,차대차 - 측면충돌,신호위반,건조,맑음,교차로 - 교차로안,승용,남,44세,상해없음,승용,남,24세,중상
2020012300100106,2020년 1월 23일 07시,목요일,광주광역시 서구 서창동,경상사고,0,0,1,0,차대차 - 기타,안전운전불이행,건조,맑음,단일로 - 기타,화물,남,26세,상해없음,승용,남,45세,경상