사고번호,사고일시,요일,시군구,사고내용,사망자수,중상자수,경상자수,부상신고자수,사고유형,법규위반,노면상태,기상상태,도로형태,가해운전자 차종,가해운전자 성별,가해운전자 연령,가해운전자 상해정도,피해운전자 차종,피해운전자 성별,피해운전자 연령,피해운전자 상해정도
2020021500100060,2020년 2월 15일 03시,토요일,광주광역시 서구 치평동,경상사고,0,0,1,0,차대차 - 측면충돌,안전운전불이행,건조,맑음,단일로 - 기타,기타불명,기타불명,미분류,기타불명,승용,여,49세,경상
2020021500100061,2020년 2월 15일 03시,토요일,광주광역시 북구 오치동,경상사고,0,0,1,0,차량단독 - 공작물충돌,안전운전불이행,건조,맑음,단일로 - 기타,이륜,남,18세,경상,,,,
2020021500100167,2020년 2월 15일 10시,토요일,광주광역시 북구 동림동,경상사고,0,0,2,0,차대차 - 측면충돌,안전운전불이행,건조,맑음,단일로 - 기타,화물,남,37세,경상,승용,남,28세,경상
2020021500100296,2020년 2월 15일 14시,토요일,광주광역시 서구 동천동,경상사고,0,0,3,0,차대차 - 기타,직진우회전진행방해,젖음/습기,흐림,교차로 - 교차로안,승용,여,54세,경상,승용,여,40세,경상
2020021500100324,2020년 2월 15일 15시,토요일,광주광역시 서구 풍암동,경상사고,0,0,1,0,차대차 - 측면충돌,신호위반,건조,맑음,교차로 - 교차로안,승용,여,51세,상해없음,이륜,남,26세,경상
2020021500100354,2020년 2월 15일 16시,토요일,광주광역시 북구 운암동,경상사고,0,0,1,0,차대차 - 측면충돌,안전거리미확보,젖음/습기,비,교차로 - 교차로안,특수,남,55세,상해없음,승용,여,72세,경상
2020021500100355,2020년 2월 15일 16시,토요일,광주광역시 북구 삼각동,경상사고,0,0,1,0,차대차 - 추돌,안전거리미확보,건조,맑음,단일로 - 기타,승용,남,55세,상해없음,승용,남,52세,경상
2020021500100356,2020년 2월 15일 16시,토요일,광주광역시 광산구 쌍암동,경상사고,0,0,2,0,차대차 - 측면충돌,안전운전불이행,젖음/습기,비,단일로 - 기타,승용,여,45세,경상,승용,남,28세,경상
2020021500100440,2020년 2월 15일 18시,토요일,광주광역시 서구 쌍촌동,경상사고,0,0,2,0,차대차 - 측면충돌,안전운전불이행,젖음/습기,비,교차로 - 교차로안,승용,남,32세,경상,이륜,남,46세,경상
2020021500100441,2020년 2월 15일 18시,토요일,광주광역시 북구 용봉동,경상사고,0,0,1,0,차대차 - 추돌,안전운전불이행,젖음/습기,비,단일로 - 기타,승용,여,25세,상해없음,승용,남,68세,경상
2020021500100442,2020년 2월 15일 18시,토요일,광주광역시 북구 운암동,경상사고,0,0,3,0,차대차 - 측면충돌,안전운전불이행,젖음/습기,흐림,단일로 - 기타,승용,남,22세,상해없음,승용,남,58세,경상
2020021500100443,2020년 2월 15일 18시,토요일,광주광역시 북구 두암동,경상사고,0,0,1,0,차대차 - 기타,안전운전불이행,건조,맑음,단일로 - 기타,승용,남,30세,기타불명,이륜,남,25세,경상
2020021500100469,2020년 2월 15일 19시,토요일,광주광역시 서구 화정동,경상사고,0,0,1,0,차대사람 - 횡단중,신호위반,젖음/습기,흐림,단일로 - 기타,원동기,남,42세,상해없음,보행자,여,15세,경상
2020021500100503,2020년 2월 15일 20시,토요일,광주광역시 남구 주월동,경상사고,0,0,1,0,차대차 - 정면충돌,안전운전불이행,젖음/습기,비,교차로 - 교차로안,승합,남,40세,상해없음,승용,남,25세,경상
2020021500100542,2020년 2월 15일 21시,토요일,광주광역시 서구 광천동,경상사고,0,0,1,0,차대차 - 측면충돌,안전운전불이행,건조,맑음,교차로 - 교차로부근,승용,남,42세,상해없음,승용,남,32세,경상
2020021500100586,2020년 2월 15일 22시,토요일,광주광역시 남구 주월동,경상사고,0,0,2,0,차대차 - 추돌,안전운전불이행,젖음/습기,비,단일로 - 기타,승용,남,53세,상해없음,승용,남,21세,경상
2020021600100022,2020년 2월 16일 00시,일요일,광주광역시 서구 쌍촌동,경상사고,0,0,2,0,차대차 - 후진중충돌,안전운전불이행,젖음/습기,비,단일로 - 기타,승용,남,44세,상해없음,승용,남,22세,경상
2020021600100068,2020년 2월 16일 02시,일요일,광주광역시 서구 치평동,경상사고,0,0,2,0,차대사람 - 횡단중,신호위반,젖음/습기,비,교차로 - 교차로횡단보도내,승용,남,34세,상해없음,보행자,남,22세,경상
2020021600100086,2020년 2월 16일 03시,일요일,광주광역시 서구 화정동,경상사고,0,0,1,0,차대사람 - 기타,안전운전불이행,젖음/습기,비,교차로 - 교차로안,승용,남,62세,상해없음,보행자,남,38세,경상
2020021600100101,2020년 2월 16일 04시,일요일,광주광역시 남구 봉선동,경상사고,0,0,1,0,차대사람 - 횡단중,안전운전불이행,건조,맑음,교차로 - 교차로안,승용,남,24세,상해없음,보행자,남,22세,경상
2020021600100170,2020년 2월 16일 10시,일요일,광주광역시 광산구 장덕동,경상사고,0,0,1,0,차대차 - 정면충돌,안전운전불이행,젖음/습기,눈,교차로 - 교차로부근,승용,남,59세,상해없음,승합,남,24세,경상
2020021600100214,2020년 2월 16일 12시,일요일,광주광역시 서구 쌍촌동,중상사고,0,1,0,0,차대차 - 측면충돌,안전거리미확보,건조,맑음,단일로 - 기타,승용,남,48세,상해없음,이륜,남,23세,중상
2020021600100265,2020년 2월 16일 14시,일요일,광주광역시 서구 금호동,경상사고,0,0,3,0,차대차 - 측면충돌,신호위반,건조,흐림,교차로 - 교차로안,승용,여,44세,경상,승용,남,50세,경상
2020021600100290,2020년 2월 16일 15시,일요일,광주광역시 북구 문흥동,경상사고,0,0,3,0,차대차 - 측면충돌,교차로운행방법위반,적설,눈,교차로 - 교차로안,승용,남,33세,경상,승용,남,44세,경상
2020021600100291,2020년 2월 16일 15시,일요일,광주광역시 광산구 월계동,경상사고,0,0,2,0,차대차 - 측면충돌,안전거리미확보,기타,눈,교차로 - 교차로부근,승용,남,25세,상해없음,승용,남,22세,경상
2020021600100414,2020년 2월 16일 19시,일요일,광주광역시 서구 벽진동,경상사고,0,0,3,0,차대차 - 측면충돌,교차로운행방법위반,젖음/습기,눈,교차로 - 교차로안,승용,남,55세,상해없음,승용,남,36세,경상
2020021600100415,2020년 2월 16일 19시,일요일,광주광역시 광산구 수완동,부상신고사고,0,0,0,1,차대차 - 기타,교차로운행방법위반,적설,눈,교차로 - 교차로안,승용,여,42세,상해없음,이륜,남,24세,부상신고
2020021600100439,2020년 2월 16일 20시,일요일,광주광역시 서구 화정동,중상사고,0,1,1,0,차대차 - 추돌,안전운전불이행,젖음/습기,눈,교차로 - 교차로부근,승용,남,46세,상해없음,승용,남,47세,경상
2020021600100440,2020년 2월 16일 20시,일요일,광주광역시 북구 중흥동,경상사고,0,0,5,0,차대차 - 측면충돌,안전운전불이행,젖음/습기,눈,단일로 - 기타,승용,남,62세,상해없음,화물,남,65세,경상
2020021600100465,2020년 2월 16일 21시,일요일,광주광역시 서구 풍암동,경상사고,0,0,2,0,차대사람 - 차도통행중,안전운전불이행,건조,흐림,교차로 - 교차로안,승용,남,54세,상해없음,보행자,여,36세,경상
2020021600100466,2020년 2월 16일 21시,일요일,광주광역시 광산구 월계동,경상사고,0,0,1,0,차대차 - 측면충돌,안전운전불이행,서리/결빙,눈,기타 - 기타,화물,남,53세,상해없음,승용,남,65세,상해없음
2020021700100027,2020년 2월 17일 05시,월요일,광주광역시 북구 풍향동,경상사고,0,0,2,0,차대차 - 추돌,안전운전불이행,적설,눈,단일로 - 기타,화물,남,54세,상해없음,승용,남,73세,경상
2020021700100066,2020년 2월 17일 07시,월요일,광주광역시 서구 농성동,경상사고,0,0,1,0,차대차 - 측면충돌,안전운전불이행,서리/결빙,눈,교차로 - 교차로안,승용,남,49세,상해없음,승용,여,64세,경상
2020021700100067,2020년 2월 17일 07시,월요일,광주광역시 광산구 신촌동,경상사고,0,0,2,0,차대차 - 측면충돌,안전운전불이행,서리/결빙,눈,교차로 - 교차로부근,승용,남,25세,상해없음,승용,남,32세,경상
2020021700100104,2020년 2월 17일 08시,월요일,광주광역시 북구 두암동,경상사고,0,0,1,0,차대차 - 추돌,안전운전불이행,서리/결빙,눈,단일로 - 기타,승용,남,59세,상해없음,승용,남,63세,경상
2020021700100105,2020년 2월 17일 08시,월요일,광주광역시 광산구 신창동,경상사고,0,0,1,0,차대차 - 추돌,안전거리미확보,서리/결빙,맑음,교차로 - 교차로횡단보도내,승용,여,32세,상해없음,승용,여,36세,경상
2020021700100106,2020년 2월 17일 08시,월요일,광주광역시 광산구 신촌동,경상사고,0,0,2,0,차대차 - 추돌,안전운전불이행,서리/결빙,눈,단일로 - 교량,승용,여,24세,상해없음,승용,여,24세,경상
2020021700100107,2020년 2월 17일 08시,월요일,광주광역시 광산구 하남동,경상사고,0,0,1,0,차대차 - 정면충돌,안전운전불이행,서리/결빙,맑음,단일로 - 기타,승용,여,36세,상해없음,승용,여,42세,경상
2020021700100155,2020년 2월 17일 09시,월요일,광주광역시 동구 학동,경상사고,0,0,2,1,차대차 - 측면충돌,신호위반,적설,눈,교차로 - 교차로안,승용,남,77세,부상신고,화물,남,68세,경상
2020021700100156,2020년 2월 17일 09시,월요일,광주광역시 서구 쌍촌동,경상사고,0,0,1,0,차대차 - 추돌,안전운전불이행,서리/결빙,눈,교차로 - 교차로부근,승용,남,26세,상해없음,승용,여,36세,경상
2020021700100190,2020년 2월 17일 10시,월요일,광주광역시 서구 농성동,중상사고,0,1,0,0,차대사람 - 횡단중,보행자보호의무위반,젖음/습기,눈,단일로 - 기타,승용,여,65세,상해없음,보행자,남,67세,중상
2020021700100224,2020년 2월 17일 11시,월요일,광주광역시 광산구 산월동,경상사고,0,0,1,0,차대차 - 추돌,안전운전불이행,건조,맑음,교차로 - 교차로부근,승용,여,49세,상해없음,승용,여,52세,경상
2020021700100249,2020년 2월 17일 12시,월요일,광주광역시 서구 매월동,경상사고,0,0,1,0,차대차 - 측면충돌,교차로운행방법위반,건조,맑음,교차로 - 교차로안,특수,남,61세,상해없음,승용,남,47세,경상
2020021700100250,2020년 2월 17일 12시,월요일,광주광역시 북구 운암동,경상사고,0,0,1,0,차대사람 - 기타,안전운전불이행,젖음/습기,눈,교차로 - 교차로안,승용,여,63세,상해없음,보행자,여,19세,경상
2020021700100251,2020년 2월 17일 12시,월요일,광주광역시 북구 동림동,경상사고,0,0,1,0,차대차 - 기타,안전운전불이행,젖음/습기,눈,단일로 - 기타,승용,남,51세,상해없음,승용,남,42세,경상
2020021700100252,2020년 2월 17일 12시,월요일,광주광역시 광산구 월계동,경상사고,0,0,1,0,차대사람 - 기타,안전운전불이행,건조,맑음,단일로 - 기타,승용,남,74세,상해없음,보행자,남,67세,경상
2020021700100382,2020년 2월 17일 15시,월요일,광주광역시 광산구 송산동,경상사고,0,0,3,0,차대차 - 측면충돌,안전운전불이행,서리/결빙,눈,단일로 - 기타,화물,남,18세,상해없음,승용,여,65세,경상
2020021700100421,2020년 2월 17일 16시,월요일,광주광역시 광산구 장수동,경상사고,0,0,1,0,차대차 - 추돌,안전거리미확보,서리/결빙,맑음,단일로 - 터널,승용,여,45세,상해없음,승용,남,31세,경상
2020021700100422,2020년 2월 17일 16시,월요일,광주광역시 광산구 장수동,경상사고,0,0,1,0,차대차 - 추돌,안전거리미확보,서리/결빙,눈,단일로 - 기타,화물,남,60세,상해없음,승용,남,32세,경상
2020021700100455,2020년 2월 17일 17시,월요일,광주광역시 서구 금호동,중상사고,0,1,0,0,차대차 - 기타,신호위반,건조,맑음,단일로 - 기타,승용,남,55세,상해없음,개인형이동수단(PM),남,42세,중상
2020021700100456,2020년 2월 17일 17시,월요일,광주광역시 광산구 월곡동,경상사고,0,0,1,0,차대차 - 추돌,안전운전불이행,젖음/습기,눈,교차로 - 교차로부근,승용,남,44세,상해없음,승용,남,62세,경상
2020021700100510,2020년 2월 17일 18시,월요일,광주광역시 광산구 월계동,경상사고,0,0,1,0,차대차 - 추돌,안전거리미확보,서리/결빙,눈,기타 - 기타,승용,남,50세,기타불명,승용,남,27세,경상
2020021700100608,2020년 2월 17일 20시,월요일,광주광역시 북구 양산동,경상사고,0,0,3,0,차대차 - 추돌,안전운전불이행,서리/결빙,눈,단일로 - 기타,승용,남,43세,상해없음,승용,남,37세,경상
2020021700100609,2020년 2월 17일 20시,월요일,광주광역시 북구 신안동,경상사고,0,0,2,0,차대차 - 기타,안전운전불이행,서리/결빙,눈,단일로 - 기타,승합,남,69세,상해없음,승용,남,50세,경상
2020021700100610,2020년 2월 17일 20시,월요일,광주광역시 북구 용봉동,경상사고,0,0,1,0,차대차 - 기타,안전운전불이행,서리/결빙,눈,단일로 - 기타,승용,남,26세,상해없음,승용,남,28세,경상
2020021700100611,2020년 2월 17일 20시,월요일,광주광역시 광산구 송정동,경상사고,0,0,1,0,차대차 - 추돌,안전운전불이행,서리/결빙,눈,단일로 - 기타,승용,남,61세,상해없음,승용,여,21세,경상
2020021700100643,2020년 2월 17일 21시,월요일,광주광역시 서구 서창동,중상사고,0,1,0,0,차대차 - 기타,안전운전불이행,서리/결빙,눈,교차로 - 교차로부근,승용,남,68세,상해없음,승용,여,48세,중상
2020021700100644,2020년 2월 17일 21시,월요일,광주광역시 서구 매월동,경상사고,0,0,1,0,차대차 - 측면충돌,안전운전불이행,건조,흐림,단일로 - 기타,승용,남,33세,상해없음,승용,여,46세,경상
2020021700100645,2020년 2월 17일 21시,월요일,광주광역시 광산구 신촌동,경상사고,0,0,2,0,차대차 - 기타,안전운전불이행,서리/결빙,눈,단일로 - 교량,화물,남,23세,상해없음,승용,남,56세,경상
2020021700100646,2020년 2월 17일 21시,월요일,광주광역시 광산구 소촌동,경상사고,0,0,1,0,차대차 - 측면충돌,신호위반,서리/결빙,눈,교차로 - 교차로안,승용,남,33세,상해없음,승용,여,34세,경상
2020021700100647,2020년 2월 17일 21시,월요일,광주광역시 광산구 흑석동,경상사고,0,0,2,0,차대차 - 추돌,안전운전불이행,서리/결빙,눈,교차로 - 교차로부근,승용,남,48세,상해없음,승용,여,32세,경상
2020021700100675,2020년 2월 17일 22시,월요일,광주광역시 북구 양산동,경상사고,0,0,1,0,차대차 - 기타,안전운전불이행,서리/결빙,눈,단일로 - 기타,승용,남,31세,기타불명,승용,남,57세,경상
2020021800100074,2020년 2월 18일 06시,화요일,광주광역시 북구 양산동,경상사고,0,0,1,0,차대차 - 추돌,안전운전불이행,건조,맑음,교차로 - 교차로안,기타불명,기타불명,미분류,기타불명,승용,여,47세,경상
2020021800100135,2020년 2월 18일 08시,화요일,광주광역시 서구 쌍촌동,경상사고,0,0,1,0,차대차 - 기타,안전운전불이행,건조,맑음,단일로 - 기타,기타불명,기타불명,미분류,기타불명,승용,남,34세,경상
2020021800100173,2020년 2월 18일 09시,화요일,광주광역시 서구 풍암동,경상사고,0,0,1,0,차대차 - 추돌,안전운전불이행,서리/결빙,눈,단일로 - 기타,승용,여,38세,상해없음,승용,여,39세,경상
2020021800100200,2020년 2월 18일 10시,화요일,광주광역시 동구 계림동,경상사고,0,0,2,0,차대차 - 추돌,안전거리미확보,건조,맑음,단일로 - 기타,승용,남,55세,상해없음,승용,남,47세,경상
2020021800100201,2020년 2월 18일 10시,화요일,광주광역시 남구 송하동,경상사고,0,0,1,0,차대차 - 기타,안전거리미확보,건조,맑음,단일로 - 기타,화물,여,62세,상해없음,화물,남,52세,경상
2020021800100202,2020년 2월 18일 10시,화요일,광주광역시 광산구 운남동,경상사고,0,0,1,0,차대차 - 정면충돌,안전운전불이행,서리/결빙,눈,단일로 - 기타,승용,남,54세,상해없음,승용,남,59세,경상
2020021800100235,2020년 2월 18일 11시,화요일,광주광역시 서구 매월동,경상사고,0,0,1,1,차대차 - 추돌,안전거리미확보,서리/결빙,맑음,단일로 - 기타,승용,남,29세,부상신고,승용,남,30세,경상
2020021800100270,2020년 2월 18일 12시,화요일,광주광역시 동구 학동,경상사고,0,0,1,0,차대차 - 기타,안전운전불이행,건조,맑음,단일로 - 기타,승용,남,66세,상해없음,이륜,남,21세,경상
2020021800100271,2020년 2월 18일 12시,화요일,광주광역시 광산구 송촌동,경상사고,0,0,1,0,차대차 - 측면충돌,안전운전불이행,건조,맑음,단일로 - 기타,화물,남,54세,상해없음,승용,남,27세,경상
2020021800100272,2020년 2월 18일 12시,화요일,광주광역시 광산구 신창동,경상사고,0,0,1,0,차대차 - 측면충돌,중앙선침범,건조,맑음,단일로 - 기타,화물,남,33세,상해없음,승용,남,36세,경상
2020021800100393,2020년 2월 18일 15시,화요일,광주광역시 서구 농성동,경상사고,0,0,2,0,차대차 - 측면충돌,안전거리미확보,건조,맑음,단일로 - 기타,승용,남,69세,상해없음,승용,남,51세,경상
2020021800100394,2020년 2월 18일 15시,화요일,광주광역시 북구 운암동,경상사고,0,0,2,0,차대차 - 추돌,안전운전불이행,건조,맑음,단일로 - 기타,승용,남,29세,상해없음,승용,남,60세,경상
2020021800100445,2020년 2월 18일 16시,화요일,광주광역시 광산구 쌍암동,경상사고,0,0,3,0,차대차 - 기타,안전거리미확보,건조,맑음,단일로 - 기타,승용,남,78세,상해없음,승용,여,38세,경상
2020021800100446,2020년 2월 18일 16시,화요일,광주광역시 광산구 산정동,경상사고,0,0,1,0,차대차 - 측면충돌,차로위반,건조,맑음,단일로 - 기타,화물,남,54세,상해없음,승용,남,43세,경상
2020021800100499,2020년 2월 18일 17시,화요일,광주광역시 서구 쌍촌동,경상사고,0,0,1,1,차대차 - 측면충돌,안전운전불이행,건조,맑음,교차로 - 교차로안,승용,남,51세,부상신고,승용,남,27세,경상
2020021800100500,2020년 2월 18일 17시,화요일,광주광역시 북구 두암동,경상사고,0,0,1,0,차대사람 - 기타,안전운전불이행,건조,맑음,교차로 - 교차로부근,승용,여,54세,상해없음,보행자,남,47세,경상
2020021800100501,2020년 2월 18일 17시,화요일,광주광역시 북구 운암동,경상사고,0,0,1,0,차대차 - 기타,안전운전불이행,건조,맑음,단일로 - 기타,승용,여,22세,상해없음,승용,남,54세,상해없음
2020021800100502,2020년 2월 18일 17시,화요일,광주광역시 북구 북동,경상사고,0,0,2,0,차대차 - 추돌,안전운전불이행,건조,맑음,교차로 - 교차로부근,화물,남,42세,상해없음,승용,남,62세,경상
2020021800100503,2020년 2월 18일 17시,화요일,광주광역시 광산구 도천동,경상사고,0,0,2,0,차대차 - 추돌,안전운전불이행,건조,맑음,단일로 - 터널,승용,여,47세,기타불명,승용,여,40세,경상
2020021800100504,2020년 2월 18일 17시,화요일,광주광역시 광산구 월계동,경상사고,0,0,2,0,차대차 - 추돌,안전운전불이행,서리/결빙,맑음,단일로 - 기타,승합,남,61세,경상,건설기계,남,61세,기타불명
2020021800100572,2020년 2월 18일 18시,화요일,광주광역시 북구 풍향동,경상사고,0,0,1,0,차대차 - 후진중충돌,안전운전불이행,건조,맑음,교차로 - 교차로부근,승용,기타불명,미분류,기타불명,승용,여,42세,경상
2020021800100573,2020년 2월 18일 18시,화요일,광주광역시 서구 치평동,경상사고,0,0,1,0,차대사람 - 횡단중,안전운전불이행,건조,맑음,교차로 - 교차로부근,승용,남,53세,상해없음,보행자,남,54세,경상
2020021800100574,2020년 2월 18일 18시,화요일,광주광역시 광산구 송정동,경상사고,0,0,2,0,차대차 - 측면충돌,차로위반,건조,맑음,교차로 - 교차로부근,승용,남,63세,상해없음,승용,남,27세,경상
2020021800100711,2020년 2월 18일 21시,화요일,광주광역시 광산구 도천동,경상사고,0,0,1,1,차대차 - 측면충돌,안전거리미확보,건조,맑음,교차로 - 교차로부근,승용,여,44세,부상신고,승용,여,37세,경상
2020021800100742,2020년 2월 18일 22시,화요일,광주광역시 서구 화정동,경상사고,0,0,3,0,차대차 - 측면충돌,안전운전불이행,건조,맑음,단일로 - 기타,승용,남,49세,경상,승용,남,71세,경상
2020021800100743,2020년 2월 18일 22시,화요일,광주광역시 북구 중흥동,경상사고,0,0,1,0,차대차 - 기타,안전운전불이행,건조,맑음,단일로 - 기타,승용,남,43세,상해없음,승용,남,29세,경상
2020021800100766,2020년 2월 18일 23시,화요일,광주광역시 서구 금호동,중상사고,0,1,1,0,차대차 - 측면충돌,신호위반,건조,맑음,교차로 - 교차로안,승용,남,64세,경상,원동기,남,47세,중상
2020021800100767,2020년 2월 18일 23시,화요일,광주광역시 남구 주월동,경상사고,0,0,2,0,차대차 - 추돌,안전운전불이행,건조,맑음,단일로 - 기타,승용,남,62세,상해없음,승용,남,56세,경상
2020021900100014,2020년 2월 19일 00시,수요일,광주광역시 광산구 운남동,경상사고,0,0,1,0,차대차 - 측면충돌,안전운전불이행,건조,맑음,교차로 - 교차로안,승용,남,28세,상해없음,이륜,남,50세,경상
2020021900100047,2020년 2월 19일 04시,수요일,광주광역시 북구 풍향동,경상사고,0,0,3,0,차대차 - 추돌,안전운전불이행,건조,맑음,교차로 - 교차로부근,승용,남,52세,상해없음,승용,남,66세,경상
2020021900100127,2020년 2월 19일 08시,수요일,광주광역시 광산구 장덕동,경상사고,0,0,1,0,차대차 - 측면충돌,신호위반,건조,맑음,교차로 - 교차로안,승용,여,47세,상해없음,승용,여,34세,경상
2020021900100267,2020년 2월 19일 12시,수요일,광주광역시 광산구 우산동,경상사고,0,0,1,0,차대사람 - 기타,안전운전불이행,건조,맑음,교차로 - 교차로부근,승용,남,54세,상해없음,보행자,남,41세,경상
2020021900100300,2020년 2월 19일 13시,수요일,광주광역시 남구 송하동,경상사고,0,0,3,0,차대차 - 측면충돌,안전거리미확보,건조,맑음,단일로 - 기타,화물,남,35세,상해없음,승용,여,52세,경상
2020021900100301,2020년 2월 19일 13시,수요일,광주광역시 북구 두암동,경상사고,0,0,1,0,차대차 - 후진중충돌,안전운전불이행,건조,맑음,교차로 - 교차로안,승용,남,73세,상해없음,이륜,남,32세,경상
2020021900100342,2020년 2월 19일 14시,수요일,광주광역시 서구 매월동,경상사고,0,0,3,0,차대차 - 추돌,안전운전불이행,건조,맑음,교차로 - 교차로부근,승용,남,25세,상해없음,승용,남,67세,경상
2020021900100480,2020년 2월 19일 17시,수요일,광주광역시 광산구 장덕동,경상사고,0,0,2,0,차대차 - 기타,안전거리미확보,건조,맑음,단일로 - 기타,승용,남,32세,상해없음,승용,남,36세,경상
2020021900100481,2020년 2월 19일 17시,수요일,광주광역시 광산구 우산동,경상사고,0,0,2,0,차대차 - 측면충돌,안전거리미확보,건조,맑음,단일로 - 기타,승용,남,29세,기타불명,승용,남,35세,경상
2020021900100532,2020년 2월 19일 18시,수요일,광주광역시 서구 농성동,경상사고,0,0,2,0,차대차 - 후진중충돌,안전운전불이행,건조,맑음,단일로 - 기타,승용,여,38세,상해없음,승용,남,24세,경상
2020021900100533,2020년 2월 19일 18시,수요일,광주광역시 북구 운암동,경상사고,0,0,5,0,차대차 - 측면충돌,차로위반,건조,맑음,단일로 - 기타,승용,여,55세,경상,승용,남,19세,경상
2020021900100580,2020년 2월 19일 19시,수요일,광주광역시 서구 화정동,경상사고,0,0,1,0,차대사람 - 길가장자리구역통행중,안전운전불이행,건조,맑음,단일로 - 기타,화물,남,28세,상해없음,보행자,여,53세,경상
2020021900100581,2020년 2월 19일 19시,수요일,광주광역시 서구 쌍촌동,경상사고,0,0,1,0,차대사람 - 횡단중,안전운전불이행,건조,맑음,단일로 - 기타,이륜,남,27세,상해없음,보행자,여,50세,경상
2020021900100624,2020년 2월 19일 20시,수요일,광주광역시 서구 풍암동,경상사고,0,0,3,0,차대차 - 측면충돌,차로위반,건조,흐림,단일로 - 기타,승용,남,27세,상해없음,승용,남,45세,경상
2020021900100625,2020년 2월 19일 20시,수요일,광주광역시 북구 두암동,부상신고사고,0,0,0,1,차대사람 - 기타,안전운전불이행,건조,흐림,단일로 - 기타,승용,남,40세,상해없음,보행자,남,20세,부상신고
2020021900100653,2020년 2월 19일 21시,수요일,광주광역시 광산구 오선동,중상사고,0,1,0,0,차대차 - 측면충돌,신호위반,건조,맑음,교차로 - 교차로안,승용,남,44세,상해없음,승용,남,47세,중상
2020022000100019,2020년 2월 20일 00시,목요일,광주광역시 북구 중흥동,경상사고,0,0,1,0,차대차 - 측면충돌,신호위반,건조,맑음,교차로 - 교차로안,승용,남,36세,상해없음,화물,남,37세,경상
2020022000100088,2020년 2월 20일 07시,목요일,광주광역시 동구 학동,경상사고,0,0,1,1,차대차 - 측면충돌,신호위반,건조,맑음,교차로 - 교차로안,화물,남,59세,상해없음,승합,남,69세,경상
2020022000100089,2020년 2월 20일 07시,목요일,광주광역시 동구 소태동,부상신고사고,0,0,0,2,차대차 - 기타,안전거리미확보,건조,맑음,단일로 - 기타,승용,여,39세,부상신고,건설기계,남,69세,상해없음
2020022000100090,2020년 2월 20일 07시,목요일,광주광역시 북구 용두동,경상사고,0,0,1,0,차대차 - 추돌,안전거리미확보,건조,맑음,단일로 - 기타,화물,남,67세,상해없음,승용,여,43세,경상
2020022000100127,2020년 2월 20일 08시,목요일,광주광역시 동구 불로동,경상사고,0,0,1,0,차대차 - 기타,신호위반,건조,맑음,교차로 - 교차로안,승용,남,76세,상해없음,이륜,남,51세,경상
2020022000100172,2020년 2월 20일 09시,목요일,광주광역시 동구 계림동,경상사고,0,0,1,1,차대차 - 측면충돌,안전거리미확보,건조,맑음,기타 - 기타,승용,남,62세,상해없음,승용,여,40세,부상신고
2020022000100233,2020년 2월 20일 11시,목요일,광주광역시 광산구 장덕동,중상사고,0,1,0,0,차대차 - 측면충돌,신호위반,건조,맑음,교차로 - 교차로안,승용,여,37세,상해없음,승용,남,62세,중상
2020022000100270,2020년 2월 20일 12시,목요일,광주광역시 북구 운암동,경상사고,0,0,1,0,차대차 - 측면충돌,안전운전불이행,건조,맑음,단일로 - 기타,승용,남,19세,상해없음,승용,남,31세,경상
2020022000100271,2020년 2월 20일 12시,목요일,광주광역시 광산구 쌍암동,경상사고,0,0,1,0,차대차 - 후진중충돌,안전운전불이행,건조,맑음,단일로 - 기타,승용,남,73세,상해없음,승용,남,30세,경상
2020022000100343,2020년 2월 20일 14시,목요일,광주광역시 서구 쌍촌동,중상사고,0,1,0,0,차대사람 - 횡단중,신호위반,건조,맑음,교차로 - 교차로횡단보도내,승용,남,67세,상해없음,보행자,여,45세,중상
2020022000100435,2020년 2월 20일 16시,목요일,광주광역시 서구 벽진동,경상사고,0,0,1,0,차대차 - 측면충돌,차로위반,건조,맑음,단일로 - 터널,화물,남,36세,상해없음,승용,여,38세,경상
2020022000100436,2020년 2월 20일 16시,목요일,광주광역시 북구 용봉동,중상사고,0,1,0,0,차대사람 - 횡단중,안전운전불이행,건조,맑음,교차로 - 교차로안,화물,남,51세,상해없음,보행자,남,7세,중상
2020022000100437,2020년 2월 20일 16시,목요일,광주광역시 북구 문흥동,경상사고,0,0,1,0,차대차 - 기타,기타,건조,맑음,단일로 - 기타,승용,남,63세,상해없음,승용,남,38세,경상
2020022000100470,2020년 2월 20일 17시,목요일,광주광역시 광산구 비아동,경상사고,0,0,1,0,차대사람 - 횡단중,안전운전불이행,건조,맑음,단일로 - 기타,승용,여,65세,상해없음,보행자,남,25세,경상
2020022000100528,2020년 2월 20일 18시,목요일,광주광역시 북구 두암동,경상사고,0,0,1,0,차대차 - 기타,안전운전불이행,건조,맑음,교차로 - 교차로안,승용,남,76세,기타불명,승용,남,50세,경상
2020022000100529,2020년 2월 20일 18시,목요일,광주광역시 광산구 우산동,경상사고,0,0,1,0,차대차 - 측면충돌,교차로운행방법위반,건조,맑음,교차로 - 교차로부근,이륜,남,60세,경상,승용,남,26세,상해없음
2020022000100574,2020년 2월 20일 19시,목요일,광주광역시 광산구 비아동,경상사고,0,0,1,0,차대차 - 기타,안전운전불이행,건조,맑음,교차로 - 교차로부근,기타불명,기타불명,미분류,기타불명,승용,남,36세,경상
2020022000100653,2020년 2월 20일 21시,목요일,광주광역시 서구 유촌동,경상사고,0,0,2,0,차대차 - 측면충돌,교차로운행방법위반,건조,맑음,교차로 - 교차로안,승용,남,64세,상해없음,승용,남,39세,경상