사고번호,사고일시,요일,시군구,사고내용,사망자수,중상자수,경상자수,부상신고자수,사고유형,법규위반,노면상태,기상상태,도로형태,가해운전자 차종,가해운전자 성별,가해운전자 연령,가해운전자 상해정도,피해운전자 차종,피해운전자 성별,피해운전자 연령,피해운전자 상해정도
2020022000100675,2020년 2월 20일 22시,목요일,광주광역시 북구 양산동,경상사고,0,0,1,0,차대사람 - 기타,안전운전불이행,건조,맑음,단일로 - 기타,승용,여,30세,상해없음,보행자,남,36세,경상
2020022100100028,2020년 2월 21일 01시,금요일,광주광역시 서구 쌍촌동,경상사고,0,0,2,0,차대차 - 기타,안전운전불이행,건조,맑음,교차로 - 교차로부근,승용,여,32세,상해없음,승용,남,38세,경상
2020022100100029,2020년 2월 21일 01시,금요일,광주광역시 북구 운암동,경상사고,0,0,1,0,차대사람 - 기타,안전운전불이행,건조,맑음,단일로 - 기타,승용,남,52세,상해없음,보행자,남,22세,경상
2020022100100063,2020년 2월 21일 04시,금요일,광주광역시 서구 유촌동,경상사고,0,0,1,0,차대차 - 기타,안전운전불이행,건조,맑음,단일로 - 기타,승용,남,37세,상해없음,승용,여,55세,경상
2020022100100117,2020년 2월 21일 07시,금요일,광주광역시 광산구 우산동,경상사고,0,0,1,0,차대사람 - 횡단중,보행자보호의무위반,건조,맑음,기타 - 기타,승용,남,50세,기타불명,보행자,남,53세,경상
2020022100100243,2020년 2월 21일 11시,금요일,광주광역시 서구 유촌동,경상사고,0,0,3,0,차대차 - 추돌,안전운전불이행,건조,맑음,단일로 - 기타,건설기계,남,53세,상해없음,승용,여,22세,경상
2020022100100267,2020년 2월 21일 12시,금요일,광주광역시 동구 소태동,경상사고,0,0,1,0,차대차 - 추돌,안전거리미확보,건조,맑음,단일로 - 교량,승용,남,40세,상해없음,승용,여,72세,경상
2020022100100268,2020년 2월 21일 12시,금요일,광주광역시 광산구 운수동,중상사고,0,1,1,1,차대차 - 측면충돌,신호위반,건조,맑음,교차로 - 교차로안,이륜,남,19세,부상신고,승용,남,27세,경상
2020022100100269,2020년 2월 21일 12시,금요일,광주광역시 광산구 산정동,중상사고,0,1,0,0,차대차 - 측면충돌,교차로운행방법위반,건조,맑음,교차로 - 교차로안,승용,남,46세,상해없음,이륜,남,43세,중상
2020022100100270,2020년 2월 21일 12시,금요일,광주광역시 광산구 흑석동,경상사고,0,0,3,0,차대차 - 후진중충돌,불법유턴,건조,맑음,교차로 - 교차로부근,승용,남,53세,상해없음,승용,여,35세,경상
2020022100100304,2020년 2월 21일 13시,금요일,광주광역시 북구 유동,경상사고,0,0,2,0,차대차 - 측면충돌,안전운전불이행,건조,맑음,교차로 - 교차로안,화물,남,68세,상해없음,승용,남,30세,경상
2020022100100331,2020년 2월 21일 14시,금요일,광주광역시 남구 월산동,경상사고,0,0,1,0,차대차 - 측면충돌,안전운전불이행,건조,맑음,단일로 - 기타,승용,여,43세,상해없음,승용,남,40세,경상
2020022100100332,2020년 2월 21일 14시,금요일,광주광역시 광산구 송정동,중상사고,0,1,0,0,차대차 - 기타,안전운전불이행,건조,맑음,단일로 - 기타,화물,남,70세,상해없음,자전거,남,73세,중상
2020022100100405,2020년 2월 21일 16시,금요일,광주광역시 북구 문흥동,경상사고,0,0,1,0,차대차 - 기타,중앙선침범,건조,맑음,단일로 - 기타,화물,남,58세,상해없음,승용,남,58세,경상
2020022100100483,2020년 2월 21일 18시,금요일,광주광역시 광산구 장덕동,경상사고,0,0,1,0,차대차 - 측면충돌,안전운전불이행,건조,맑음,교차로 - 교차로안,승용,남,58세,상해없음,원동기,남,21세,경상
2020022100100484,2020년 2월 21일 18시,금요일,광주광역시 광산구 월계동,경상사고,0,0,4,0,차대차 - 측면충돌,안전거리미확보,건조,맑음,단일로 - 기타,화물,남,64세,경상,승용,남,24세,경상
2020022100100534,2020년 2월 21일 19시,금요일,광주광역시 동구 지산동,경상사고,0,0,1,0,차대사람 - 기타,보행자보호의무위반,젖음/습기,비,기타 - 기타,승용,여,34세,상해없음,보행자,남,27세,경상
2020022100100535,2020년 2월 21일 19시,금요일,광주광역시 서구 쌍촌동,중상사고,0,1,1,0,차대사람 - 횡단중,안전운전불이행,젖음/습기,비,단일로 - 기타,이륜,남,27세,경상,보행자,여,62세,중상
2020022100100536,2020년 2월 21일 19시,금요일,광주광역시 북구 임동,경상사고,0,0,1,0,차대사람 - 기타,중앙선침범,젖음/습기,비,단일로 - 기타,승용,여,59세,상해없음,보행자,남,48세,경상
2020022100100537,2020년 2월 21일 19시,금요일,광주광역시 광산구 월곡동,경상사고,0,0,3,0,차대차 - 정면충돌,기타,건조,흐림,교차로 - 교차로안,승용,남,45세,경상,승용,남,54세,경상
2020022100100587,2020년 2월 21일 20시,금요일,광주광역시 북구 장등동,경상사고,0,0,2,0,차대차 - 추돌,안전운전불이행,젖음/습기,비,단일로 - 기타,승용,남,24세,경상,화물,남,41세,경상
2020022100100626,2020년 2월 21일 21시,금요일,광주광역시 북구 우산동,경상사고,0,0,2,0,차대차 - 기타,안전거리미확보,젖음/습기,비,단일로 - 기타,승용,남,50세,상해없음,승용,남,62세,상해없음
2020022100100698,2020년 2월 21일 23시,금요일,광주광역시 광산구 우산동,경상사고,0,0,2,0,차대차 - 측면충돌,안전운전불이행,젖음/습기,비,교차로 - 교차로부근,승용,여,32세,상해없음,승용,남,23세,경상
2020022200100090,2020년 2월 22일 05시,토요일,광주광역시 서구 농성동,경상사고,0,0,4,0,차대차 - 측면충돌,안전운전불이행,건조,맑음,단일로 - 기타,승용,남,45세,상해없음,승용,남,69세,경상
2020022200100091,2020년 2월 22일 05시,토요일,광주광역시 남구 월산동,중상사고,0,1,0,0,차대사람 - 횡단중,보행자보호의무위반,젖음/습기,맑음,단일로 - 기타,승용,남,32세,상해없음,보행자,여,20세,중상
2020022200100092,2020년 2월 22일 05시,토요일,광주광역시 광산구 산월동,경상사고,0,0,2,0,차대차 - 추돌,안전운전불이행,젖음/습기,흐림,교차로 - 교차로부근,승용,남,36세,상해없음,승용,남,59세,경상
2020022200100146,2020년 2월 22일 09시,토요일,광주광역시 서구 광천동,경상사고,0,0,1,0,차대사람 - 기타,기타,건조,맑음,기타 - 기타,승합,남,53세,상해없음,보행자,여,60세,경상
2020022200100194,2020년 2월 22일 11시,토요일,광주광역시 북구 양산동,경상사고,0,0,1,0,차대차 - 측면충돌,직진우회전진행방해,건조,맑음,교차로 - 교차로안,화물,남,46세,기타불명,승용,여,48세,경상
2020022200100256,2020년 2월 22일 13시,토요일,광주광역시 서구 풍암동,경상사고,0,0,1,0,차대차 - 기타,안전운전불이행,건조,맑음,교차로 - 교차로안,승용,남,53세,상해없음,이륜,남,59세,경상
2020022200100284,2020년 2월 22일 14시,토요일,광주광역시 남구 주월동,경상사고,0,0,2,0,차대차 - 측면충돌,교차로운행방법위반,건조,맑음,교차로 - 교차로안,승합,남,24세,상해없음,승용,남,41세,경상
2020022200100312,2020년 2월 22일 15시,토요일,광주광역시 서구 쌍촌동,경상사고,0,0,4,0,차대차 - 기타,안전거리미확보,건조,맑음,교차로 - 교차로부근,승용,남,38세,경상,승용,여,53세,경상
2020022200100313,2020년 2월 22일 15시,토요일,광주광역시 남구 진월동,경상사고,0,0,1,0,차대차 - 측면충돌,중앙선침범,건조,맑음,단일로 - 기타,승용,남,47세,상해없음,승용,남,41세,경상
2020022200100314,2020년 2월 22일 15시,토요일,광주광역시 북구 두암동,경상사고,0,0,1,0,차대차 - 기타,안전운전불이행,건조,맑음,단일로 - 기타,승용,여,31세,기타불명,승용,여,37세,경상
2020022200100361,2020년 2월 22일 17시,토요일,광주광역시 북구 동림동,경상사고,0,0,1,1,차대차 - 측면충돌,안전운전불이행,건조,맑음,교차로 - 교차로안,승용,남,38세,부상신고,승용,남,64세,경상
2020022200100381,2020년 2월 22일 18시,토요일,광주광역시 북구 중흥동,경상사고,0,0,3,0,차대차 - 추돌,안전거리미확보,건조,맑음,교차로 - 교차로부근,승용,여,30세,상해없음,승용,남,39세,경상
2020022200100479,2020년 2월 22일 22시,토요일,광주광역시 서구 치평동,중상사고,0,1,2,0,차대차 - 측면충돌,신호위반,건조,맑음,교차로 - 교차로안,승용,남,35세,상해없음,승용,남,52세,중상
2020022200100491,2020년 2월 22일 23시,토요일,광주광역시 남구 백운동,경상사고,0,0,2,0,차대차 - 측면충돌,안전운전불이행,건조,맑음,교차로 - 교차로안,승합,남,57세,상해없음,이륜,남,21세,경상
2020022300100012,2020년 2월 23일 00시,일요일,광주광역시 서구 매월동,경상사고,0,0,1,0,차대차 - 기타,안전운전불이행,건조,맑음,교차로 - 교차로부근,승용,남,58세,상해없음,승용,남,31세,경상
2020022300100034,2020년 2월 23일 03시,일요일,광주광역시 북구 연제동,경상사고,0,0,1,0,차대차 - 측면충돌,신호위반,건조,맑음,교차로 - 교차로안,승용,남,59세,상해없음,승용,남,65세,상해없음
2020022300100036,2020년 2월 23일 04시,일요일,광주광역시 서구 치평동,경상사고,0,0,1,0,차대차 - 추돌,신호위반,건조,맑음,교차로 - 교차로부근,승용,남,32세,상해없음,승용,남,56세,경상
2020022300100099,2020년 2월 23일 10시,일요일,광주광역시 동구 학동,경상사고,0,0,1,0,차대사람 - 차도통행중,안전운전불이행,건조,맑음,단일로 - 기타,승용,남,61세,상해없음,보행자,남,20세,경상
2020022300100113,2020년 2월 23일 11시,일요일,광주광역시 동구 산수동,부상신고사고,0,0,0,1,차대차 - 기타,신호위반,건조,맑음,교차로 - 교차로안,기타불명,기타불명,미분류,기타불명,승용,남,71세,부상신고
2020022300100135,2020년 2월 23일 12시,일요일,광주광역시 광산구 송정동,경상사고,0,0,4,0,차대차 - 측면충돌,직진우회전진행방해,건조,맑음,교차로 - 교차로안,승용,여,39세,경상,이륜,남,25세,경상
2020022300100289,2020년 2월 23일 19시,일요일,광주광역시 동구 호남동,경상사고,0,0,1,0,차대차 - 기타,교차로운행방법위반,건조,맑음,교차로 - 교차로안,승용,남,29세,상해없음,승용,남,50세,경상
2020022300100312,2020년 2월 23일 20시,일요일,광주광역시 남구 지석동,경상사고,0,0,1,0,차대차 - 정면충돌,안전운전불이행,건조,맑음,단일로 - 기타,화물,여,58세,상해없음,승용,남,28세,경상
2020022300100313,2020년 2월 23일 20시,일요일,광주광역시 광산구 신촌동,경상사고,0,0,2,0,차대차 - 측면충돌,신호위반,건조,맑음,교차로 - 교차로안,화물,여,55세,기타불명,승용,남,37세,경상
2020022400100010,2020년 2월 24일 01시,월요일,광주광역시 북구 용봉동,경상사고,0,0,1,0,차대사람 - 기타,안전운전불이행,건조,맑음,단일로 - 기타,승용,남,16세,상해없음,보행자,남,23세,경상
2020022400100072,2020년 2월 24일 07시,월요일,광주광역시 남구 백운동,사망사고,1,0,0,0,차대사람 - 횡단중,안전운전불이행,건조,맑음,단일로 - 기타,승용,남,48세,상해없음,보행자,여,81세,사망
2020022400100073,2020년 2월 24일 07시,월요일,광주광역시 북구 운암동,중상사고,0,1,0,0,차대사람 - 횡단중,안전운전불이행,건조,맑음,단일로 - 기타,화물,남,64세,상해없음,보행자,여,66세,중상
2020022400100105,2020년 2월 24일 08시,월요일,광주광역시 서구 덕흥동,경상사고,0,0,1,0,차량단독 - 기타,안전운전불이행,건조,맑음,단일로 - 기타,승용,남,54세,상해없음,,,,
2020022400100106,2020년 2월 24일 08시,월요일,광주광역시 광산구 운남동,경상사고,0,0,1,0,차대차 - 추돌,안전거리미확보,건조,맑음,교차로 - 교차로안,승용,여,41세,상해없음,승용,여,26세,경상
2020022400100128,2020년 2월 24일 09시,월요일,광주광역시 광산구 송정동,경상사고,0,0,1,0,차대사람 - 길가장자리구역통행중,안전운전불이행,건조,맑음,단일로 - 기타,기타불명,기타불명,미분류,기타불명,보행자,여,18세,경상
2020022400100151,2020년 2월 24일 10시,월요일,광주광역시 남구 월산동,경상사고,0,0,2,0,차대차 - 후진중충돌,안전운전불이행,건조,맑음,단일로 - 기타,화물,남,44세,상해없음,승용,남,54세,경상
2020022400100152,2020년 2월 24일 10시,월요일,광주광역시 광산구 소촌동,경상사고,0,0,1,0,차대차 - 기타,안전운전불이행,건조,맑음,단일로 - 기타,승용,남,59세,상해없음,자전거,남,72세,경상
2020022400100179,2020년 2월 24일 11시,월요일,광주광역시 남구 월산동,경상사고,0,0,1,0,차대차 - 측면충돌,안전운전불이행,건조,맑음,단일로 - 기타,승용,남,51세,상해없음,승용,남,47세,경상
2020022400100247,2020년 2월 24일 13시,월요일,광주광역시 북구 동림동,경상사고,0,0,1,0,차대사람 - 기타,안전운전불이행,건조,맑음,단일로 - 기타,자전거,남,42세,상해없음,보행자,남,64세,경상
2020022400100281,2020년 2월 24일 14시,월요일,광주광역시 광산구 산정동,부상신고사고,0,0,0,1,차대차 - 기타,안전운전불이행,건조,맑음,교차로 - 교차로안,승합,남,48세,상해없음,이륜,남,21세,부상신고
2020022400100322,2020년 2월 24일 15시,월요일,광주광역시 광산구 운수동,경상사고,0,0,1,0,차대차 - 측면충돌,차로위반,건조,맑음,단일로 - 기타,승용,여,30세,상해없음,승합,남,68세,상해없음
2020022400100363,2020년 2월 24일 17시,월요일,광주광역시 서구 금호동,경상사고,0,0,1,0,차대차 - 측면충돌,차로위반,건조,맑음,단일로 - 기타,승용,남,52세,상해없음,이륜,남,37세,경상
2020022400100364,2020년 2월 24일 17시,월요일,광주광역시 남구 주월동,경상사고,0,0,2,0,차대차 - 추돌,안전거리미확보,건조,맑음,단일로 - 기타,승용,여,60세,상해없음,승용,여,57세,경상
2020022400100365,2020년 2월 24일 17시,월요일,광주광역시 광산구 월계동,중상사고,0,1,0,0,차대사람 - 횡단중,교차로운행방법위반,건조,맑음,교차로 - 교차로안,화물,남,54세,상해없음,보행자,여,56세,중상
2020022400100396,2020년 2월 24일 18시,월요일,광주광역시 광산구 쌍암동,경상사고,0,0,2,0,차대차 - 측면충돌,차로위반,건조,맑음,교차로 - 교차로안,승용,남,29세,경상,승합,남,44세,경상
2020022400100436,2020년 2월 24일 19시,월요일,광주광역시 북구 운암동,경상사고,0,0,2,0,차대차 - 측면충돌,교차로운행방법위반,건조,맑음,교차로 - 교차로안,승용,여,46세,기타불명,승용,여,45세,경상
2020022400100489,2020년 2월 24일 21시,월요일,광주광역시 북구 일곡동,경상사고,0,0,1,0,차대차 - 추돌,안전운전불이행,젖음/습기,비,교차로 - 교차로부근,승용,남,29세,상해없음,승용,여,51세,경상
2020022500100033,2020년 2월 25일 02시,화요일,광주광역시 광산구 월곡동,경상사고,0,0,2,0,차대차 - 추돌,안전운전불이행,젖음/습기,맑음,교차로 - 교차로부근,승용,남,26세,기타불명,승용,남,35세,경상
2020022500100088,2020년 2월 25일 07시,화요일,광주광역시 광산구 운남동,경상사고,0,0,1,1,차대차 - 측면충돌,교차로운행방법위반,젖음/습기,비,교차로 - 교차로안,화물,남,58세,부상신고,승용,여,56세,경상
2020022500100089,2020년 2월 25일 07시,화요일,광주광역시 광산구 산정동,경상사고,0,0,1,0,차대차 - 기타,안전운전불이행,젖음/습기,비,교차로 - 교차로부근,승용,여,51세,기타불명,승용,여,50세,경상
2020022500100114,2020년 2월 25일 08시,화요일,광주광역시 광산구 장덕동,경상사고,0,0,1,0,차대차 - 측면충돌,신호위반,젖음/습기,비,교차로 - 교차로안,승용,남,44세,기타불명,승용,남,53세,경상
2020022500100143,2020년 2월 25일 09시,화요일,광주광역시 북구 양산동,경상사고,0,0,2,0,차대차 - 측면충돌,차로위반,젖음/습기,비,단일로 - 기타,화물,남,44세,경상,승용,남,32세,경상
2020022500100255,2020년 2월 25일 14시,화요일,광주광역시 동구 대의동,부상신고사고,0,0,0,1,차대차 - 정면충돌,신호위반,건조,맑음,교차로 - 교차로안,승용,여,60세,상해없음,이륜,남,24세,부상신고
2020022500100274,2020년 2월 25일 15시,화요일,광주광역시 북구 용봉동,경상사고,0,0,1,0,차대차 - 측면충돌,안전운전불이행,건조,맑음,단일로 - 기타,승용,남,48세,상해없음,승용,여,55세,경상
2020022500100275,2020년 2월 25일 15시,화요일,광주광역시 북구 운암동,경상사고,0,0,2,0,차대차 - 측면충돌,안전거리미확보,건조,맑음,단일로 - 기타,승용,여,60세,상해없음,승용,남,27세,경상
2020022500100322,2020년 2월 25일 17시,화요일,광주광역시 서구 치평동,경상사고,0,0,1,0,차대차 - 기타,안전운전불이행,젖음/습기,비,단일로 - 기타,승용,남,62세,상해없음,이륜,남,55세,경상
2020022500100323,2020년 2월 25일 17시,화요일,광주광역시 북구 중흥동,경상사고,0,0,1,0,차대차 - 측면충돌,안전거리미확보,젖음/습기,비,단일로 - 기타,승용,남,25세,기타불명,승용,남,35세,경상
2020022500100359,2020년 2월 25일 18시,화요일,광주광역시 북구 용봉동,경상사고,0,0,1,0,차대차 - 측면충돌,차로위반,젖음/습기,흐림,단일로 - 기타,승용,남,60세,상해없음,이륜,남,22세,경상
2020022500100360,2020년 2월 25일 18시,화요일,광주광역시 북구 운암동,경상사고,0,0,1,0,차대차 - 측면충돌,안전거리미확보,젖음/습기,비,단일로 - 기타,승용,남,20세,기타불명,승용,남,46세,경상
2020022500100443,2020년 2월 25일 21시,화요일,광주광역시 서구 치평동,경상사고,0,0,2,0,차대차 - 추돌,안전운전불이행,건조,맑음,교차로 - 교차로부근,승용,남,25세,상해없음,승용,남,59세,경상
2020022500100444,2020년 2월 25일 21시,화요일,광주광역시 남구 주월동,중상사고,0,1,0,0,차대사람 - 횡단중,안전운전불이행,젖음/습기,맑음,단일로 - 기타,화물,남,63세,상해없음,보행자,여,50세,중상
2020022500100468,2020년 2월 25일 23시,화요일,광주광역시 북구 동림동,경상사고,0,0,3,0,차대차 - 추돌,안전운전불이행,건조,맑음,교차로 - 교차로부근,승용,여,46세,상해없음,승용,남,42세,경상
2020022600100009,2020년 2월 26일 00시,수요일,광주광역시 북구 임동,경상사고,0,0,1,0,차대차 - 측면충돌,신호위반,젖음/습기,비,교차로 - 교차로안,승용,남,26세,기타불명,승용,남,28세,경상
2020022600100020,2020년 2월 26일 01시,수요일,광주광역시 동구 학동,경상사고,0,0,1,0,차대차 - 추돌,안전운전불이행,젖음/습기,흐림,단일로 - 기타,승용,남,49세,상해없음,승용,남,33세,경상
2020022600100027,2020년 2월 26일 03시,수요일,광주광역시 서구 화정동,경상사고,0,0,1,0,차대차 - 추돌,안전운전불이행,젖음/습기,비,교차로 - 교차로부근,승용,남,27세,상해없음,승용,남,32세,경상
2020022600100106,2020년 2월 26일 08시,수요일,광주광역시 광산구 도천동,경상사고,0,0,1,0,차대차 - 측면충돌,교차로운행방법위반,건조,맑음,교차로 - 교차로안,화물,여,49세,기타불명,승용,여,56세,경상
2020022600100129,2020년 2월 26일 09시,수요일,광주광역시 북구 오룡동,경상사고,0,0,1,0,차대차 - 측면충돌,안전거리미확보,젖음/습기,비,교차로 - 교차로안,승용,남,31세,상해없음,승용,여,30세,경상
2020022600100130,2020년 2월 26일 09시,수요일,광주광역시 광산구 산월동,경상사고,0,0,1,0,차대차 - 후진중충돌,불법유턴,건조,맑음,단일로 - 기타,승용,남,47세,상해없음,승용,남,39세,경상
2020022600100151,2020년 2월 26일 10시,수요일,광주광역시 남구 방림동,경상사고,0,0,1,0,차대차 - 측면충돌,안전거리미확보,젖음/습기,비,단일로 - 기타,승용,남,67세,상해없음,승용,여,52세,경상
2020022600100174,2020년 2월 26일 11시,수요일,광주광역시 서구 쌍촌동,경상사고,0,0,1,0,차대차 - 측면충돌,직진우회전진행방해,건조,맑음,교차로 - 교차로안,승용,여,49세,상해없음,승용,여,35세,경상
2020022600100175,2020년 2월 26일 11시,수요일,광주광역시 북구 중흥동,경상사고,0,0,1,0,차대사람 - 기타,안전운전불이행,건조,맑음,단일로 - 기타,승용,남,42세,상해없음,보행자,남,34세,경상
2020022600100240,2020년 2월 26일 14시,수요일,광주광역시 서구 내방동,중상사고,0,1,0,0,차대사람 - 차도통행중,안전운전불이행,건조,맑음,교차로 - 교차로안,승용,남,23세,상해없음,보행자,남,65세,중상
2020022600100350,2020년 2월 26일 18시,수요일,광주광역시 서구 세하동,경상사고,0,0,3,0,차대차 - 측면충돌,안전운전불이행,건조,맑음,교차로 - 교차로안,승용,남,24세,경상,화물,남,32세,경상
2020022600100392,2020년 2월 26일 19시,수요일,광주광역시 북구 용봉동,중상사고,0,1,0,0,차대차 - 측면충돌,기타,건조,맑음,교차로 - 교차로안,승용,남,36세,상해없음,이륜,남,50세,중상
2020022600100441,2020년 2월 26일 21시,수요일,광주광역시 북구 양산동,경상사고,0,0,1,0,차대차 - 측면충돌,중앙선침범,건조,흐림,교차로 - 교차로부근,승용,남,53세,상해없음,승용,남,53세,경상
2020022600100462,2020년 2월 26일 22시,수요일,광주광역시 북구 각화동,경상사고,0,0,2,0,차대차 - 측면충돌,교차로운행방법위반,건조,흐림,교차로 - 교차로안,승용,여,60세,상해없음,승용,남,30세,경상
2020022700100011,2020년 2월 27일 00시,목요일,광주광역시 북구 중흥동,중상사고,0,2,0,0,차대차 - 측면충돌,중앙선침범,건조,맑음,단일로 - 기타,승용,남,69세,상해없음,이륜,남,23세,중상
2020022700100012,2020년 2월 27일 00시,목요일,광주광역시 광산구 우산동,경상사고,0,0,2,0,차대사람 - 차도통행중,안전운전불이행,건조,맑음,교차로 - 교차로안,승용,남,42세,상해없음,보행자,남,49세,경상
2020022700100046,2020년 2월 27일 05시,목요일,광주광역시 광산구 신가동,중상사고,0,1,0,0,차량단독 - 공작물충돌,안전운전불이행,건조,맑음,단일로 - 기타,이륜,남,24세,중상,,,,
2020022700100135,2020년 2월 27일 09시,목요일,광주광역시 북구 동림동,경상사고,0,0,1,0,차대차 - 기타,안전운전불이행,건조,맑음,교차로 - 교차로부근,화물,남,49세,상해없음,자전거,남,81세,경상
2020022700100170,2020년 2월 27일 11시,목요일,광주광역시 광산구 하남동,경상사고,0,0,1,0,차대차 - 기타,안전거리미확보,건조,맑음,단일로 - 기타,승용,남,48세,상해없음,이륜,남,40세,경상
2020022700100211,2020년 2월 27일 13시,목요일,광주광역시 서구 금호동,경상사고,0,0,1,0,차대차 - 추돌,안전거리미확보,건조,맑음,단일로 - 기타,승용,여,31세,상해없음,승용,여,49세,경상
2020022700100212,2020년 2월 27일 13시,목요일,광주광역시 북구 오치동,경상사고,0,0,4,0,차대차 - 측면충돌,안전운전불이행,건조,맑음,교차로 - 교차로안,승용,여,49세,경상,승용,남,31세,경상
2020022700100213,2020년 2월 27일 13시,목요일,광주광역시 광산구 장덕동,경상사고,0,0,2,0,차대차 - 측면충돌,안전운전불이행,건조,맑음,단일로 - 기타,이륜,남,18세,경상,승용,남,34세,경상
2020022700100238,2020년 2월 27일 14시,목요일,광주광역시 서구 내방동,경상사고,0,0,2,0,차대차 - 추돌,교차로운행방법위반,건조,맑음,교차로 - 교차로안,승용,남,27세,상해없음,승용,여,54세,경상
2020022700100269,2020년 2월 27일 15시,목요일,광주광역시 동구 계림동,중상사고,0,1,0,0,차대차 - 측면충돌,안전운전불이행,건조,맑음,단일로 - 기타,승용,여,69세,기타불명,이륜,남,67세,중상
2020022700100290,2020년 2월 27일 16시,목요일,광주광역시 서구 금호동,경상사고,0,0,1,0,차대차 - 기타,안전운전불이행,건조,맑음,단일로 - 기타,승용,여,21세,상해없음,승합,남,39세,상해없음
2020022700100310,2020년 2월 27일 17시,목요일,광주광역시 동구 계림동,중상사고,0,1,0,0,차대차 - 기타,안전운전불이행,건조,맑음,단일로 - 기타,승용,여,69세,상해없음,이륜,남,67세,중상
2020022700100311,2020년 2월 27일 17시,목요일,광주광역시 광산구 우산동,경상사고,0,0,1,0,차대차 - 측면충돌,안전운전불이행,건조,맑음,단일로 - 기타,화물,남,46세,상해없음,승용,남,33세,경상
2020022700100370,2020년 2월 27일 19시,목요일,광주광역시 북구 문흥동,경상사고,0,0,1,0,차대차 - 측면충돌,안전운전불이행,건조,맑음,단일로 - 기타,승용,여,42세,상해없음,이륜,남,19세,경상
2020022700100371,2020년 2월 27일 19시,목요일,광주광역시 광산구 안청동,경상사고,0,0,1,0,차대차 - 기타,교차로운행방법위반,건조,맑음,교차로 - 교차로안,승합,남,34세,상해없음,승용,남,37세,경상
2020022700100372,2020년 2월 27일 19시,목요일,광주광역시 광산구 수완동,경상사고,0,0,1,0,차대차 - 측면충돌,안전운전불이행,건조,맑음,교차로 - 교차로부근,승용,여,43세,상해없음,승용,남,33세,경상
2020022700100390,2020년 2월 27일 20시,목요일,광주광역시 남구 봉선동,경상사고,0,0,1,0,차대차 - 추돌,안전운전불이행,건조,맑음,단일로 - 기타,승합,남,58세,상해없음,화물,남,44세,경상
2020022800100006,2020년 2월 28일 00시,금요일,광주광역시 남구 진월동,경상사고,0,0,1,0,차대차 - 측면충돌,안전운전불이행,건조,맑음,교차로 - 교차로부근,승용,여,47세,상해없음,개인형이동수단(PM),남,30세,경상
2020022800100028,2020년 2월 28일 03시,금요일,광주광역시 서구 화정동,중상사고,0,1,0,0,차량단독 - 공작물충돌,안전운전불이행,건조,맑음,단일로 - 기타,이륜,남,27세,중상,,,,
2020022800100063,2020년 2월 28일 07시,금요일,광주광역시 동구 서석동,경상사고,0,0,1,0,차대차 - 측면충돌,신호위반,건조,맑음,교차로 - 교차로안,승용,남,67세,상해없음,승용,여,57세,경상
2020022800100105,2020년 2월 28일 09시,금요일,광주광역시 광산구 우산동,경상사고,0,0,1,0,차대차 - 기타,안전운전불이행,건조,맑음,단일로 - 기타,승용,남,30세,상해없음,승용,남,54세,경상
2020022800100143,2020년 2월 28일 11시,금요일,광주광역시 서구 농성동,경상사고,0,0,1,0,차대사람 - 횡단중,안전운전불이행,젖음/습기,비,단일로 - 기타,승용,여,46세,상해없음,보행자,여,21세,경상
2020022800100144,2020년 2월 28일 11시,금요일,광주광역시 북구 매곡동,경상사고,0,0,1,0,차대차 - 추돌,안전운전불이행,젖음/습기,비,단일로 - 기타,승용,남,45세,상해없음,승용,남,54세,경상
2020022800100145,2020년 2월 28일 11시,금요일,광주광역시 광산구 수완동,경상사고,0,0,1,0,차대차 - 정면충돌,안전운전불이행,젖음/습기,비,단일로 - 기타,원동기,남,33세,경상,승용,남,22세,상해없음
2020022800100213,2020년 2월 28일 14시,금요일,광주광역시 남구 진월동,경상사고,0,0,1,0,차대사람 - 기타,안전운전불이행,건조,맑음,단일로 - 기타,승용,남,65세,상해없음,보행자,남,57세,경상
2020022800100233,2020년 2월 28일 15시,금요일,광주광역시 서구 쌍촌동,경상사고,0,0,1,0,차대차 - 추돌,안전운전불이행,건조,맑음,교차로 - 교차로부근,승용,남,36세,상해없음,승용,남,42세,경상
2020022800100257,2020년 2월 28일 16시,금요일,광주광역시 서구 치평동,경상사고,0,0,1,1,차대차 - 기타,신호위반,건조,맑음,교차로 - 교차로안,승용,남,59세,부상신고,승용,남,42세,경상
2020022800100283,2020년 2월 28일 17시,금요일,광주광역시 서구 농성동,경상사고,0,0,1,0,차대차 - 기타,교차로운행방법위반,건조,맑음,교차로 - 교차로안,승용,여,51세,상해없음,이륜,남,34세,경상
2020022800100284,2020년 2월 28일 17시,금요일,광주광역시 광산구 우산동,경상사고,0,0,1,0,차대차 - 측면충돌,안전운전불이행,건조,맑음,단일로 - 기타,승용,여,27세,기타불명,승용,남,47세,경상
2020022800100311,2020년 2월 28일 18시,금요일,광주광역시 북구 장등동,경상사고,0,0,2,0,차대차 - 측면충돌,차로위반,건조,맑음,단일로 - 기타,승용,여,61세,상해없음,승용,여,26세,경상
2020022800100368,2020년 2월 28일 19시,금요일,광주광역시 남구 월산동,경상사고,0,0,1,0,차대차 - 측면충돌,중앙선침범,건조,맑음,단일로 - 기타,승용,남,61세,상해없음,승용,남,33세,경상
2020022800100369,2020년 2월 28일 19시,금요일,광주광역시 북구 효령동,경상사고,0,0,1,0,차량단독 - 전도전복 - 전복,기타,건조,맑음,기타 - 기타,승용,여,21세,경상,,,,