사고번호,사고일시,요일,시군구,사고내용,사망자수,중상자수,경상자수,부상신고자수,사고유형,법규위반,노면상태,기상상태,도로형태,가해운전자 차종,가해운전자 성별,가해운전자 연령,가해운전자 상해정도,피해운전자 차종,피해운전자 성별,피해운전자 연령,피해운전자 상해정도
2020022800100446,2020년 2월 28일 22시,금요일,광주광역시 서구 광천동,경상사고,0,0,1,0,차대차 - 추돌,신호위반,건조,맑음,교차로 - 교차로안,승용,남,27세,경상,승용,남,36세,상해없음
2020022800100447,2020년 2월 28일 22시,금요일,광주광역시 북구 일곡동,경상사고,0,0,1,0,차대차 - 측면충돌,안전운전불이행,건조,맑음,교차로 - 교차로안,승용,남,57세,상해없음,승용,남,27세,경상
2020022800100467,2020년 2월 28일 23시,금요일,광주광역시 서구 치평동,경상사고,0,0,1,0,차대차 - 측면충돌,중앙선침범,건조,맑음,단일로 - 기타,화물,남,22세,상해없음,승용,남,38세,경상
2020022800100468,2020년 2월 28일 23시,금요일,광주광역시 서구 금호동,중상사고,0,1,0,0,차대차 - 측면충돌,안전운전불이행,건조,맑음,교차로 - 교차로부근,승용,남,36세,상해없음,화물,남,39세,기타불명
2020022900100019,2020년 2월 29일 00시,토요일,광주광역시 서구 치평동,경상사고,0,0,1,0,차대차 - 측면충돌,직진우회전진행방해,건조,맑음,교차로 - 교차로부근,승용,남,38세,상해없음,승용,남,52세,경상
2020022900100035,2020년 2월 29일 01시,토요일,광주광역시 남구 양림동,중상사고,0,1,1,0,차대차 - 측면충돌,신호위반,건조,맑음,교차로 - 교차로안,승용,남,62세,기타불명,승용,남,70세,경상
2020022900100045,2020년 2월 29일 02시,토요일,광주광역시 광산구 우산동,경상사고,0,0,1,0,차대차 - 측면충돌,안전운전불이행,건조,맑음,교차로 - 교차로부근,승용,남,22세,상해없음,승용,남,58세,경상
2020022900100080,2020년 2월 29일 06시,토요일,광주광역시 동구 지산동,경상사고,0,0,5,0,차대차 - 추돌,안전거리미확보,건조,맑음,교차로 - 교차로안,승용,남,38세,경상,승용,남,60세,경상
2020022900100085,2020년 2월 29일 07시,토요일,광주광역시 광산구 고룡동,중상사고,0,1,0,0,차대차 - 정면충돌,신호위반,건조,맑음,교차로 - 교차로안,승합,여,41세,상해없음,승용,남,44세,중상
2020022900100122,2020년 2월 29일 10시,토요일,광주광역시 북구 오치동,경상사고,0,0,1,0,차대차 - 측면충돌,직진우회전진행방해,건조,맑음,교차로 - 교차로안,승용,남,32세,상해없음,승용,여,70세,경상
2020022900100144,2020년 2월 29일 11시,토요일,광주광역시 광산구 하남동,경상사고,0,0,3,0,차대차 - 기타,안전운전불이행,침수,흐림,단일로 - 기타,승용,여,24세,기타불명,승용,남,46세,경상
2020022900100187,2020년 2월 29일 13시,토요일,광주광역시 동구 용산동,중상사고,0,2,3,0,차대차 - 추돌,안전거리미확보,건조,맑음,교차로 - 교차로부근,승용,여,53세,중상,승용,남,40세,중상
2020022900100284,2020년 2월 29일 17시,토요일,광주광역시 북구 문흥동,중상사고,0,1,0,0,차대사람 - 기타,안전운전불이행,건조,맑음,기타 - 기타,승용,남,55세,상해없음,보행자,여,73세,중상
2020022900100302,2020년 2월 29일 18시,토요일,광주광역시 광산구 하남동,경상사고,0,0,3,0,차대차 - 측면충돌,안전거리미확보,건조,맑음,교차로 - 교차로부근,승용,남,54세,상해없음,승용,남,37세,경상
2020022900100328,2020년 2월 29일 19시,토요일,광주광역시 광산구 산월동,경상사고,0,0,3,0,차대차 - 기타,안전거리미확보,건조,맑음,단일로 - 기타,승용,여,46세,경상,승용,남,30세,경상
2020022900100350,2020년 2월 29일 20시,토요일,광주광역시 북구 중흥동,경상사고,0,0,1,0,차대차 - 측면충돌,안전운전불이행,건조,맑음,단일로 - 기타,승용,남,57세,상해없음,원동기,남,79세,경상
2020022900100351,2020년 2월 29일 20시,토요일,광주광역시 북구 신안동,경상사고,0,0,2,0,차대차 - 측면충돌,안전운전불이행,건조,맑음,교차로 - 교차로부근,이륜,남,28세,경상,특수,남,39세,경상
2020022900100366,2020년 2월 29일 21시,토요일,광주광역시 서구 농성동,경상사고,0,0,3,0,차대차 - 측면충돌,안전거리미확보,건조,맑음,단일로 - 기타,승용,남,37세,상해없음,승용,여,34세,경상
2020022900100367,2020년 2월 29일 21시,토요일,광주광역시 광산구 월계동,경상사고,0,0,1,0,차대차 - 측면충돌,안전운전불이행,건조,맑음,단일로 - 기타,승용,남,49세,상해없음,승용,여,26세,경상
2020022900100408,2020년 2월 29일 23시,토요일,광주광역시 동구 산수동,경상사고,0,0,2,0,차대차 - 기타,중앙선침범,건조,맑음,기타 - 기타,이륜,여,24세,상해없음,승용,여,59세,경상
2020022900100409,2020년 2월 29일 23시,토요일,광주광역시 북구 양산동,경상사고,0,0,1,0,차대차 - 정면충돌,신호위반,건조,맑음,교차로 - 교차로안,승용,남,22세,상해없음,승용,남,30세,경상
2020022900100410,2020년 2월 29일 23시,토요일,광주광역시 광산구 신창동,경상사고,0,0,1,0,차대차 - 기타,안전운전불이행,건조,맑음,교차로 - 교차로안,승용,남,26세,상해없음,승용,남,28세,기타불명
2020030100100011,2020년 3월 1일 00시,일요일,광주광역시 서구 쌍촌동,경상사고,0,0,1,0,차대사람 - 기타,안전운전불이행,건조,맑음,단일로 - 기타,승용,남,32세,상해없음,보행자,남,26세,경상
2020030100100055,2020년 3월 1일 07시,일요일,광주광역시 북구 오치동,경상사고,0,0,1,0,차대차 - 기타,교차로운행방법위반,젖음/습기,흐림,교차로 - 교차로부근,이륜,남,23세,경상,승용,남,53세,상해없음
2020030100100085,2020년 3월 1일 11시,일요일,광주광역시 광산구 도산동,경상사고,0,0,1,0,차대사람 - 기타,안전운전불이행,건조,맑음,주차장 - 주차장,승용,여,62세,상해없음,보행자,여,59세,경상
2020030100100124,2020년 3월 1일 13시,일요일,광주광역시 북구 운암동,경상사고,0,0,1,0,차대차 - 측면충돌,안전거리미확보,건조,맑음,단일로 - 기타,승용,남,74세,기타불명,승용,남,29세,경상
2020030100100188,2020년 3월 1일 17시,일요일,광주광역시 북구 신안동,경상사고,0,0,3,0,차대차 - 측면충돌,안전운전불이행,건조,맑음,단일로 - 기타,승용,남,39세,기타불명,승용,여,64세,기타불명
2020030100100210,2020년 3월 1일 18시,일요일,광주광역시 북구 오치동,경상사고,0,0,1,0,차대차 - 기타,안전운전불이행,건조,흐림,단일로 - 기타,이륜,남,18세,상해없음,이륜,남,23세,경상
2020030100100211,2020년 3월 1일 18시,일요일,광주광역시 광산구 수완동,경상사고,0,0,2,0,차대차 - 측면충돌,안전운전불이행,건조,맑음,단일로 - 기타,기타불명,기타불명,미분류,기타불명,승용,남,22세,상해없음
2020030100100264,2020년 3월 1일 21시,일요일,광주광역시 서구 광천동,경상사고,0,0,1,0,차대차 - 측면충돌,안전운전불이행,건조,맑음,단일로 - 기타,승용,남,62세,상해없음,개인형이동수단(PM),남,61세,경상
2020030200100020,2020년 3월 2일 03시,월요일,광주광역시 북구 두암동,중상사고,0,1,0,0,차대사람 - 횡단중,안전운전불이행,건조,맑음,교차로 - 교차로부근,승용,남,52세,기타불명,보행자,여,65세,중상
2020030200100026,2020년 3월 2일 04시,월요일,광주광역시 남구 월산동,경상사고,0,0,1,0,차대차 - 추돌,안전운전불이행,건조,맑음,기타 - 기타,승용,남,34세,상해없음,승용,남,70세,경상
2020030200100045,2020년 3월 2일 06시,월요일,광주광역시 북구 운암동,경상사고,0,0,1,1,차대차 - 측면충돌,신호위반,건조,맑음,교차로 - 교차로안,이륜,남,34세,부상신고,승용,남,64세,경상
2020030200100046,2020년 3월 2일 06시,월요일,광주광역시 북구 각화동,경상사고,0,0,3,0,차대차 - 측면충돌,안전거리미확보,건조,맑음,교차로 - 교차로안,승용,남,69세,경상,승용,남,53세,경상
2020030200100065,2020년 3월 2일 07시,월요일,광주광역시 남구 봉선동,경상사고,0,0,1,0,차대차 - 측면충돌,안전운전불이행,건조,맑음,단일로 - 기타,승용,여,54세,상해없음,승용,남,43세,경상
2020030200100089,2020년 3월 2일 08시,월요일,광주광역시 서구 벽진동,경상사고,0,0,1,0,차대차 - 추돌,안전운전불이행,건조,맑음,단일로 - 기타,승용,여,49세,상해없음,승용,남,38세,경상
2020030200100090,2020년 3월 2일 08시,월요일,광주광역시 서구 쌍촌동,경상사고,0,0,1,0,차량단독 - 기타,기타,건조,맑음,단일로 - 기타,승합,남,55세,상해없음,,,,
2020030200100091,2020년 3월 2일 08시,월요일,광주광역시 북구 두암동,경상사고,0,0,1,0,차대차 - 측면충돌,안전거리미확보,건조,맑음,단일로 - 기타,건설기계,남,45세,기타불명,승용,여,47세,경상
2020030200100109,2020년 3월 2일 09시,월요일,광주광역시 북구 두암동,경상사고,0,0,2,0,차대차 - 측면충돌,신호위반,건조,맑음,교차로 - 교차로안,이륜,남,82세,경상,화물,남,75세,경상
2020030200100136,2020년 3월 2일 10시,월요일,광주광역시 북구 운암동,경상사고,0,0,1,0,차대차 - 추돌,안전거리미확보,건조,맑음,교차로 - 교차로부근,화물,남,61세,상해없음,승용,남,53세,경상
2020030200100167,2020년 3월 2일 11시,월요일,광주광역시 북구 신안동,경상사고,0,0,2,0,차대차 - 측면충돌,안전운전불이행,건조,맑음,교차로 - 교차로안,승용,여,45세,상해없음,승용,여,36세,경상
2020030200100188,2020년 3월 2일 12시,월요일,광주광역시 서구 광천동,경상사고,0,0,2,0,차대차 - 측면충돌,교차로운행방법위반,건조,맑음,교차로 - 교차로안,승용,여,62세,경상,승용,여,26세,경상
2020030200100189,2020년 3월 2일 12시,월요일,광주광역시 서구 풍암동,경상사고,0,0,1,0,차대차 - 측면충돌,불법유턴,건조,맑음,교차로 - 교차로안,건설기계,남,55세,기타불명,승용,여,41세,경상
2020030200100214,2020년 3월 2일 13시,월요일,광주광역시 남구 서동,경상사고,0,0,1,0,차대차 - 측면충돌,교차로운행방법위반,건조,맑음,교차로 - 교차로안,승용,여,46세,기타불명,원동기,남,63세,경상
2020030200100215,2020년 3월 2일 13시,월요일,광주광역시 광산구 선암동,경상사고,0,0,1,0,차대차 - 측면충돌,안전운전불이행,건조,맑음,기타 - 기타,승용,여,34세,상해없음,자전거,남,9세,경상
2020030200100264,2020년 3월 2일 15시,월요일,광주광역시 남구 진월동,경상사고,0,0,5,0,차대차 - 추돌,신호위반,건조,맑음,교차로 - 교차로안,화물,남,74세,상해없음,화물,남,58세,경상
2020030200100265,2020년 3월 2일 15시,월요일,광주광역시 광산구 도천동,경상사고,0,0,1,0,차대차 - 측면충돌,안전거리미확보,건조,맑음,단일로 - 기타,승용,여,45세,상해없음,승용,여,54세,경상
2020030200100293,2020년 3월 2일 16시,월요일,광주광역시 남구 월산동,경상사고,0,0,3,0,차대차 - 측면충돌,교차로운행방법위반,건조,맑음,교차로 - 교차로안,승용,남,63세,상해없음,승용,남,27세,경상
2020030200100320,2020년 3월 2일 17시,월요일,광주광역시 서구 쌍촌동,경상사고,0,0,1,0,차대차 - 측면충돌,안전운전불이행,건조,맑음,교차로 - 교차로부근,승용,여,35세,상해없음,승용,여,44세,경상
2020030200100321,2020년 3월 2일 17시,월요일,광주광역시 북구 양산동,경상사고,0,0,4,0,차대차 - 기타,안전운전불이행,건조,맑음,교차로 - 교차로안,화물,남,45세,상해없음,승용,남,20세,경상
2020030200100322,2020년 3월 2일 17시,월요일,광주광역시 광산구 장덕동,경상사고,0,0,1,0,차대차 - 측면충돌,안전운전불이행,건조,맑음,교차로 - 교차로안,승용,여,41세,상해없음,승용,남,51세,경상
2020030200100354,2020년 3월 2일 18시,월요일,광주광역시 광산구 신창동,중상사고,0,1,0,1,차대차 - 측면충돌,직진우회전진행방해,건조,맑음,교차로 - 교차로안,승용,남,48세,부상신고,승용,여,52세,중상
2020030200100406,2020년 3월 2일 20시,월요일,광주광역시 남구 송하동,경상사고,0,0,2,0,차대차 - 추돌,안전운전불이행,건조,맑음,교차로 - 교차로부근,승용,남,44세,상해없음,화물,남,54세,경상
2020030200100407,2020년 3월 2일 20시,월요일,광주광역시 북구 운암동,경상사고,0,0,1,0,차대차 - 측면충돌,안전운전불이행,건조,흐림,단일로 - 기타,승용,남,60세,상해없음,승합,남,62세,경상
2020030200100454,2020년 3월 2일 23시,월요일,광주광역시 서구 양동,경상사고,0,0,1,0,차대차 - 추돌,안전운전불이행,건조,흐림,단일로 - 기타,승용,남,32세,상해없음,승용,남,45세,경상
2020030300100009,2020년 3월 3일 00시,화요일,광주광역시 동구 학동,중상사고,0,2,0,0,차대차 - 측면충돌,안전운전불이행,건조,맑음,단일로 - 기타,승용,남,65세,상해없음,이륜,남,20세,중상
2020030300100032,2020년 3월 3일 04시,화요일,광주광역시 남구 주월동,중상사고,0,1,0,0,차대차 - 기타,신호위반,건조,맑음,교차로 - 교차로안,승용,남,61세,상해없음,승용,남,44세,상해없음
2020030300100092,2020년 3월 3일 08시,화요일,광주광역시 광산구 도천동,중상사고,0,1,1,0,차대차 - 측면충돌,교차로운행방법위반,건조,맑음,단일로 - 기타,화물,남,29세,상해없음,승용,남,29세,중상
2020030300100111,2020년 3월 3일 09시,화요일,광주광역시 서구 치평동,경상사고,0,0,1,0,차대차 - 추돌,안전운전불이행,건조,맑음,단일로 - 기타,승용,남,18세,상해없음,승용,여,31세,경상
2020030300100112,2020년 3월 3일 09시,화요일,광주광역시 광산구 옥동,경상사고,0,0,1,0,차대차 - 측면충돌,안전운전불이행,건조,맑음,교차로 - 교차로안,승용,남,77세,상해없음,승용,남,42세,경상
2020030300100157,2020년 3월 3일 11시,화요일,광주광역시 서구 벽진동,경상사고,0,0,2,0,차대차 - 측면충돌,안전운전불이행,건조,맑음,교차로 - 교차로안,승용,남,33세,경상,화물,남,51세,경상
2020030300100158,2020년 3월 3일 11시,화요일,광주광역시 북구 운암동,중상사고,0,1,0,0,차대사람 - 기타,안전운전불이행,건조,맑음,교차로 - 교차로안,승용,남,82세,상해없음,보행자,남,73세,중상
2020030300100179,2020년 3월 3일 12시,화요일,광주광역시 북구 각화동,경상사고,0,0,1,0,차대사람 - 횡단중,안전운전불이행,건조,맑음,교차로 - 교차로횡단보도내,기타불명,기타불명,미분류,기타불명,보행자,남,64세,경상
2020030300100218,2020년 3월 3일 14시,화요일,광주광역시 북구 삼각동,경상사고,0,0,1,0,차대차 - 기타,안전운전불이행,건조,맑음,단일로 - 기타,화물,남,45세,상해없음,승용,여,39세,경상
2020030300100219,2020년 3월 3일 14시,화요일,광주광역시 광산구 우산동,경상사고,0,0,1,0,차대차 - 기타,안전운전불이행,건조,맑음,단일로 - 기타,승용,남,30세,상해없음,화물,남,68세,경상
2020030300100220,2020년 3월 3일 14시,화요일,광주광역시 광산구 산정동,경상사고,0,0,1,0,차대차 - 측면충돌,신호위반,건조,맑음,교차로 - 교차로횡단보도내,화물,남,62세,상해없음,자전거,남,11세,경상
2020030300100254,2020년 3월 3일 16시,화요일,광주광역시 서구 내방동,경상사고,0,0,2,0,차대차 - 측면충돌,안전운전불이행,건조,맑음,단일로 - 기타,승용,남,67세,상해없음,승용,여,75세,경상
2020030300100255,2020년 3월 3일 16시,화요일,광주광역시 남구 월산동,중상사고,0,1,0,0,차대차 - 측면충돌,안전운전불이행,건조,맑음,단일로 - 기타,승용,여,45세,상해없음,이륜,남,48세,중상
2020030300100271,2020년 3월 3일 17시,화요일,광주광역시 서구 치평동,중상사고,0,1,0,0,차량단독 - 기타,기타,건조,맑음,단일로 - 기타,승합,남,44세,상해없음,,,,
2020030300100272,2020년 3월 3일 17시,화요일,광주광역시 남구 주월동,경상사고,0,0,1,0,차량단독 - 기타,안전운전불이행,건조,맑음,단일로 - 기타,승용,남,71세,상해없음,,,,
2020030300100273,2020년 3월 3일 17시,화요일,광주광역시 북구 문흥동,경상사고,0,0,1,0,차대차 - 측면충돌,신호위반,건조,맑음,교차로 - 교차로안,승용,남,62세,상해없음,승용,남,57세,경상
2020030300100329,2020년 3월 3일 19시,화요일,광주광역시 남구 노대동,경상사고,0,0,2,0,차대차 - 후진중충돌,안전운전불이행,건조,맑음,단일로 - 기타,승용,남,62세,상해없음,승용,여,38세,경상
2020030300100330,2020년 3월 3일 19시,화요일,광주광역시 광산구 대산동,경상사고,0,0,1,0,차대차 - 정면충돌,중앙선침범,건조,맑음,단일로 - 기타,승용,여,58세,상해없음,승용,남,42세,경상
2020030300100358,2020년 3월 3일 20시,화요일,광주광역시 광산구 비아동,중상사고,0,1,0,0,차대사람 - 기타,안전운전불이행,건조,맑음,단일로 - 기타,화물,남,62세,기타불명,보행자,여,60세,중상
2020030300100376,2020년 3월 3일 21시,화요일,광주광역시 북구 오치동,경상사고,0,0,1,0,차대사람 - 차도통행중,안전운전불이행,건조,맑음,단일로 - 기타,승용,남,44세,상해없음,보행자,남,43세,경상
2020030300100377,2020년 3월 3일 21시,화요일,광주광역시 광산구 송정동,경상사고,0,0,1,0,차대차 - 측면충돌,안전운전불이행,건조,맑음,교차로 - 교차로안,승용,남,44세,상해없음,승용,여,33세,경상
2020030300100394,2020년 3월 3일 22시,화요일,광주광역시 서구 풍암동,경상사고,0,0,1,0,차대차 - 측면충돌,중앙선침범,건조,맑음,단일로 - 기타,승용,남,35세,상해없음,승용,남,41세,경상
2020030300100395,2020년 3월 3일 22시,화요일,광주광역시 북구 유동,경상사고,0,0,1,0,차대차 - 기타,안전거리미확보,건조,맑음,단일로 - 기타,승용,여,45세,기타불명,승용,남,23세,경상
2020030400100013,2020년 3월 4일 00시,수요일,광주광역시 북구 동림동,경상사고,0,0,1,0,차량단독 - 기타,안전운전불이행,건조,맑음,단일로 - 기타,승용,남,56세,상해없음,,,,
2020030400100036,2020년 3월 4일 05시,수요일,광주광역시 광산구 우산동,경상사고,0,0,1,0,차대차 - 측면충돌,교차로운행방법위반,건조,맑음,교차로 - 교차로안,승용,남,26세,상해없음,화물,남,66세,경상
2020030400100055,2020년 3월 4일 07시,수요일,광주광역시 남구 진월동,경상사고,0,0,1,0,차대차 - 측면충돌,안전거리미확보,건조,맑음,단일로 - 기타,화물,남,72세,상해없음,승용,여,29세,경상
2020030400100076,2020년 3월 4일 08시,수요일,광주광역시 광산구 쌍암동,경상사고,0,0,1,0,차대차 - 측면충돌,안전거리미확보,건조,맑음,단일로 - 기타,승용,여,54세,상해없음,승용,여,39세,경상
2020030400100087,2020년 3월 4일 09시,수요일,광주광역시 서구 쌍촌동,경상사고,0,0,3,0,차대차 - 측면충돌,차로위반,건조,맑음,단일로 - 기타,승용,남,53세,경상,승용,남,52세,경상
2020030400100088,2020년 3월 4일 09시,수요일,광주광역시 북구 양산동,경상사고,0,0,1,0,차대차 - 측면충돌,교차로운행방법위반,건조,맑음,교차로 - 교차로안,승용,남,45세,기타불명,승용,남,37세,경상
2020030400100134,2020년 3월 4일 11시,수요일,광주광역시 서구 화정동,중상사고,0,1,1,0,차대차 - 추돌,안전운전불이행,건조,맑음,단일로 - 기타,건설기계,남,53세,상해없음,승합,남,52세,경상
2020030400100135,2020년 3월 4일 11시,수요일,광주광역시 남구 송하동,경상사고,0,0,1,0,차대차 - 측면충돌,교차로운행방법위반,건조,맑음,교차로 - 교차로안,승용,여,67세,상해없음,승용,여,43세,경상
2020030400100160,2020년 3월 4일 12시,수요일,광주광역시 서구 화정동,경상사고,0,0,4,0,차대차 - 추돌,차로위반,건조,맑음,단일로 - 기타,승용,남,53세,상해없음,승용,남,19세,경상
2020030400100161,2020년 3월 4일 12시,수요일,광주광역시 남구 양과동,경상사고,0,0,1,0,차대사람 - 기타,안전운전불이행,건조,맑음,단일로 - 기타,화물,남,42세,상해없음,보행자,남,30세,경상
2020030400100181,2020년 3월 4일 13시,수요일,광주광역시 서구 화정동,경상사고,0,0,3,0,차대차 - 추돌,불법유턴,건조,맑음,단일로 - 기타,승용,여,57세,상해없음,승용,남,48세,경상
2020030400100224,2020년 3월 4일 15시,수요일,광주광역시 광산구 우산동,경상사고,0,0,1,0,차대사람 - 기타,안전운전불이행,건조,맑음,단일로 - 기타,승용,여,53세,상해없음,보행자,남,9세,경상
2020030400100254,2020년 3월 4일 16시,수요일,광주광역시 남구 백운동,경상사고,0,0,1,0,차대사람 - 횡단중,신호위반,건조,맑음,교차로 - 교차로횡단보도내,원동기,남,83세,상해없음,보행자,남,66세,경상
2020030400100255,2020년 3월 4일 16시,수요일,광주광역시 남구 양림동,경상사고,0,0,1,0,차대차 - 측면충돌,신호위반,건조,맑음,교차로 - 교차로안,화물,남,34세,상해없음,승용,남,63세,경상
2020030400100256,2020년 3월 4일 16시,수요일,광주광역시 광산구 운남동,경상사고,0,0,1,0,차대차 - 측면충돌,차로위반,건조,맑음,단일로 - 기타,승용,여,51세,상해없음,승용,남,29세,경상
2020030400100286,2020년 3월 4일 17시,수요일,광주광역시 남구 월산동,중상사고,0,1,0,0,차대차 - 측면충돌,안전운전불이행,건조,맑음,교차로 - 교차로부근,승용,남,23세,상해없음,이륜,남,39세,중상
2020030400100314,2020년 3월 4일 18시,수요일,광주광역시 동구 황금동,경상사고,0,0,1,0,차대사람 - 기타,안전운전불이행,건조,맑음,단일로 - 기타,화물,남,44세,상해없음,보행자,여,14세,경상
2020030400100315,2020년 3월 4일 18시,수요일,광주광역시 광산구 장덕동,경상사고,0,0,1,0,차대차 - 측면충돌,안전거리미확보,건조,맑음,단일로 - 기타,이륜,남,25세,경상,승용,남,60세,상해없음
2020030400100375,2020년 3월 4일 20시,수요일,광주광역시 남구 봉선동,경상사고,0,0,1,0,차대차 - 측면충돌,안전운전불이행,건조,맑음,주차장 - 주차장,승용,남,63세,상해없음,승용,남,28세,경상
2020030400100404,2020년 3월 4일 21시,수요일,광주광역시 서구 유촌동,경상사고,0,0,1,0,차대차 - 측면충돌,신호위반,건조,맑음,교차로 - 교차로안,승용,남,26세,상해없음,승합,남,46세,경상
2020030400100405,2020년 3월 4일 21시,수요일,광주광역시 북구 동림동,경상사고,0,0,2,0,차대차 - 추돌,안전운전불이행,건조,맑음,교차로 - 교차로부근,승용,남,66세,기타불명,승용,남,40세,경상
2020030400100406,2020년 3월 4일 21시,수요일,광주광역시 광산구 신가동,경상사고,0,0,1,0,차대차 - 측면충돌,직진우회전진행방해,젖음/습기,눈,교차로 - 교차로안,승용,남,58세,상해없음,승용,여,49세,경상
2020030400100443,2020년 3월 4일 23시,수요일,광주광역시 북구 용봉동,경상사고,0,0,1,0,차대차 - 측면충돌,교차로운행방법위반,건조,맑음,교차로 - 교차로안,승용,남,24세,상해없음,승용,남,36세,경상
2020030500100029,2020년 3월 5일 02시,목요일,광주광역시 동구 금남로5가,경상사고,0,0,2,0,차대차 - 측면충돌,신호위반,건조,맑음,교차로 - 교차로안,승용,남,34세,상해없음,승용,남,48세,경상
2020030500100059,2020년 3월 5일 06시,목요일,광주광역시 광산구 운남동,경상사고,0,0,1,0,차대차 - 측면충돌,안전운전불이행,건조,흐림,단일로 - 기타,승용,남,57세,상해없음,승용,여,49세,경상
2020030500100132,2020년 3월 5일 09시,목요일,광주광역시 북구 용봉동,경상사고,0,0,1,0,차대차 - 측면충돌,안전운전불이행,건조,맑음,교차로 - 교차로안,자전거,남,73세,경상,승용,남,40세,상해없음
2020030500100133,2020년 3월 5일 09시,목요일,광주광역시 북구 동림동,경상사고,0,0,3,0,차대차 - 측면충돌,안전운전불이행,건조,맑음,교차로 - 교차로안,화물,남,55세,경상,화물,남,34세,경상
2020030500100179,2020년 3월 5일 11시,목요일,광주광역시 서구 풍암동,경상사고,0,0,1,0,차대차 - 측면충돌,안전운전불이행,건조,맑음,교차로 - 교차로안,승용,남,22세,상해없음,승용,여,40세,경상
2020030500100201,2020년 3월 5일 12시,목요일,광주광역시 북구 연제동,경상사고,0,0,1,0,차대차 - 기타,안전운전불이행,건조,맑음,단일로 - 기타,승용,남,75세,상해없음,승용,남,67세,경상
2020030500100226,2020년 3월 5일 13시,목요일,광주광역시 동구 대인동,중상사고,0,1,0,0,차대사람 - 기타,안전운전불이행,건조,맑음,단일로 - 기타,승용,남,77세,상해없음,보행자,여,65세,중상
2020030500100227,2020년 3월 5일 13시,목요일,광주광역시 광산구 옥동,경상사고,0,0,2,0,차대차 - 측면충돌,교차로운행방법위반,건조,맑음,교차로 - 교차로안,승용,여,30세,경상,화물,남,40세,경상
2020030500100277,2020년 3월 5일 15시,목요일,광주광역시 광산구 도산동,중상사고,0,1,0,0,차대차 - 측면충돌,신호위반,건조,맑음,교차로 - 교차로안,승용,남,63세,상해없음,자전거,남,48세,중상
2020030500100292,2020년 3월 5일 16시,목요일,광주광역시 광산구 송정동,부상신고사고,0,0,0,1,차대차 - 측면충돌,안전운전불이행,건조,맑음,교차로 - 교차로안,자전거,여,80세,부상신고,자전거,남,73세,상해없음
2020030500100322,2020년 3월 5일 17시,목요일,광주광역시 광산구 비아동,경상사고,0,0,2,0,차대차 - 추돌,안전운전불이행,건조,맑음,단일로 - 기타,승용,남,25세,상해없음,승용,여,36세,경상
2020030500100369,2020년 3월 5일 18시,목요일,광주광역시 동구 계림동,경상사고,0,0,1,0,차대사람 - 기타,안전운전불이행,건조,흐림,단일로 - 기타,승용,여,59세,상해없음,보행자,여,58세,경상
2020030500100370,2020년 3월 5일 18시,목요일,광주광역시 서구 내방동,중상사고,0,1,0,0,차대차 - 측면충돌,중앙선침범,건조,맑음,단일로 - 기타,승용,남,64세,상해없음,이륜,남,32세,중상
2020030500100371,2020년 3월 5일 18시,목요일,광주광역시 광산구 흑석동,중상사고,0,1,1,0,차대차 - 측면충돌,신호위반,건조,맑음,교차로 - 교차로안,승용,남,73세,상해없음,승용,남,36세,경상
2020030500100372,2020년 3월 5일 18시,목요일,광주광역시 광산구 우산동,경상사고,0,0,2,0,차대차 - 측면충돌,안전운전불이행,건조,맑음,교차로 - 교차로부근,화물,남,60세,상해없음,승용,남,53세,경상
2020030500100408,2020년 3월 5일 19시,목요일,광주광역시 남구 방림동,경상사고,0,0,3,0,차대차 - 기타,안전거리미확보,건조,맑음,단일로 - 기타,승합,남,58세,상해없음,승용,남,44세,경상
2020030500100459,2020년 3월 5일 21시,목요일,광주광역시 서구 매월동,경상사고,0,0,3,0,차대차 - 추돌,안전운전불이행,건조,맑음,교차로 - 교차로부근,승용,여,40세,상해없음,승용,남,32세,경상
2020030500100502,2020년 3월 5일 23시,목요일,광주광역시 북구 삼각동,중상사고,0,1,0,0,차대차 - 측면충돌,신호위반,건조,맑음,교차로 - 교차로안,이륜,남,43세,중상,화물,남,41세,상해없음
2020030600100025,2020년 3월 6일 01시,금요일,광주광역시 북구 일곡동,경상사고,0,0,2,0,차대차 - 측면충돌,신호위반,건조,맑음,교차로 - 교차로안,이륜,남,33세,경상,이륜,남,32세,경상
2020030600100028,2020년 3월 6일 02시,금요일,광주광역시 서구 금호동,경상사고,0,0,3,0,차대차 - 추돌,안전운전불이행,건조,맑음,교차로 - 교차로부근,승용,남,28세,상해없음,승용,여,52세,경상
2020030600100145,2020년 3월 6일 09시,금요일,광주광역시 서구 유촌동,경상사고,0,0,1,0,차대차 - 측면충돌,신호위반,건조,맑음,교차로 - 교차로안,승용,남,26세,상해없음,승용,남,72세,경상
2020030600100196,2020년 3월 6일 11시,금요일,광주광역시 남구 주월동,경상사고,0,0,1,0,차대차 - 측면충돌,안전거리미확보,건조,맑음,교차로 - 교차로부근,승용,남,68세,상해없음,이륜,남,48세,경상
2020030600100247,2020년 3월 6일 13시,금요일,광주광역시 서구 화정동,중상사고,0,1,0,0,차대사람 - 횡단중,안전운전불이행,건조,맑음,교차로 - 교차로부근,승용,남,39세,상해없음,보행자,남,68세,중상
2020030600100249,2020년 3월 6일 13시,금요일,광주광역시 남구 양림동,경상사고,0,0,3,0,차대차 - 측면충돌,신호위반,건조,맑음,교차로 - 교차로안,승용,여,45세,상해없음,승용,남,22세,경상