사고번호,사고일시,요일,시군구,사고내용,사망자수,중상자수,경상자수,부상신고자수,사고유형,법규위반,노면상태,기상상태,도로형태,가해운전자 차종,가해운전자 성별,가해운전자 연령,가해운전자 상해정도,피해운전자 차종,피해운전자 성별,피해운전자 연령,피해운전자 상해정도
2020030600100313,2020년 3월 6일 15시,금요일,광주광역시 동구 대인동,경상사고,0,0,2,0,차대차 - 기타,안전거리미확보,건조,맑음,단일로 - 기타,승용,남,54세,상해없음,승용,남,19세,경상
2020030600100314,2020년 3월 6일 15시,금요일,광주광역시 서구 쌍촌동,경상사고,0,0,1,0,차대사람 - 횡단중,안전운전불이행,건조,맑음,단일로 - 기타,승용,여,63세,상해없음,보행자,여,23세,경상
2020030600100405,2020년 3월 6일 17시,금요일,광주광역시 북구 대촌동,경상사고,0,0,1,0,차대차 - 기타,교차로운행방법위반,건조,맑음,교차로 - 교차로안,자전거,남,58세,경상,승합,남,53세,상해없음
2020030600100406,2020년 3월 6일 17시,금요일,광주광역시 북구 풍향동,경상사고,0,0,1,0,차대차 - 기타,안전거리미확보,건조,맑음,단일로 - 기타,승용,남,50세,상해없음,승용,남,42세,경상
2020030600100407,2020년 3월 6일 17시,금요일,광주광역시 광산구 송정동,경상사고,0,0,1,0,차대차 - 측면충돌,안전운전불이행,건조,맑음,단일로 - 기타,화물,남,55세,상해없음,승용,남,61세,경상
2020030600100449,2020년 3월 6일 18시,금요일,광주광역시 서구 내방동,경상사고,0,0,1,0,차대차 - 추돌,안전운전불이행,건조,맑음,단일로 - 기타,승용,남,57세,상해없음,승용,남,34세,경상
2020030600100450,2020년 3월 6일 18시,금요일,광주광역시 광산구 신촌동,중상사고,0,1,0,0,차대차 - 측면충돌,중앙선침범,건조,맑음,단일로 - 기타,승용,남,60세,상해없음,이륜,남,51세,중상
2020030600100483,2020년 3월 6일 19시,금요일,광주광역시 서구 치평동,경상사고,0,0,1,0,차대차 - 측면충돌,안전거리미확보,건조,맑음,교차로 - 교차로부근,승용,남,63세,상해없음,승용,남,23세,경상
2020030600100512,2020년 3월 6일 20시,금요일,광주광역시 광산구 하남동,경상사고,0,0,1,0,차대차 - 추돌,차로위반,건조,맑음,교차로 - 교차로부근,승용,남,43세,상해없음,승용,여,26세,경상
2020030600100557,2020년 3월 6일 22시,금요일,광주광역시 서구 농성동,중상사고,0,1,1,0,차대차 - 측면충돌,안전운전불이행,건조,맑음,단일로 - 기타,이륜,남,53세,중상,승용,남,28세,경상
2020030600100580,2020년 3월 6일 23시,금요일,광주광역시 북구 동림동,중상사고,0,1,0,0,차대사람 - 기타,안전운전불이행,건조,맑음,단일로 - 기타,승용,남,33세,상해없음,보행자,남,37세,중상
2020030700100022,2020년 3월 7일 01시,토요일,광주광역시 서구 동천동,경상사고,0,0,1,0,차대차 - 추돌,안전운전불이행,건조,맑음,교차로 - 교차로부근,승용,남,52세,상해없음,승용,여,38세,경상
2020030700100023,2020년 3월 7일 01시,토요일,광주광역시 서구 유촌동,경상사고,0,0,2,0,차대차 - 추돌,안전운전불이행,건조,맑음,교차로 - 교차로부근,승용,여,47세,상해없음,승용,여,44세,경상
2020030700100032,2020년 3월 7일 02시,토요일,광주광역시 동구 장동,경상사고,0,0,4,0,차대차 - 추돌,안전운전불이행,건조,맑음,교차로 - 교차로부근,승용,남,50세,상해없음,승용,남,22세,경상
2020030700100042,2020년 3월 7일 03시,토요일,광주광역시 광산구 운남동,경상사고,0,0,1,0,차대사람 - 기타,안전운전불이행,건조,맑음,교차로 - 교차로부근,승용,남,30세,기타불명,보행자,남,31세,경상
2020030700100051,2020년 3월 7일 04시,토요일,광주광역시 광산구 수완동,경상사고,0,0,1,0,차대차 - 측면충돌,안전운전불이행,건조,맑음,단일로 - 기타,승용,여,47세,상해없음,승용,남,56세,경상
2020030700100126,2020년 3월 7일 10시,토요일,광주광역시 서구 벽진동,중상사고,0,1,1,0,차대차 - 측면충돌,교차로운행방법위반,건조,맑음,교차로 - 교차로안,승용,남,69세,경상,승용,남,30세,중상
2020030700100207,2020년 3월 7일 13시,토요일,광주광역시 광산구 선암동,경상사고,0,0,2,0,차대차 - 측면충돌,안전거리미확보,건조,맑음,단일로 - 기타,승용,남,22세,상해없음,승용,여,44세,경상
2020030700100277,2020년 3월 7일 16시,토요일,광주광역시 광산구 신가동,경상사고,0,0,1,0,차대차 - 측면충돌,안전운전불이행,건조,흐림,단일로 - 기타,승용,남,46세,경상,화물,남,51세,상해없음
2020030700100386,2020년 3월 7일 20시,토요일,광주광역시 서구 화정동,경상사고,0,0,1,0,차대사람 - 횡단중,신호위반,건조,흐림,단일로 - 기타,승용,여,38세,상해없음,보행자,여,37세,경상
2020030700100406,2020년 3월 7일 21시,토요일,광주광역시 광산구 수완동,경상사고,0,0,1,0,차대차 - 측면충돌,중앙선침범,건조,맑음,단일로 - 기타,승용,남,53세,상해없음,승용,남,45세,경상
2020030700100427,2020년 3월 7일 22시,토요일,광주광역시 서구 쌍촌동,경상사고,0,0,1,0,차대차 - 측면충돌,교차로운행방법위반,건조,맑음,교차로 - 교차로안,승용,여,54세,상해없음,승용,남,25세,경상
2020030800100032,2020년 3월 8일 02시,일요일,광주광역시 광산구 송정동,부상신고사고,0,0,0,1,차대차 - 측면충돌,신호위반,젖음/습기,안개,교차로 - 교차로안,원동기,남,37세,부상신고,승용,남,73세,상해없음
2020030800100048,2020년 3월 8일 04시,일요일,광주광역시 서구 치평동,경상사고,0,0,1,0,차대사람 - 기타,안전운전불이행,건조,흐림,교차로 - 교차로부근,승용,남,26세,상해없음,보행자,남,28세,경상
2020030800100071,2020년 3월 8일 07시,일요일,광주광역시 북구 두암동,경상사고,0,0,1,0,차대차 - 추돌,안전운전불이행,건조,맑음,교차로 - 교차로부근,승용,남,30세,상해없음,특수,남,51세,경상
2020030800100133,2020년 3월 8일 12시,일요일,광주광역시 북구 매곡동,경상사고,0,0,2,0,차량단독 - 전도전복 - 전도,안전운전불이행,건조,맑음,교차로 - 교차로안,이륜,남,21세,경상,,,,
2020030800100234,2020년 3월 8일 16시,일요일,광주광역시 서구 쌍촌동,경상사고,0,0,2,0,차대차 - 측면충돌,신호위반,건조,맑음,교차로 - 교차로안,승용,남,33세,상해없음,승용,남,62세,경상
2020030800100267,2020년 3월 8일 17시,일요일,광주광역시 남구 봉선동,경상사고,0,0,1,0,차대차 - 측면충돌,안전운전불이행,건조,맑음,교차로 - 교차로안,승용,남,41세,상해없음,승용,남,28세,경상
2020030800100337,2020년 3월 8일 20시,일요일,광주광역시 서구 쌍촌동,경상사고,0,0,1,0,차대사람 - 기타,안전운전불이행,건조,맑음,단일로 - 기타,승용,남,61세,상해없음,보행자,여,21세,경상
2020030800100371,2020년 3월 8일 23시,일요일,광주광역시 동구 금동,경상사고,0,0,1,0,차대사람 - 기타,안전운전불이행,건조,맑음,단일로 - 기타,승용,남,56세,상해없음,보행자,남,20세,경상
2020030800100372,2020년 3월 8일 23시,일요일,광주광역시 서구 화정동,경상사고,0,0,1,0,차대사람 - 기타,안전운전불이행,건조,맑음,단일로 - 기타,승용,여,59세,상해없음,보행자,남,70세,경상
2020030900100006,2020년 3월 9일 00시,월요일,광주광역시 광산구 우산동,중상사고,0,1,0,0,차대사람 - 기타,안전운전불이행,건조,맑음,단일로 - 기타,승용,남,35세,상해없음,보행자,남,49세,중상
2020030900100137,2020년 3월 9일 09시,월요일,광주광역시 북구 중흥동,경상사고,0,0,1,0,차대차 - 기타,안전운전불이행,건조,맑음,단일로 - 기타,자전거,남,36세,경상,화물,남,51세,상해없음
2020030900100138,2020년 3월 9일 09시,월요일,광주광역시 북구 연제동,경상사고,0,0,2,0,차대차 - 기타,안전거리미확보,건조,맑음,단일로 - 기타,승용,여,45세,기타불명,승용,남,25세,경상
2020030900100193,2020년 3월 9일 11시,월요일,광주광역시 서구 쌍촌동,경상사고,0,0,2,0,차대차 - 측면충돌,교차로운행방법위반,건조,맑음,교차로 - 교차로안,이륜,남,20세,경상,승용,여,36세,경상
2020030900100194,2020년 3월 9일 11시,월요일,광주광역시 북구 운암동,경상사고,0,0,1,0,차대차 - 측면충돌,안전운전불이행,건조,맑음,교차로 - 교차로안,승용,여,47세,기타불명,승용,남,66세,경상
2020030900100251,2020년 3월 9일 13시,월요일,광주광역시 남구 방림동,중상사고,0,1,0,0,차대사람 - 횡단중,안전운전불이행,건조,맑음,단일로 - 기타,승용,여,23세,상해없음,보행자,남,81세,중상
2020030900100276,2020년 3월 9일 14시,월요일,광주광역시 동구 계림동,중상사고,0,1,0,0,차대차 - 기타,안전운전불이행,건조,맑음,단일로 - 기타,승용,여,35세,상해없음,이륜,남,81세,중상
2020030900100277,2020년 3월 9일 14시,월요일,광주광역시 광산구 소촌동,경상사고,0,0,2,0,차대차 - 후진중충돌,안전운전불이행,건조,맑음,단일로 - 기타,화물,남,84세,기타불명,승용,남,31세,경상
2020030900100307,2020년 3월 9일 15시,월요일,광주광역시 북구 오치동,경상사고,0,0,1,0,차대사람 - 보도통행중,안전운전불이행,건조,맑음,단일로 - 기타,승용,여,37세,상해없음,보행자,여,55세,경상
2020030900100328,2020년 3월 9일 16시,월요일,광주광역시 광산구 고룡동,경상사고,0,0,1,0,차량단독 - 공작물충돌,안전운전불이행,건조,맑음,단일로 - 기타,화물,남,54세,경상,,,,
2020030900100397,2020년 3월 9일 18시,월요일,광주광역시 동구 운림동,경상사고,0,0,1,0,차대차 - 측면충돌,안전운전불이행,젖음/습기,비,단일로 - 고가도로위,화물,남,61세,상해없음,승용,여,48세,경상
2020030900100398,2020년 3월 9일 18시,월요일,광주광역시 서구 치평동,경상사고,0,0,1,0,차대차 - 측면충돌,신호위반,젖음/습기,비,교차로 - 교차로안,승용,남,25세,상해없음,승용,여,48세,경상
2020030900100399,2020년 3월 9일 18시,월요일,광주광역시 서구 풍암동,경상사고,0,0,1,0,차대사람 - 기타,기타,건조,맑음,기타 - 기타,승용,남,56세,상해없음,보행자,여,28세,경상
2020030900100400,2020년 3월 9일 18시,월요일,광주광역시 서구 화정동,경상사고,0,0,1,0,차대차 - 추돌,안전운전불이행,젖음/습기,비,교차로 - 교차로부근,승용,남,42세,상해없음,승용,남,51세,상해없음
2020030900100497,2020년 3월 9일 21시,월요일,광주광역시 서구 광천동,경상사고,0,0,1,0,차대차 - 측면충돌,안전운전불이행,젖음/습기,비,교차로 - 교차로부근,승합,남,49세,상해없음,승용,남,37세,경상
2020030900100539,2020년 3월 9일 23시,월요일,광주광역시 북구 오치동,경상사고,0,0,1,0,차대차 - 기타,안전운전불이행,젖음/습기,비,단일로 - 기타,승합,남,46세,상해없음,승용,남,38세,경상
2020030900100540,2020년 3월 9일 23시,월요일,광주광역시 북구 용봉동,경상사고,0,0,2,0,차대차 - 기타,교차로운행방법위반,건조,맑음,교차로 - 교차로안,승용,남,66세,상해없음,승용,남,47세,상해없음
2020030900100541,2020년 3월 9일 23시,월요일,광주광역시 광산구 운남동,부상신고사고,0,0,0,1,차대사람 - 횡단중,안전운전불이행,젖음/습기,비,단일로 - 기타,승용,남,44세,상해없음,보행자,남,40세,부상신고
2020031000100021,2020년 3월 10일 00시,화요일,광주광역시 남구 주월동,경상사고,0,0,2,0,차대차 - 추돌,안전운전불이행,젖음/습기,비,단일로 - 기타,승용,남,48세,상해없음,승용,남,32세,경상
2020031000100022,2020년 3월 10일 00시,화요일,광주광역시 광산구 장덕동,경상사고,0,0,1,0,차대차 - 측면충돌,안전운전불이행,젖음/습기,비,교차로 - 교차로안,화물,남,18세,상해없음,승용,남,29세,경상
2020031000100072,2020년 3월 10일 06시,화요일,광주광역시 남구 진월동,중상사고,0,1,0,0,차대사람 - 횡단중,안전운전불이행,건조,맑음,단일로 - 기타,승용,여,22세,상해없음,보행자,남,79세,중상
2020031000100176,2020년 3월 10일 11시,화요일,광주광역시 북구 대촌동,경상사고,0,0,2,0,차대차 - 추돌,안전운전불이행,젖음/습기,비,교차로 - 교차로부근,승합,남,63세,상해없음,승용,남,59세,경상
2020031000100229,2020년 3월 10일 13시,화요일,광주광역시 서구 광천동,경상사고,0,0,1,0,차대차 - 측면충돌,안전운전불이행,건조,맑음,단일로 - 기타,승용,남,65세,상해없음,승용,여,42세,경상
2020031000100272,2020년 3월 10일 15시,화요일,광주광역시 북구 중흥동,중상사고,0,1,0,0,차대차 - 측면충돌,교차로운행방법위반,젖음/습기,비,교차로 - 교차로안,승용,여,28세,상해없음,이륜,남,44세,중상
2020031000100295,2020년 3월 10일 16시,화요일,광주광역시 남구 주월동,중상사고,0,1,0,0,차대차 - 측면충돌,교차로운행방법위반,건조,맑음,교차로 - 교차로안,승용,여,62세,상해없음,자전거,남,74세,중상
2020031000100353,2020년 3월 10일 18시,화요일,광주광역시 동구 계림동,중상사고,0,1,1,0,차대차 - 측면충돌,교차로운행방법위반,건조,맑음,교차로 - 교차로부근,승용,남,73세,상해없음,승용,남,39세,경상
2020031000100391,2020년 3월 10일 19시,화요일,광주광역시 남구 방림동,경상사고,0,0,2,0,차대차 - 기타,안전운전불이행,건조,맑음,단일로 - 기타,승용,남,43세,상해없음,승용,남,62세,경상
2020031000100392,2020년 3월 10일 19시,화요일,광주광역시 북구 중흥동,경상사고,0,0,1,0,차대차 - 측면충돌,안전운전불이행,건조,맑음,교차로 - 교차로안,승용,여,38세,상해없음,이륜,남,28세,경상
2020031000100393,2020년 3월 10일 19시,화요일,광주광역시 광산구 하남동,경상사고,0,0,2,0,차대차 - 추돌,안전운전불이행,건조,맑음,교차로 - 교차로부근,기타불명,기타불명,미분류,기타불명,승용,여,21세,경상
2020031000100425,2020년 3월 10일 20시,화요일,광주광역시 동구 학동,중상사고,0,1,0,0,차대차 - 기타,신호위반,건조,맑음,교차로 - 교차로안,이륜,남,24세,중상,승용,남,51세,상해없음
2020031000100445,2020년 3월 10일 21시,화요일,광주광역시 남구 백운동,경상사고,0,0,4,0,차대차 - 정면충돌,중앙선침범,건조,맑음,단일로 - 기타,승용,남,18세,상해없음,승용,남,46세,경상
2020031000100446,2020년 3월 10일 21시,화요일,광주광역시 북구 신용동,경상사고,0,0,1,0,차대차 - 측면충돌,신호위반,건조,맑음,교차로 - 교차로안,승용,여,48세,상해없음,승용,남,56세,경상
2020031100100010,2020년 3월 11일 00시,수요일,광주광역시 북구 용봉동,경상사고,0,0,2,0,차대차 - 측면충돌,신호위반,건조,맑음,교차로 - 교차로안,화물,남,55세,경상,승용,남,26세,경상
2020031100100011,2020년 3월 11일 00시,수요일,광주광역시 광산구 우산동,경상사고,0,0,2,0,차대차 - 측면충돌,안전운전불이행,건조,맑음,단일로 - 기타,이륜,남,24세,경상,승용,남,34세,경상
2020031100100022,2020년 3월 11일 01시,수요일,광주광역시 북구 용봉동,부상신고사고,0,0,0,1,차대차 - 기타,교차로운행방법위반,건조,맑음,교차로 - 교차로안,승용,남,23세,상해없음,이륜,남,23세,부상신고
2020031100100023,2020년 3월 11일 01시,수요일,광주광역시 광산구 우산동,중상사고,0,1,1,0,차대차 - 추돌,안전운전불이행,건조,맑음,단일로 - 기타,승용,남,43세,상해없음,승용,남,51세,중상
2020031100100029,2020년 3월 11일 02시,수요일,광주광역시 북구 장등동,경상사고,0,0,2,0,차대차 - 기타,안전운전불이행,건조,맑음,단일로 - 기타,승용,남,68세,상해없음,승용,남,47세,경상
2020031100100076,2020년 3월 11일 07시,수요일,광주광역시 광산구 수완동,경상사고,0,0,2,0,차대차 - 측면충돌,안전거리미확보,건조,맑음,교차로 - 교차로부근,화물,남,50세,상해없음,승용,남,35세,경상
2020031100100105,2020년 3월 11일 08시,수요일,광주광역시 북구 충효동,경상사고,0,0,2,0,차대차 - 정면충돌,중앙선침범,건조,맑음,단일로 - 기타,승용,여,64세,경상,승용,여,53세,경상
2020031100100106,2020년 3월 11일 08시,수요일,광주광역시 광산구 소촌동,중상사고,0,1,0,0,차대차 - 추돌,안전운전불이행,건조,맑음,교차로 - 교차로부근,승용,남,48세,상해없음,이륜,남,45세,중상
2020031100100123,2020년 3월 11일 09시,수요일,광주광역시 북구 동림동,경상사고,0,0,1,0,차대차 - 측면충돌,안전운전불이행,건조,맑음,교차로 - 교차로부근,화물,남,69세,상해없음,승용,여,24세,경상
2020031100100149,2020년 3월 11일 10시,수요일,광주광역시 동구 계림동,경상사고,0,0,1,0,차대차 - 기타,신호위반,건조,맑음,단일로 - 기타,승용,남,28세,상해없음,자전거,여,74세,경상
2020031100100168,2020년 3월 11일 11시,수요일,광주광역시 동구 학동,경상사고,0,0,1,0,차대차 - 기타,신호위반,건조,맑음,교차로 - 교차로안,승용,여,43세,상해없음,이륜,남,37세,경상
2020031100100169,2020년 3월 11일 11시,수요일,광주광역시 서구 금호동,경상사고,0,0,1,0,차대사람 - 보도통행중,안전운전불이행,건조,맑음,단일로 - 기타,이륜,남,80세,상해없음,보행자,여,58세,경상
2020031100100170,2020년 3월 11일 11시,수요일,광주광역시 서구 농성동,경상사고,0,0,3,0,차대차 - 추돌,안전운전불이행,건조,맑음,단일로 - 기타,승용,남,55세,경상,승용,여,56세,경상
2020031100100202,2020년 3월 11일 12시,수요일,광주광역시 남구 양림동,중상사고,0,1,0,0,차대사람 - 기타,안전운전불이행,건조,맑음,교차로 - 교차로부근,화물,남,66세,상해없음,보행자,여,62세,중상
2020031100100259,2020년 3월 11일 14시,수요일,광주광역시 서구 금호동,경상사고,0,0,1,0,차대사람 - 횡단중,신호위반,건조,맑음,단일로 - 기타,승용,남,49세,상해없음,보행자,남,28세,경상
2020031100100299,2020년 3월 11일 15시,수요일,광주광역시 북구 두암동,경상사고,0,0,4,0,차대차 - 기타,안전거리미확보,건조,맑음,단일로 - 기타,승용,남,74세,상해없음,승용,여,42세,경상
2020031100100326,2020년 3월 11일 16시,수요일,광주광역시 서구 풍암동,경상사고,0,0,1,0,차대차 - 추돌,안전운전불이행,건조,맑음,교차로 - 교차로부근,승용,남,56세,상해없음,이륜,남,33세,경상
2020031100100373,2020년 3월 11일 17시,수요일,광주광역시 광산구 신창동,경상사고,0,0,2,0,차대차 - 측면충돌,안전운전불이행,건조,맑음,단일로 - 기타,승용,남,47세,상해없음,승용,여,38세,경상
2020031100100374,2020년 3월 11일 17시,수요일,광주광역시 광산구 월곡동,경상사고,0,0,6,0,차대차 - 측면충돌,차로위반,건조,맑음,교차로 - 교차로안,승용,남,38세,상해없음,승합,남,54세,경상
2020031100100412,2020년 3월 11일 18시,수요일,광주광역시 북구 용두동,중상사고,0,1,0,0,차대차 - 정면충돌,중앙선침범,건조,맑음,단일로 - 기타,승용,남,49세,상해없음,이륜,남,18세,중상
2020031100100447,2020년 3월 11일 19시,수요일,광주광역시 북구 풍향동,경상사고,0,0,1,0,차대차 - 기타,안전운전불이행,건조,맑음,단일로 - 기타,화물,남,36세,상해없음,승용,여,60세,경상
2020031100100475,2020년 3월 11일 20시,수요일,광주광역시 북구 우산동,부상신고사고,0,0,0,1,차대사람 - 기타,안전운전불이행,건조,맑음,단일로 - 기타,기타불명,기타불명,미분류,기타불명,보행자,남,22세,부상신고
2020031100100497,2020년 3월 11일 21시,수요일,광주광역시 서구 매월동,경상사고,0,0,2,0,차대차 - 추돌,안전운전불이행,건조,맑음,단일로 - 기타,승용,남,52세,상해없음,승용,남,23세,경상
2020031100100498,2020년 3월 11일 21시,수요일,광주광역시 광산구 신가동,경상사고,0,0,1,0,차대사람 - 기타,안전운전불이행,건조,맑음,단일로 - 기타,승용,남,35세,상해없음,보행자,남,51세,경상
2020031100100499,2020년 3월 11일 21시,수요일,광주광역시 광산구 산정동,중상사고,0,1,0,0,차대차 - 기타,안전운전불이행,건조,맑음,교차로 - 교차로안,이륜,남,24세,중상,승용,남,58세,상해없음
2020031200100009,2020년 3월 12일 00시,목요일,광주광역시 북구 연제동,사망사고,5,0,0,0,차량단독 - 공작물충돌,과속,건조,맑음,단일로 - 기타,승용,남,26세,사망,,,,
2020031200100047,2020년 3월 12일 05시,목요일,광주광역시 광산구 월계동,중상사고,0,1,2,0,차대차 - 측면충돌,신호위반,건조,맑음,교차로 - 교차로안,승용,여,44세,경상,승용,남,67세,경상
2020031200100145,2020년 3월 12일 09시,목요일,광주광역시 서구 풍암동,경상사고,0,0,1,0,차대차 - 측면충돌,안전거리미확보,건조,맑음,단일로 - 기타,승용,여,37세,상해없음,승용,여,43세,경상
2020031200100201,2020년 3월 12일 11시,목요일,광주광역시 동구 학동,경상사고,0,0,4,0,차대차 - 측면충돌,신호위반,건조,맑음,교차로 - 교차로안,승합,남,31세,경상,승용,여,49세,경상
2020031200100227,2020년 3월 12일 12시,목요일,광주광역시 광산구 도산동,경상사고,0,0,1,0,차대사람 - 횡단중,안전운전불이행,건조,맑음,교차로 - 교차로부근,승용,여,49세,상해없음,보행자,여,21세,경상
2020031200100266,2020년 3월 12일 13시,목요일,광주광역시 광산구 신가동,경상사고,0,0,4,1,차대차 - 측면충돌,과속,건조,맑음,단일로 - 기타,승용,남,55세,부상신고,승용,남,37세,경상
2020031200100292,2020년 3월 12일 14시,목요일,광주광역시 서구 풍암동,경상사고,0,0,1,0,차대차 - 측면충돌,안전운전불이행,건조,맑음,단일로 - 기타,원동기,남,33세,경상,승용,여,40세,상해없음
2020031200100293,2020년 3월 12일 14시,목요일,광주광역시 남구 진월동,경상사고,0,0,2,0,차대차 - 측면충돌,중앙선침범,건조,맑음,단일로 - 기타,승용,남,45세,상해없음,승용,남,65세,경상
2020031200100353,2020년 3월 12일 16시,목요일,광주광역시 서구 광천동,경상사고,0,0,3,0,차대차 - 측면충돌,안전운전불이행,건조,맑음,교차로 - 교차로부근,승용,남,38세,상해없음,승용,남,21세,경상
2020031200100354,2020년 3월 12일 16시,목요일,광주광역시 북구 운암동,경상사고,0,0,1,0,차대차 - 측면충돌,안전운전불이행,건조,맑음,단일로 - 기타,승용,남,60세,상해없음,승용,남,56세,상해없음
2020031200100355,2020년 3월 12일 16시,목요일,광주광역시 북구 본촌동,경상사고,0,0,2,0,차대차 - 측면충돌,안전운전불이행,건조,맑음,교차로 - 교차로부근,승용,여,18세,상해없음,승합,남,65세,상해없음
2020031200100391,2020년 3월 12일 17시,목요일,광주광역시 서구 유촌동,경상사고,0,0,1,0,차대차 - 측면충돌,차로위반,건조,맑음,교차로 - 교차로부근,승용,남,35세,기타불명,승용,남,49세,경상
2020031200100392,2020년 3월 12일 17시,목요일,광주광역시 광산구 우산동,경상사고,0,0,2,0,차대차 - 측면충돌,불법유턴,건조,맑음,단일로 - 기타,승용,남,59세,경상,승용,남,38세,경상
2020031200100433,2020년 3월 12일 18시,목요일,광주광역시 광산구 월곡동,경상사고,0,0,1,0,차대차 - 기타,안전거리미확보,건조,맑음,단일로 - 기타,승용,여,53세,상해없음,이륜,남,22세,경상
2020031200100468,2020년 3월 12일 19시,목요일,광주광역시 북구 유동,경상사고,0,0,4,0,차대차 - 측면충돌,교차로운행방법위반,건조,맑음,교차로 - 교차로안,승용,여,61세,상해없음,승용,남,18세,경상
2020031200100533,2020년 3월 12일 21시,목요일,광주광역시 서구 쌍촌동,중상사고,0,1,1,0,차대차 - 기타,신호위반,건조,맑음,교차로 - 교차로부근,이륜,남,31세,중상,승용,남,38세,경상
2020031200100534,2020년 3월 12일 21시,목요일,광주광역시 서구 쌍촌동,중상사고,0,1,2,0,차대차 - 정면충돌,안전운전불이행,건조,맑음,단일로 - 기타,승용,남,30세,경상,승용,남,25세,기타불명
2020031200100557,2020년 3월 12일 22시,목요일,광주광역시 광산구 수완동,경상사고,0,0,1,0,차대차 - 기타,안전운전불이행,건조,맑음,교차로 - 교차로부근,승용,여,52세,상해없음,승용,여,56세,경상
2020031200100574,2020년 3월 12일 23시,목요일,광주광역시 남구 월산동,경상사고,0,0,1,0,차대차 - 기타,안전운전불이행,건조,맑음,단일로 - 기타,승용,남,66세,상해없음,승용,남,50세,경상
2020031200100575,2020년 3월 12일 23시,목요일,광주광역시 광산구 우산동,경상사고,0,0,1,0,차대차 - 측면충돌,안전운전불이행,건조,맑음,교차로 - 교차로부근,승용,여,19세,상해없음,승용,남,42세,경상
2020031300100012,2020년 3월 13일 00시,금요일,광주광역시 서구 풍암동,경상사고,0,0,2,1,차대차 - 추돌,안전운전불이행,건조,맑음,교차로 - 교차로부근,승용,남,56세,상해없음,승용,남,42세,부상신고
2020031300100027,2020년 3월 13일 02시,금요일,광주광역시 광산구 신창동,부상신고사고,0,0,0,1,차대차 - 기타,안전운전불이행,건조,맑음,교차로 - 교차로안,기타불명,기타불명,미분류,기타불명,승용,남,29세,부상신고
2020031300100031,2020년 3월 13일 03시,금요일,광주광역시 북구 운암동,중상사고,0,1,0,0,차량단독 - 기타,안전운전불이행,건조,맑음,단일로 - 기타,개인형이동수단(PM),남,53세,중상,,,,
2020031300100056,2020년 3월 13일 06시,금요일,광주광역시 남구 양과동,경상사고,0,0,1,0,차량단독 - 기타,안전운전불이행,건조,맑음,단일로 - 기타,화물,남,35세,경상,,,,
2020031300100066,2020년 3월 13일 07시,금요일,광주광역시 북구 용두동,경상사고,0,0,1,0,차대차 - 추돌,기타,건조,맑음,교차로 - 교차로부근,승용,남,52세,상해없음,승용,여,28세,상해없음
2020031300100110,2020년 3월 13일 09시,금요일,광주광역시 서구 치평동,부상신고사고,0,0,0,1,차대차 - 추돌,안전운전불이행,건조,맑음,단일로 - 기타,승용,남,23세,상해없음,승용,남,52세,부상신고
2020031300100131,2020년 3월 13일 10시,금요일,광주광역시 동구 산수동,부상신고사고,0,0,0,1,차대차 - 후진중충돌,안전운전불이행,건조,맑음,단일로 - 기타,승용,여,59세,기타불명,승용,남,35세,부상신고
2020031300100132,2020년 3월 13일 10시,금요일,광주광역시 광산구 옥동,경상사고,0,0,1,0,차대차 - 측면충돌,안전운전불이행,건조,맑음,단일로 - 기타,승용,남,57세,상해없음,승용,남,44세,경상
2020031300100160,2020년 3월 13일 11시,금요일,광주광역시 동구 소태동,경상사고,0,0,3,0,차대차 - 기타,안전운전불이행,건조,맑음,교차로 - 교차로부근,화물,남,73세,상해없음,승용,남,27세,경상
2020031300100161,2020년 3월 13일 11시,금요일,광주광역시 서구 화정동,경상사고,0,0,1,0,차대차 - 측면충돌,신호위반,건조,맑음,교차로 - 교차로안,화물,남,73세,상해없음,승용,여,47세,경상
2020031300100189,2020년 3월 13일 12시,금요일,광주광역시 남구 주월동,경상사고,0,0,2,0,차대차 - 정면충돌,신호위반,건조,맑음,교차로 - 교차로안,승용,남,21세,상해없음,이륜,남,53세,경상
2020031300100190,2020년 3월 13일 12시,금요일,광주광역시 북구 오치동,경상사고,0,0,1,0,차대차 - 측면충돌,교차로운행방법위반,건조,맑음,교차로 - 교차로안,승용,남,59세,상해없음,승용,남,55세,경상
2020031300100252,2020년 3월 13일 14시,금요일,광주광역시 남구 방림동,경상사고,0,0,1,0,차대차 - 기타,신호위반,건조,맑음,교차로 - 교차로부근,승용,남,58세,상해없음,승용,여,34세,경상
2020031300100275,2020년 3월 13일 15시,금요일,광주광역시 서구 화정동,경상사고,0,0,2,0,차대차 - 기타,안전운전불이행,건조,맑음,단일로 - 기타,승용,여,52세,상해없음,승용,남,19세,경상
2020031300100276,2020년 3월 13일 15시,금요일,광주광역시 북구 각화동,경상사고,0,0,2,0,차대차 - 기타,교차로운행방법위반,건조,맑음,교차로 - 교차로안,승합,남,55세,상해없음,화물,남,71세,경상
2020031300100277,2020년 3월 13일 15시,금요일,광주광역시 광산구 신촌동,부상신고사고,0,0,0,1,차대차 - 측면충돌,안전운전불이행,건조,맑음,단일로 - 기타,승용,남,46세,상해없음,화물,남,46세,부상신고
2020031300100278,2020년 3월 13일 15시,금요일,광주광역시 광산구 신창동,경상사고,0,0,1,0,차대차 - 정면충돌,안전운전불이행,건조,맑음,단일로 - 기타,화물,남,74세,상해없음,승용,여,39세,경상