사고번호,사고일시,요일,시군구,사고내용,사망자수,중상자수,경상자수,부상신고자수,사고유형,법규위반,노면상태,기상상태,도로형태,가해운전자 차종,가해운전자 성별,가해운전자 연령,가해운전자 상해정도,피해운전자 차종,피해운전자 성별,피해운전자 연령,피해운전자 상해정도
2020032000100147,2020년 3월 20일 09시,금요일,광주광역시 남구 진월동,중상사고,0,1,0,0,차대사람 - 기타,안전운전불이행,건조,맑음,단일로 - 기타,승용,여,48세,상해없음,보행자,남,53세,중상
2020032000100170,2020년 3월 20일 10시,금요일,광주광역시 동구 충장로4가,경상사고,0,0,1,0,차량단독 - 기타,안전운전불이행,건조,맑음,단일로 - 기타,승합,남,31세,상해없음,,,,
2020032000100171,2020년 3월 20일 10시,금요일,광주광역시 북구 유동,경상사고,0,0,1,0,차대차 - 측면충돌,교차로운행방법위반,건조,맑음,교차로 - 교차로안,승용,남,62세,상해없음,승용,남,45세,경상
2020032000100265,2020년 3월 20일 13시,금요일,광주광역시 서구 벽진동,경상사고,0,0,2,0,차대차 - 측면충돌,안전운전불이행,건조,맑음,단일로 - 기타,화물,남,66세,경상,건설기계,남,58세,경상
2020032000100307,2020년 3월 20일 14시,금요일,광주광역시 북구 양산동,경상사고,0,0,1,0,차대사람 - 횡단중,안전운전불이행,건조,맑음,단일로 - 기타,승용,여,53세,상해없음,보행자,남,58세,경상
2020032000100308,2020년 3월 20일 14시,금요일,광주광역시 북구 연제동,경상사고,0,0,2,0,차대차 - 기타,안전거리미확보,건조,맑음,단일로 - 기타,승용,여,46세,기타불명,승용,남,67세,경상
2020032000100388,2020년 3월 20일 16시,금요일,광주광역시 서구 화정동,경상사고,0,0,1,0,차대차 - 추돌,안전운전불이행,건조,맑음,단일로 - 기타,승용,남,30세,상해없음,이륜,남,23세,경상
2020032000100389,2020년 3월 20일 16시,금요일,광주광역시 북구 삼각동,중상사고,0,1,0,0,차대차 - 측면충돌,안전운전불이행,건조,맑음,교차로 - 교차로안,승용,남,58세,상해없음,이륜,남,52세,중상
2020032000100466,2020년 3월 20일 18시,금요일,광주광역시 서구 쌍촌동,중상사고,0,1,2,0,차대차 - 기타,직진우회전진행방해,건조,맑음,교차로 - 교차로안,승용,남,21세,상해없음,승합,남,55세,상해없음
2020032000100467,2020년 3월 20일 18시,금요일,광주광역시 서구 치평동,중상사고,0,1,0,0,차대차 - 기타,중앙선침범,건조,맑음,단일로 - 기타,승용,남,45세,상해없음,승용,여,34세,중상
2020032000100468,2020년 3월 20일 18시,금요일,광주광역시 북구 용봉동,중상사고,0,1,0,0,차대차 - 측면충돌,안전운전불이행,건조,맑음,단일로 - 기타,이륜,남,32세,중상,승용,남,27세,상해없음
2020032000100469,2020년 3월 20일 18시,금요일,광주광역시 북구 두암동,경상사고,0,0,4,0,차대차 - 측면충돌,안전운전불이행,건조,맑음,교차로 - 교차로안,승용,여,44세,상해없음,승용,남,22세,경상
2020032000100470,2020년 3월 20일 18시,금요일,광주광역시 북구 두암동,경상사고,0,0,2,0,차대차 - 기타,안전운전불이행,건조,맑음,단일로 - 기타,승용,남,64세,상해없음,승용,남,63세,경상
2020032000100507,2020년 3월 20일 19시,금요일,광주광역시 동구 금동,경상사고,0,0,2,0,차대차 - 기타,안전운전불이행,건조,맑음,기타 - 기타,승용,여,29세,상해없음,승용,남,61세,경상
2020032000100508,2020년 3월 20일 19시,금요일,광주광역시 서구 치평동,경상사고,0,0,1,0,차대차 - 측면충돌,교차로운행방법위반,건조,맑음,교차로 - 교차로안,승용,여,28세,상해없음,이륜,남,45세,경상
2020032000100509,2020년 3월 20일 19시,금요일,광주광역시 광산구 수완동,경상사고,0,0,9,0,차대차 - 측면충돌,차로위반,건조,맑음,교차로 - 교차로부근,승용,남,44세,경상,승용,남,51세,경상
2020032000100535,2020년 3월 20일 20시,금요일,광주광역시 서구 금호동,경상사고,0,0,1,0,차대사람 - 기타,안전운전불이행,건조,맑음,단일로 - 기타,개인형이동수단(PM),남,43세,상해없음,보행자,여,37세,경상
2020032000100536,2020년 3월 20일 20시,금요일,광주광역시 북구 문흥동,경상사고,0,0,3,0,차대차 - 측면충돌,안전거리미확보,건조,맑음,단일로 - 기타,승용,여,56세,경상,승용,남,56세,경상
2020032000100603,2020년 3월 20일 23시,금요일,광주광역시 서구 양동,중상사고,0,2,3,0,차량단독 - 기타,신호위반,건조,흐림,교차로 - 교차로안,승용,남,18세,경상,,,,
2020032100100031,2020년 3월 21일 01시,토요일,광주광역시 북구 오치동,경상사고,0,0,3,0,차대차 - 측면충돌,안전거리미확보,건조,맑음,단일로 - 기타,승용,남,36세,상해없음,승용,남,66세,경상
2020032100100111,2020년 3월 21일 08시,토요일,광주광역시 북구 동림동,중상사고,0,1,0,0,차대차 - 기타,교차로운행방법위반,건조,맑음,교차로 - 교차로안,승용,남,51세,기타불명,승용,여,72세,중상
2020032100100162,2020년 3월 21일 10시,토요일,광주광역시 북구 우산동,경상사고,0,0,2,0,차대차 - 추돌,안전운전불이행,건조,맑음,단일로 - 기타,승용,남,74세,상해없음,승용,남,45세,경상
2020032100100163,2020년 3월 21일 10시,토요일,광주광역시 광산구 우산동,경상사고,0,0,5,1,차대차 - 측면충돌,교차로운행방법위반,건조,맑음,교차로 - 교차로안,승용,남,18세,경상,승용,여,39세,부상신고
2020032100100222,2020년 3월 21일 12시,토요일,광주광역시 광산구 운남동,중상사고,0,1,0,0,차대차 - 기타,신호위반,건조,맑음,교차로 - 교차로횡단보도내,승용,여,52세,상해없음,자전거,남,44세,중상
2020032100100223,2020년 3월 21일 12시,토요일,광주광역시 광산구 우산동,경상사고,0,0,1,0,차대차 - 정면충돌,신호위반,건조,맑음,교차로 - 교차로안,승용,남,59세,기타불명,승용,남,53세,경상
2020032100100263,2020년 3월 21일 13시,토요일,광주광역시 북구 문흥동,중상사고,0,1,0,0,차대사람 - 횡단중,안전운전불이행,건조,맑음,단일로 - 기타,승용,남,49세,상해없음,보행자,여,15세,중상
2020032100100264,2020년 3월 21일 13시,토요일,광주광역시 북구 두암동,중상사고,0,1,0,0,차대차 - 기타,안전운전불이행,건조,맑음,단일로 - 기타,승용,여,56세,상해없음,개인형이동수단(PM),여,41세,중상
2020032100100298,2020년 3월 21일 14시,토요일,광주광역시 서구 내방동,경상사고,0,0,1,0,차대차 - 기타,안전운전불이행,건조,맑음,교차로 - 교차로안,승용,여,34세,상해없음,원동기,남,42세,경상
2020032100100299,2020년 3월 21일 14시,토요일,광주광역시 북구 월출동,중상사고,0,1,0,1,차대차 - 기타,안전운전불이행,건조,맑음,단일로 - 기타,기타불명,기타불명,미분류,기타불명,농기계,남,78세,중상
2020032100100367,2020년 3월 21일 16시,토요일,광주광역시 서구 매월동,경상사고,0,0,3,0,차대차 - 측면충돌,직진우회전진행방해,건조,맑음,교차로 - 교차로안,승용,남,22세,경상,승용,남,67세,경상
2020032100100432,2020년 3월 21일 18시,토요일,광주광역시 광산구 도산동,경상사고,0,0,3,0,차대차 - 측면충돌,신호위반,건조,맑음,교차로 - 교차로안,이륜,남,16세,경상,승용,여,63세,경상
2020032100100516,2020년 3월 21일 21시,토요일,광주광역시 광산구 월계동,경상사고,0,0,3,0,차대차 - 추돌,안전운전불이행,건조,맑음,교차로 - 교차로부근,승용,남,42세,상해없음,승용,남,32세,경상
2020032100100517,2020년 3월 21일 21시,토요일,광주광역시 광산구 장덕동,경상사고,0,0,3,0,차대차 - 추돌,안전운전불이행,건조,맑음,교차로 - 교차로부근,승용,여,30세,상해없음,승용,남,21세,경상
2020032100100537,2020년 3월 21일 22시,토요일,광주광역시 동구 산수동,경상사고,0,0,2,0,차대차 - 측면충돌,차로위반,건조,맑음,교차로 - 교차로안,화물,남,65세,상해없음,승용,남,22세,경상
2020032100100538,2020년 3월 21일 22시,토요일,광주광역시 서구 치평동,경상사고,0,0,1,0,차대사람 - 보도통행중,보행자보호의무위반,건조,맑음,교차로 - 교차로횡단보도내,승용,남,55세,상해없음,보행자,남,50세,경상
2020032100100539,2020년 3월 21일 22시,토요일,광주광역시 서구 농성동,경상사고,0,0,3,0,차대차 - 기타,기타,건조,맑음,교차로 - 교차로안,승용,여,26세,경상,승용,남,63세,경상
2020032100100540,2020년 3월 21일 22시,토요일,광주광역시 광산구 쌍암동,경상사고,0,0,1,1,차대차 - 측면충돌,신호위반,건조,맑음,교차로 - 교차로안,승용,여,45세,부상신고,승용,남,28세,경상
2020032100100555,2020년 3월 21일 23시,토요일,광주광역시 동구 지산동,경상사고,0,0,1,0,차대차 - 기타,안전운전불이행,건조,맑음,교차로 - 교차로부근,승용,남,69세,상해없음,승용,남,59세,상해없음
2020032200100053,2020년 3월 22일 03시,일요일,광주광역시 서구 치평동,경상사고,0,0,2,0,차대차 - 측면충돌,신호위반,건조,맑음,교차로 - 교차로안,승용,남,58세,상해없음,승용,남,63세,경상
2020032200100077,2020년 3월 22일 06시,일요일,광주광역시 서구 치평동,경상사고,0,0,2,0,차대차 - 측면충돌,차로위반,건조,맑음,교차로 - 교차로안,승용,남,60세,경상,승용,여,29세,경상
2020032200100111,2020년 3월 22일 10시,일요일,광주광역시 서구 화정동,경상사고,0,0,2,0,차대차 - 기타,안전거리미확보,건조,맑음,교차로 - 교차로부근,승용,여,64세,상해없음,승용,남,63세,경상
2020032200100155,2020년 3월 22일 12시,일요일,광주광역시 북구 우산동,경상사고,0,0,1,0,차대차 - 측면충돌,안전운전불이행,건조,맑음,교차로 - 교차로안,화물,남,53세,상해없음,승용,남,31세,경상
2020032200100156,2020년 3월 22일 12시,일요일,광주광역시 북구 수곡동,중상사고,0,1,0,0,차대사람 - 기타,안전운전불이행,건조,맑음,기타 - 기타,승합,남,65세,상해없음,보행자,여,86세,중상
2020032200100157,2020년 3월 22일 12시,일요일,광주광역시 광산구 하남동,중상사고,0,1,0,0,차대사람 - 횡단중,신호위반,건조,맑음,교차로 - 교차로안,승용,여,53세,상해없음,보행자,여,16세,중상
2020032200100263,2020년 3월 22일 16시,일요일,광주광역시 서구 화정동,경상사고,0,0,2,0,차대차 - 측면충돌,안전운전불이행,건조,맑음,단일로 - 기타,승용,남,68세,상해없음,승용,남,27세,경상
2020032200100264,2020년 3월 22일 16시,일요일,광주광역시 광산구 운남동,경상사고,0,0,2,0,차대차 - 측면충돌,안전거리미확보,건조,맑음,단일로 - 기타,승용,남,35세,상해없음,승용,남,40세,경상
2020032200100265,2020년 3월 22일 16시,일요일,광주광역시 광산구 신창동,경상사고,0,0,1,0,차대차 - 기타,신호위반,건조,맑음,단일로 - 기타,이륜,남,16세,기타불명,이륜,남,20세,경상
2020032200100286,2020년 3월 22일 17시,일요일,광주광역시 광산구 송정동,중상사고,0,1,0,0,차대사람 - 횡단중,신호위반,건조,맑음,교차로 - 교차로횡단보도내,승용,남,62세,상해없음,보행자,남,31세,중상
2020032200100287,2020년 3월 22일 17시,일요일,광주광역시 광산구 임곡동,경상사고,0,0,1,0,차대차 - 기타,교차로운행방법위반,건조,맑음,교차로 - 교차로안,승용,남,47세,기타불명,승용,여,50세,경상
2020032200100312,2020년 3월 22일 18시,일요일,광주광역시 북구 운암동,경상사고,0,0,1,0,차대차 - 측면충돌,안전운전불이행,건조,맑음,교차로 - 교차로안,승용,여,21세,상해없음,승용,남,75세,경상
2020032300100017,2020년 3월 23일 01시,월요일,광주광역시 동구 지산동,중상사고,0,1,0,0,차대차 - 기타,중앙선침범,건조,맑음,단일로 - 기타,승용,남,61세,상해없음,이륜,남,18세,중상
2020032300100041,2020년 3월 23일 06시,월요일,광주광역시 서구 금호동,경상사고,0,0,1,0,차대사람 - 횡단중,보행자보호의무위반,건조,맑음,교차로 - 교차로부근,승용,남,44세,상해없음,보행자,남,31세,경상
2020032300100062,2020년 3월 23일 07시,월요일,광주광역시 서구 유촌동,중상사고,0,1,0,0,차대차 - 추돌,안전운전불이행,건조,맑음,단일로 - 기타,승용,남,25세,상해없음,승용,여,55세,중상
2020032300100104,2020년 3월 23일 08시,월요일,광주광역시 광산구 도천동,경상사고,0,0,1,0,차대차 - 측면충돌,안전거리미확보,건조,맑음,교차로 - 교차로안,화물,남,54세,상해없음,승용,여,44세,경상
2020032300100105,2020년 3월 23일 08시,월요일,광주광역시 광산구 운수동,경상사고,0,0,3,0,차대차 - 측면충돌,안전거리미확보,건조,맑음,단일로 - 기타,승용,여,42세,경상,건설기계,남,58세,경상
2020032300100326,2020년 3월 23일 15시,월요일,광주광역시 동구 소태동,경상사고,0,0,2,0,차대차 - 추돌,안전거리미확보,건조,맑음,단일로 - 기타,화물,남,51세,상해없음,화물,여,59세,경상
2020032300100392,2020년 3월 23일 17시,월요일,광주광역시 북구 운암동,경상사고,0,0,2,0,차대차 - 측면충돌,차로위반,건조,맑음,단일로 - 고가도로위,승용,남,73세,상해없음,승용,남,29세,경상
2020032300100474,2020년 3월 23일 19시,월요일,광주광역시 동구 학동,경상사고,0,0,1,0,차대사람 - 기타,안전운전불이행,건조,맑음,단일로 - 기타,승용,남,32세,상해없음,보행자,남,64세,경상
2020032300100475,2020년 3월 23일 19시,월요일,광주광역시 남구 임암동,경상사고,0,0,1,0,차대차 - 측면충돌,안전거리미확보,건조,맑음,단일로 - 기타,승용,여,25세,상해없음,승용,남,26세,경상
2020032300100508,2020년 3월 23일 20시,월요일,광주광역시 서구 화정동,경상사고,0,0,1,0,차대차 - 추돌,안전거리미확보,건조,맑음,단일로 - 기타,승용,남,56세,상해없음,승용,여,47세,경상
2020032300100558,2020년 3월 23일 22시,월요일,광주광역시 서구 치평동,경상사고,0,0,2,0,차대차 - 후진중충돌,안전운전불이행,건조,맑음,교차로 - 교차로안,승용,남,50세,상해없음,승용,여,26세,경상
2020032300100559,2020년 3월 23일 22시,월요일,광주광역시 남구 월산동,경상사고,0,0,3,0,차대차 - 측면충돌,안전운전불이행,건조,맑음,교차로 - 교차로안,승용,남,35세,기타불명,승용,남,18세,경상
2020032300100576,2020년 3월 23일 23시,월요일,광주광역시 서구 치평동,경상사고,0,0,1,0,차대차 - 측면충돌,안전운전불이행,건조,맑음,단일로 - 기타,승용,남,16세,상해없음,승용,여,49세,경상
2020032300100577,2020년 3월 23일 23시,월요일,광주광역시 북구 두암동,경상사고,0,0,1,0,차대사람 - 기타,안전운전불이행,건조,맑음,단일로 - 기타,승용,남,38세,상해없음,보행자,남,54세,경상
2020032400100013,2020년 3월 24일 00시,화요일,광주광역시 남구 백운동,경상사고,0,0,1,0,차대차 - 측면충돌,안전거리미확보,건조,맑음,교차로 - 교차로부근,승용,남,38세,상해없음,승용,남,30세,상해없음
2020032400100027,2020년 3월 24일 02시,화요일,광주광역시 서구 농성동,중상사고,0,1,0,0,차대사람 - 기타,안전운전불이행,건조,맑음,단일로 - 기타,승용,남,25세,상해없음,보행자,여,42세,중상
2020032400100044,2020년 3월 24일 05시,화요일,광주광역시 북구 연제동,경상사고,0,0,1,0,차대차 - 후진중충돌,불법유턴,건조,맑음,단일로 - 기타,승용,남,39세,상해없음,승용,남,36세,경상
2020032400100105,2020년 3월 24일 08시,화요일,광주광역시 남구 노대동,경상사고,0,0,1,0,차대차 - 측면충돌,안전운전불이행,건조,맑음,교차로 - 교차로안,승용,여,54세,상해없음,승용,여,59세,경상
2020032400100106,2020년 3월 24일 08시,화요일,광주광역시 남구 월산동,중상사고,0,1,0,0,차대차 - 측면충돌,중앙선침범,건조,맑음,단일로 - 기타,화물,남,63세,상해없음,이륜,남,25세,중상
2020032400100107,2020년 3월 24일 08시,화요일,광주광역시 북구 운암동,경상사고,0,0,1,0,차대차 - 측면충돌,안전운전불이행,건조,맑음,교차로 - 교차로부근,승용,남,57세,기타불명,승용,남,36세,경상
2020032400100108,2020년 3월 24일 08시,화요일,광주광역시 광산구 장덕동,경상사고,0,0,1,0,차대차 - 기타,안전운전불이행,건조,맑음,단일로 - 기타,승용,남,70세,상해없음,승용,남,62세,경상
2020032400100134,2020년 3월 24일 09시,화요일,광주광역시 서구 금호동,경상사고,0,0,1,0,차대차 - 추돌,안전거리미확보,건조,맑음,단일로 - 기타,승용,남,43세,상해없음,승용,남,32세,경상
2020032400100135,2020년 3월 24일 09시,화요일,광주광역시 북구 운암동,경상사고,0,0,1,0,차대차 - 기타,안전거리미확보,건조,맑음,단일로 - 기타,승용,여,29세,상해없음,이륜,남,44세,경상
2020032400100168,2020년 3월 24일 10시,화요일,광주광역시 북구 두암동,경상사고,0,0,1,0,차대차 - 기타,안전운전불이행,건조,맑음,기타 - 기타,승용,여,44세,상해없음,자전거,남,46세,경상
2020032400100197,2020년 3월 24일 11시,화요일,광주광역시 서구 농성동,경상사고,0,0,1,0,차대사람 - 기타,안전운전불이행,건조,맑음,교차로 - 교차로안,특수,남,22세,상해없음,보행자,남,36세,경상
2020032400100219,2020년 3월 24일 12시,화요일,광주광역시 북구 운암동,경상사고,0,0,3,0,차대차 - 추돌,안전거리미확보,건조,맑음,단일로 - 기타,승용,여,42세,경상,승용,여,62세,경상
2020032400100223,2020년 3월 24일 12시,화요일,광주광역시 서구 쌍촌동,중상사고,0,1,2,0,차대차 - 기타,신호위반,건조,맑음,단일로 - 기타,원동기,남,35세,중상,승용,여,48세,경상
2020032400100224,2020년 3월 24일 12시,화요일,광주광역시 북구 용봉동,경상사고,0,0,1,0,차대차 - 후진중충돌,불법유턴,건조,맑음,교차로 - 교차로안,승용,여,66세,상해없음,승용,남,57세,상해없음
2020032400100252,2020년 3월 24일 13시,화요일,광주광역시 서구 화정동,경상사고,0,0,1,0,차대차 - 기타,안전운전불이행,건조,맑음,교차로 - 교차로안,승용,남,31세,상해없음,자전거,남,45세,경상
2020032400100253,2020년 3월 24일 13시,화요일,광주광역시 서구 마륵동,경상사고,0,0,4,0,차대차 - 측면충돌,교차로운행방법위반,건조,맑음,교차로 - 교차로안,승합,남,52세,경상,승용,여,43세,경상
2020032400100254,2020년 3월 24일 13시,화요일,광주광역시 서구 유촌동,경상사고,0,0,1,0,차대차 - 측면충돌,교차로운행방법위반,건조,맑음,교차로 - 교차로안,화물,남,31세,상해없음,승용,남,45세,경상
2020032400100255,2020년 3월 24일 13시,화요일,광주광역시 남구 봉선동,중상사고,0,1,1,0,차대차 - 측면충돌,안전운전불이행,건조,맑음,단일로 - 기타,승합,남,60세,상해없음,승용,남,38세,중상
2020032400100294,2020년 3월 24일 14시,화요일,광주광역시 서구 광천동,경상사고,0,0,3,0,차대차 - 측면충돌,신호위반,건조,맑음,교차로 - 교차로안,화물,여,53세,경상,승용,남,49세,경상
2020032400100295,2020년 3월 24일 14시,화요일,광주광역시 북구 신안동,경상사고,0,0,2,0,차대차 - 측면충돌,직진우회전진행방해,건조,맑음,교차로 - 교차로안,이륜,남,29세,경상,승용,여,62세,경상
2020032400100358,2020년 3월 24일 16시,화요일,광주광역시 북구 운암동,중상사고,0,1,0,0,차대사람 - 기타,안전운전불이행,건조,맑음,교차로 - 교차로안,승용,여,57세,상해없음,보행자,남,7세,중상
2020032400100400,2020년 3월 24일 17시,화요일,광주광역시 서구 화정동,경상사고,0,0,2,0,차대차 - 측면충돌,교차로운행방법위반,건조,맑음,교차로 - 교차로안,승용,남,60세,상해없음,승용,남,29세,경상
2020032400100439,2020년 3월 24일 18시,화요일,광주광역시 서구 벽진동,경상사고,0,0,1,1,차대차 - 측면충돌,안전거리미확보,건조,맑음,단일로 - 기타,화물,남,77세,부상신고,승용,남,29세,경상
2020032400100440,2020년 3월 24일 18시,화요일,광주광역시 북구 문흥동,경상사고,0,0,1,0,차대사람 - 기타,안전운전불이행,건조,맑음,단일로 - 기타,승용,남,63세,상해없음,보행자,남,25세,경상
2020032400100441,2020년 3월 24일 18시,화요일,광주광역시 광산구 신창동,중상사고,0,1,0,0,차대사람 - 횡단중,보행자보호의무위반,건조,맑음,단일로 - 기타,특수,남,55세,상해없음,보행자,여,5세,중상
2020032400100478,2020년 3월 24일 19시,화요일,광주광역시 광산구 수완동,경상사고,0,0,1,0,차대차 - 추돌,안전운전불이행,건조,맑음,기타 - 기타,기타불명,기타불명,미분류,기타불명,승용,남,36세,경상
2020032400100524,2020년 3월 24일 21시,화요일,광주광역시 광산구 운남동,중상사고,0,1,0,0,차대차 - 측면충돌,안전운전불이행,건조,맑음,교차로 - 교차로안,승용,남,39세,상해없음,자전거,남,49세,중상
2020032400100552,2020년 3월 24일 23시,화요일,광주광역시 북구 연제동,경상사고,0,0,1,0,차대차 - 기타,차로위반,건조,맑음,단일로 - 기타,승용,남,37세,상해없음,승용,남,50세,경상
2020032500100018,2020년 3월 25일 02시,수요일,광주광역시 서구 치평동,경상사고,0,0,1,0,차대차 - 측면충돌,안전운전불이행,건조,맑음,단일로 - 기타,승용,남,64세,상해없음,승용,남,28세,경상
2020032500100125,2020년 3월 25일 09시,수요일,광주광역시 남구 월산동,경상사고,0,0,3,0,차대차 - 추돌,안전운전불이행,건조,맑음,교차로 - 교차로부근,승용,여,42세,상해없음,승용,남,54세,경상
2020032500100154,2020년 3월 25일 10시,수요일,광주광역시 동구 서석동,경상사고,0,0,1,0,차대차 - 기타,신호위반,건조,맑음,교차로 - 교차로안,승용,남,53세,상해없음,승용,여,58세,경상
2020032500100155,2020년 3월 25일 10시,수요일,광주광역시 북구 양산동,경상사고,0,0,1,0,차대차 - 측면충돌,안전운전불이행,건조,맑음,교차로 - 교차로안,승용,남,72세,상해없음,승용,여,25세,경상
2020032500100192,2020년 3월 25일 11시,수요일,광주광역시 북구 풍향동,중상사고,0,1,0,0,차대사람 - 횡단중,보행자보호의무위반,건조,맑음,교차로 - 교차로안,이륜,남,31세,상해없음,보행자,여,88세,중상
2020032500100193,2020년 3월 25일 11시,수요일,광주광역시 광산구 월계동,경상사고,0,0,1,0,차대차 - 추돌,안전운전불이행,건조,맑음,기타 - 기타,승용,남,70세,기타불명,자전거,여,8세,경상
2020032500100231,2020년 3월 25일 12시,수요일,광주광역시 남구 봉선동,경상사고,0,0,1,0,차대차 - 측면충돌,안전거리미확보,건조,맑음,단일로 - 기타,승용,여,75세,상해없음,승용,남,30세,경상
2020032500100295,2020년 3월 25일 14시,수요일,광주광역시 북구 두암동,경상사고,0,0,3,0,차대차 - 추돌,안전운전불이행,건조,맑음,단일로 - 기타,승용,남,42세,상해없음,승용,남,20세,경상
2020032500100327,2020년 3월 25일 15시,수요일,광주광역시 남구 진월동,경상사고,0,0,1,0,차대사람 - 횡단중,보행자보호의무위반,건조,맑음,단일로 - 기타,승용,남,68세,상해없음,보행자,남,10세,경상
2020032500100328,2020년 3월 25일 15시,수요일,광주광역시 광산구 장록동,경상사고,0,0,2,0,차대차 - 측면충돌,신호위반,건조,맑음,교차로 - 교차로안,승용,남,55세,경상,승용,남,33세,경상
2020032500100329,2020년 3월 25일 15시,수요일,광주광역시 광산구 신촌동,경상사고,0,0,3,0,차대차 - 측면충돌,안전거리미확보,건조,맑음,단일로 - 기타,승용,여,24세,상해없음,승용,남,43세,경상
2020032500100361,2020년 3월 25일 16시,수요일,광주광역시 광산구 하산동,경상사고,0,0,1,0,차대차 - 기타,안전거리미확보,건조,맑음,단일로 - 기타,화물,남,59세,기타불명,승용,남,73세,경상
2020032500100396,2020년 3월 25일 17시,수요일,광주광역시 광산구 수완동,경상사고,0,0,2,0,차대차 - 기타,안전운전불이행,건조,맑음,단일로 - 기타,이륜,남,23세,경상,승용,남,18세,경상
2020032500100437,2020년 3월 25일 18시,수요일,광주광역시 서구 마륵동,경상사고,0,0,5,0,차대차 - 기타,안전거리미확보,건조,맑음,단일로 - 기타,승용,여,55세,상해없음,승용,여,43세,경상
2020032500100438,2020년 3월 25일 18시,수요일,광주광역시 남구 주월동,중상사고,0,1,0,0,차대차 - 측면충돌,안전운전불이행,건조,맑음,단일로 - 기타,승용,여,58세,상해없음,자전거,남,66세,중상
2020032500100439,2020년 3월 25일 18시,수요일,광주광역시 북구 두암동,중상사고,0,1,0,0,차대차 - 측면충돌,안전운전불이행,건조,맑음,교차로 - 교차로안,승용,남,61세,상해없음,이륜,남,25세,중상
2020032500100440,2020년 3월 25일 18시,수요일,광주광역시 광산구 월계동,경상사고,0,0,2,0,차대차 - 추돌,안전운전불이행,건조,맑음,교차로 - 교차로부근,승합,남,34세,상해없음,화물,남,46세,경상
2020032500100477,2020년 3월 25일 19시,수요일,광주광역시 동구 동명동,중상사고,0,1,1,0,차대차 - 측면충돌,안전거리미확보,건조,맑음,교차로 - 교차로부근,승용,여,26세,상해없음,이륜,남,41세,중상
2020032500100478,2020년 3월 25일 19시,수요일,광주광역시 서구 금호동,경상사고,0,0,1,0,차대차 - 측면충돌,안전운전불이행,건조,맑음,단일로 - 기타,이륜,남,57세,상해없음,승용,남,49세,경상
2020032500100510,2020년 3월 25일 20시,수요일,광주광역시 서구 화정동,경상사고,0,0,1,0,차대차 - 추돌,안전운전불이행,건조,흐림,단일로 - 기타,승용,남,50세,상해없음,이륜,남,24세,경상
2020032500100511,2020년 3월 25일 20시,수요일,광주광역시 광산구 월곡동,경상사고,0,0,1,0,차대사람 - 길가장자리구역통행중,안전운전불이행,건조,맑음,단일로 - 기타,사륜오토바이(ATV),기타불명,미분류,기타불명,보행자,남,33세,경상
2020032500100512,2020년 3월 25일 20시,수요일,광주광역시 광산구 월곡동,경상사고,0,0,1,0,차대차 - 측면충돌,안전운전불이행,건조,맑음,단일로 - 기타,승용,남,58세,상해없음,승용,남,39세,경상
2020032500100577,2020년 3월 25일 23시,수요일,광주광역시 서구 치평동,경상사고,0,0,1,0,차대차 - 기타,안전운전불이행,건조,맑음,교차로 - 교차로안,승용,남,33세,상해없음,이륜,남,24세,경상
2020032500100578,2020년 3월 25일 23시,수요일,광주광역시 남구 서동,부상신고사고,0,0,0,1,차량단독 - 기타,안전운전불이행,건조,맑음,교차로 - 교차로안,이륜,남,37세,부상신고,,,,
2020032600100031,2020년 3월 26일 02시,목요일,광주광역시 광산구 월곡동,중상사고,0,2,2,0,차대차 - 기타,기타,건조,맑음,단일로 - 기타,승용,남,25세,기타불명,승용,남,53세,중상
2020032600100100,2020년 3월 26일 08시,목요일,광주광역시 북구 두암동,경상사고,0,0,1,0,차대차 - 측면충돌,안전운전불이행,건조,맑음,단일로 - 기타,화물,남,60세,상해없음,승용,여,58세,경상
2020032600100146,2020년 3월 26일 10시,목요일,광주광역시 서구 농성동,경상사고,0,0,4,0,차대차 - 측면충돌,안전거리미확보,젖음/습기,비,단일로 - 기타,승용,남,81세,경상,승용,여,53세,경상
2020032600100173,2020년 3월 26일 11시,목요일,광주광역시 북구 두암동,경상사고,0,0,1,0,차대차 - 기타,안전운전불이행,젖음/습기,비,교차로 - 교차로안,승합,남,24세,기타불명,이륜,남,48세,경상
2020032600100202,2020년 3월 26일 12시,목요일,광주광역시 서구 치평동,중상사고,0,1,0,0,차대차 - 측면충돌,차로위반,젖음/습기,흐림,단일로 - 기타,승용,여,41세,상해없음,이륜,남,41세,중상
2020032600100244,2020년 3월 26일 14시,목요일,광주광역시 남구 행암동,중상사고,0,1,0,0,차대차 - 측면충돌,안전운전불이행,건조,맑음,교차로 - 교차로안,승용,남,47세,상해없음,자전거,남,76세,중상
2020032600100245,2020년 3월 26일 14시,목요일,광주광역시 광산구 운남동,경상사고,0,0,2,0,차대차 - 후진중충돌,안전운전불이행,건조,맑음,주차장 - 주차장,승용,여,41세,상해없음,승용,여,26세,경상
2020032600100246,2020년 3월 26일 14시,목요일,광주광역시 광산구 도천동,경상사고,0,0,1,0,차대차 - 측면충돌,교차로운행방법위반,건조,맑음,교차로 - 교차로안,특수,남,40세,상해없음,승용,여,29세,경상