사고번호,사고일시,요일,시군구,사고내용,사망자수,중상자수,경상자수,부상신고자수,사고유형,법규위반,노면상태,기상상태,도로형태,가해운전자 차종,가해운전자 성별,가해운전자 연령,가해운전자 상해정도,피해운전자 차종,피해운전자 성별,피해운전자 연령,피해운전자 상해정도
2020032600100300,2020년 3월 26일 16시,목요일,광주광역시 북구 양산동,경상사고,0,0,2,1,차대차 - 측면충돌,안전운전불이행,젖음/습기,비,교차로 - 교차로부근,승용,남,71세,부상신고,승용,남,37세,경상
2020032600100301,2020년 3월 26일 16시,목요일,광주광역시 광산구 우산동,경상사고,0,0,2,0,차대차 - 측면충돌,안전운전불이행,건조,맑음,교차로 - 교차로부근,승용,남,54세,상해없음,화물,남,52세,기타불명
2020032600100337,2020년 3월 26일 17시,목요일,광주광역시 서구 쌍촌동,경상사고,0,0,2,0,차대차 - 추돌,안전운전불이행,건조,맑음,단일로 - 기타,화물,남,60세,상해없음,승용,여,56세,경상
2020032600100338,2020년 3월 26일 17시,목요일,광주광역시 북구 양산동,경상사고,0,0,5,0,차대차 - 기타,직진우회전진행방해,건조,흐림,교차로 - 교차로안,승용,남,22세,경상,승용,여,28세,경상
2020032600100372,2020년 3월 26일 18시,목요일,광주광역시 광산구 신촌동,경상사고,0,0,1,0,차대차 - 측면충돌,안전운전불이행,건조,맑음,단일로 - 기타,승용,남,44세,상해없음,승용,여,27세,경상
2020032600100415,2020년 3월 26일 19시,목요일,광주광역시 동구 학동,경상사고,0,0,1,0,차대차 - 기타,안전운전불이행,건조,맑음,교차로 - 교차로부근,이륜,남,16세,경상,승용,여,24세,상해없음
2020032600100417,2020년 3월 26일 19시,목요일,광주광역시 광산구 월계동,경상사고,0,0,1,0,차대차 - 추돌,안전운전불이행,건조,맑음,단일로 - 기타,승용,남,68세,상해없음,승용,여,24세,경상
2020032600100418,2020년 3월 26일 19시,목요일,광주광역시 광산구 우산동,중상사고,0,1,0,0,차대사람 - 횡단중,안전운전불이행,젖음/습기,비,교차로 - 교차로안,승용,여,29세,상해없음,보행자,남,50세,중상
2020032600100459,2020년 3월 26일 20시,목요일,광주광역시 서구 마륵동,경상사고,0,0,2,0,차대차 - 측면충돌,안전운전불이행,젖음/습기,맑음,교차로 - 교차로안,화물,여,47세,경상,승용,남,32세,경상
2020032600100460,2020년 3월 26일 20시,목요일,광주광역시 북구 동림동,중상사고,0,1,1,0,차대사람 - 횡단중,안전운전불이행,젖음/습기,비,단일로 - 기타,이륜,남,35세,경상,보행자,남,59세,중상
2020032600100461,2020년 3월 26일 20시,목요일,광주광역시 북구 풍향동,경상사고,0,0,1,0,차대차 - 측면충돌,안전운전불이행,건조,맑음,단일로 - 기타,개인형이동수단(PM),남,36세,경상,승용,남,27세,상해없음
2020032600100494,2020년 3월 26일 21시,목요일,광주광역시 북구 용봉동,경상사고,0,0,1,0,차대사람 - 기타,안전운전불이행,건조,맑음,단일로 - 기타,기타불명,기타불명,미분류,기타불명,보행자,남,59세,경상
2020032600100495,2020년 3월 26일 21시,목요일,광주광역시 광산구 소촌동,중상사고,0,1,0,0,차대사람 - 횡단중,보행자보호의무위반,젖음/습기,흐림,교차로 - 교차로횡단보도내,승용,여,41세,상해없음,보행자,여,58세,중상
2020032600100527,2020년 3월 26일 22시,목요일,광주광역시 남구 주월동,경상사고,0,0,3,0,차대차 - 기타,안전거리미확보,젖음/습기,비,단일로 - 기타,승용,남,26세,상해없음,승용,여,44세,경상
2020032600100549,2020년 3월 26일 23시,목요일,광주광역시 서구 화정동,경상사고,0,0,2,0,차대차 - 측면충돌,중앙선침범,건조,맑음,교차로 - 교차로안,승용,남,48세,상해없음,승용,남,34세,경상
2020032700100114,2020년 3월 27일 08시,금요일,광주광역시 북구 북동,경상사고,0,0,2,0,차대차 - 기타,차로위반,건조,맑음,단일로 - 기타,승용,남,69세,상해없음,승용,남,30세,경상
2020032700100135,2020년 3월 27일 09시,금요일,광주광역시 광산구 월계동,부상신고사고,0,0,0,1,차대사람 - 보도통행중,기타,건조,맑음,단일로 - 기타,자전거,남,10세,상해없음,보행자,남,53세,부상신고
2020032700100186,2020년 3월 27일 11시,금요일,광주광역시 광산구 신가동,중상사고,0,1,2,0,차대차 - 측면충돌,신호위반,건조,맑음,교차로 - 교차로안,승용,여,64세,경상,승용,여,30세,경상
2020032700100212,2020년 3월 27일 12시,금요일,광주광역시 서구 화정동,경상사고,0,0,4,0,차대차 - 기타,안전거리미확보,건조,맑음,단일로 - 기타,승합,남,56세,상해없음,승합,여,46세,상해없음
2020032700100213,2020년 3월 27일 12시,금요일,광주광역시 서구 농성동,경상사고,0,0,1,0,차량단독 - 기타,안전운전불이행,건조,맑음,단일로 - 기타,승합,남,55세,상해없음,,,,
2020032700100214,2020년 3월 27일 12시,금요일,광주광역시 북구 누문동,경상사고,0,0,1,0,차대차 - 측면충돌,교차로운행방법위반,건조,맑음,교차로 - 교차로안,승용,남,50세,상해없음,승용,여,49세,경상
2020032700100302,2020년 3월 27일 15시,금요일,광주광역시 북구 각화동,경상사고,0,0,5,0,차대차 - 측면충돌,차로위반,건조,맑음,단일로 - 기타,승용,남,72세,상해없음,승용,남,26세,경상
2020032700100385,2020년 3월 27일 17시,금요일,광주광역시 서구 매월동,경상사고,0,0,2,0,차대차 - 측면충돌,안전운전불이행,건조,기타,단일로 - 기타,승용,남,37세,상해없음,승용,남,32세,경상
2020032700100386,2020년 3월 27일 17시,금요일,광주광역시 광산구 우산동,경상사고,0,0,1,0,차대차 - 추돌,안전운전불이행,건조,맑음,단일로 - 기타,승용,여,29세,상해없음,승용,여,55세,경상
2020032700100430,2020년 3월 27일 18시,금요일,광주광역시 남구 백운동,경상사고,0,0,1,0,차대차 - 추돌,안전운전불이행,건조,맑음,단일로 - 기타,승용,여,27세,상해없음,승용,남,35세,경상
2020032700100431,2020년 3월 27일 18시,금요일,광주광역시 광산구 우산동,경상사고,0,0,1,0,차대차 - 기타,안전거리미확보,건조,맑음,단일로 - 교량,승용,남,62세,상해없음,승용,여,49세,경상
2020032700100432,2020년 3월 27일 18시,금요일,광주광역시 광산구 소촌동,경상사고,0,0,1,0,차대차 - 측면충돌,교차로운행방법위반,건조,맑음,교차로 - 교차로안,승용,여,48세,상해없음,승용,남,65세,경상
2020032700100507,2020년 3월 27일 20시,금요일,광주광역시 남구 주월동,경상사고,0,0,1,0,차대차 - 추돌,안전거리미확보,건조,맑음,교차로 - 교차로안,승용,여,54세,상해없음,승용,남,27세,경상
2020032700100508,2020년 3월 27일 20시,금요일,광주광역시 광산구 송정동,경상사고,0,0,1,0,차대차 - 측면충돌,신호위반,건조,맑음,교차로 - 교차로부근,승용,남,27세,경상,승용,남,60세,상해없음
2020032700100543,2020년 3월 27일 21시,금요일,광주광역시 서구 쌍촌동,경상사고,0,0,1,0,차대차 - 측면충돌,중앙선침범,젖음/습기,비,단일로 - 기타,승용,남,43세,상해없음,승용,남,53세,경상
2020032700100573,2020년 3월 27일 22시,금요일,광주광역시 남구 주월동,경상사고,0,0,1,0,차대차 - 추돌,안전운전불이행,건조,맑음,단일로 - 기타,승용,남,41세,상해없음,승용,여,36세,경상
2020032800100012,2020년 3월 28일 00시,토요일,광주광역시 서구 치평동,경상사고,0,0,2,0,차대차 - 측면충돌,차로위반,젖음/습기,비,교차로 - 교차로안,승용,남,41세,상해없음,승용,여,28세,경상
2020032800100026,2020년 3월 28일 01시,토요일,광주광역시 남구 진월동,중상사고,0,1,0,0,차대차 - 측면충돌,신호위반,건조,맑음,교차로 - 교차로안,승용,남,40세,상해없음,승용,남,25세,중상
2020032800100027,2020년 3월 28일 01시,토요일,광주광역시 북구 운암동,경상사고,0,0,2,0,차대차 - 측면충돌,안전운전불이행,건조,맑음,교차로 - 교차로부근,승용,남,26세,상해없음,승용,남,35세,경상
2020032800100039,2020년 3월 28일 02시,토요일,광주광역시 서구 화정동,경상사고,0,0,3,0,차대차 - 추돌,안전운전불이행,건조,맑음,교차로 - 교차로부근,승용,남,32세,상해없음,승용,남,19세,경상
2020032800100048,2020년 3월 28일 03시,토요일,광주광역시 광산구 월계동,경상사고,0,0,1,0,차대차 - 기타,안전거리미확보,건조,맑음,단일로 - 기타,승용,남,32세,상해없음,승용,남,52세,경상
2020032800100049,2020년 3월 28일 03시,토요일,광주광역시 광산구 우산동,경상사고,0,0,5,0,차대차 - 측면충돌,신호위반,건조,맑음,교차로 - 교차로안,승용,여,42세,상해없음,승용,남,59세,경상
2020032800100086,2020년 3월 28일 07시,토요일,광주광역시 남구 승촌동,경상사고,0,0,1,0,차대차 - 기타,안전거리미확보,건조,맑음,단일로 - 기타,화물,남,65세,상해없음,승용,여,37세,경상
2020032800100087,2020년 3월 28일 07시,토요일,광주광역시 광산구 월계동,경상사고,0,0,1,0,차대사람 - 기타,안전운전불이행,건조,맑음,단일로 - 기타,승용,여,23세,상해없음,보행자,남,36세,경상
2020032800100135,2020년 3월 28일 09시,토요일,광주광역시 동구 학동,경상사고,0,0,1,0,차대사람 - 기타,안전운전불이행,건조,맑음,단일로 - 기타,승용,여,60세,상해없음,보행자,여,61세,경상
2020032800100136,2020년 3월 28일 09시,토요일,광주광역시 서구 마륵동,경상사고,0,0,2,0,차대차 - 추돌,안전거리미확보,건조,맑음,교차로 - 교차로안,화물,남,43세,상해없음,승용,여,56세,경상
2020032800100137,2020년 3월 28일 09시,토요일,광주광역시 북구 운암동,경상사고,0,0,2,0,차대차 - 측면충돌,안전운전불이행,건조,맑음,단일로 - 기타,원동기,남,77세,경상,승용,여,44세,상해없음
2020032800100153,2020년 3월 28일 10시,토요일,광주광역시 북구 문흥동,경상사고,0,0,1,0,차대차 - 기타,안전운전불이행,건조,맑음,교차로 - 교차로안,승용,남,70세,상해없음,승용,남,32세,경상
2020032800100180,2020년 3월 28일 11시,토요일,광주광역시 서구 쌍촌동,경상사고,0,0,1,0,차대차 - 후진중충돌,안전운전불이행,건조,맑음,교차로 - 교차로안,승용,남,27세,상해없음,화물,남,36세,경상
2020032800100181,2020년 3월 28일 11시,토요일,광주광역시 북구 임동,경상사고,0,0,1,0,차대차 - 기타,안전거리미확보,건조,맑음,단일로 - 기타,승용,남,46세,기타불명,승용,남,22세,경상
2020032800100212,2020년 3월 28일 12시,토요일,광주광역시 광산구 우산동,경상사고,0,0,1,0,차대차 - 기타,안전운전불이행,건조,맑음,교차로 - 교차로부근,승용,남,26세,기타불명,승용,여,57세,경상
2020032800100244,2020년 3월 28일 13시,토요일,광주광역시 서구 금호동,경상사고,0,0,2,0,차대차 - 기타,안전운전불이행,건조,맑음,교차로 - 교차로부근,승용,여,54세,상해없음,승용,남,49세,경상
2020032800100267,2020년 3월 28일 14시,토요일,광주광역시 서구 화정동,중상사고,0,1,0,0,차대사람 - 보도통행중,안전운전불이행,건조,맑음,기타 - 기타,화물,남,38세,상해없음,보행자,여,18세,중상
2020032800100268,2020년 3월 28일 14시,토요일,광주광역시 북구 금곡동,경상사고,0,0,1,1,차대차 - 기타,안전운전불이행,건조,맑음,단일로 - 기타,승합,남,64세,부상신고,승용,남,47세,경상
2020032800100301,2020년 3월 28일 15시,토요일,광주광역시 광산구 월계동,중상사고,0,1,0,0,차량단독 - 기타,안전운전불이행,건조,맑음,단일로 - 기타,승용,남,48세,상해없음,,,,
2020032800100420,2020년 3월 28일 19시,토요일,광주광역시 서구 풍암동,경상사고,0,0,3,0,차대차 - 측면충돌,안전운전불이행,건조,맑음,단일로 - 기타,화물,남,58세,상해없음,승용,남,34세,경상
2020032800100421,2020년 3월 28일 19시,토요일,광주광역시 남구 월산동,경상사고,0,0,1,0,차대차 - 측면충돌,교차로운행방법위반,건조,맑음,교차로 - 교차로안,화물,남,65세,상해없음,승용,남,32세,경상
2020032800100422,2020년 3월 28일 19시,토요일,광주광역시 광산구 산월동,경상사고,0,0,3,0,차대차 - 추돌,안전운전불이행,건조,맑음,교차로 - 교차로부근,승용,여,58세,상해없음,승용,남,41세,경상
2020032800100423,2020년 3월 28일 19시,토요일,광주광역시 광산구 신창동,경상사고,0,0,2,0,차대차 - 측면충돌,차로위반,건조,맑음,단일로 - 기타,승용,여,55세,경상,승용,남,51세,경상
2020032800100449,2020년 3월 28일 20시,토요일,광주광역시 북구 매곡동,경상사고,0,0,2,0,차대차 - 추돌,안전거리미확보,건조,맑음,단일로 - 기타,화물,남,62세,상해없음,승용,남,65세,경상
2020032800100450,2020년 3월 28일 20시,토요일,광주광역시 광산구 장수동,경상사고,0,0,2,0,차대차 - 측면충돌,안전거리미확보,건조,맑음,단일로 - 기타,승용,남,18세,상해없음,승용,여,36세,경상
2020032800100498,2020년 3월 28일 22시,토요일,광주광역시 남구 봉선동,경상사고,0,0,1,0,차대차 - 측면충돌,안전운전불이행,건조,맑음,단일로 - 기타,승용,남,30세,상해없음,이륜,남,40세,경상
2020032800100515,2020년 3월 28일 23시,토요일,광주광역시 북구 신용동,경상사고,0,0,2,0,차대차 - 측면충돌,안전운전불이행,건조,맑음,교차로 - 교차로부근,승용,남,18세,상해없음,승용,여,48세,경상
2020032900100031,2020년 3월 29일 01시,일요일,광주광역시 서구 치평동,경상사고,0,0,3,0,차대차 - 측면충돌,중앙선침범,건조,맑음,단일로 - 기타,승용,남,28세,상해없음,승용,남,33세,경상
2020032900100032,2020년 3월 29일 01시,일요일,광주광역시 광산구 수완동,경상사고,0,0,3,0,차대차 - 측면충돌,안전거리미확보,건조,맑음,교차로 - 교차로부근,승용,남,46세,상해없음,승용,남,69세,경상
2020032900100033,2020년 3월 29일 01시,일요일,광주광역시 광산구 신가동,경상사고,0,0,1,0,차대차 - 추돌,안전운전불이행,건조,맑음,단일로 - 기타,승용,남,59세,상해없음,승용,여,53세,경상
2020032900100057,2020년 3월 29일 04시,일요일,광주광역시 서구 농성동,중상사고,0,1,1,0,차대차 - 기타,신호위반,건조,맑음,교차로 - 교차로부근,승용,남,42세,상해없음,승용,남,54세,중상
2020032900100108,2020년 3월 29일 10시,일요일,광주광역시 북구 양산동,경상사고,0,0,1,0,차량단독 - 기타,안전운전불이행,건조,맑음,단일로 - 기타,승용,남,14세,상해없음,,,,
2020032900100165,2020년 3월 29일 13시,일요일,광주광역시 광산구 도천동,경상사고,0,0,1,0,차대차 - 추돌,안전운전불이행,건조,맑음,단일로 - 기타,승용,남,53세,상해없음,승용,여,24세,경상
2020032900100201,2020년 3월 29일 14시,일요일,광주광역시 서구 유촌동,경상사고,0,0,5,0,차대차 - 추돌,안전운전불이행,건조,맑음,교차로 - 교차로부근,승용,남,78세,상해없음,승용,남,37세,경상
2020032900100202,2020년 3월 29일 14시,일요일,광주광역시 광산구 우산동,중상사고,0,1,3,0,차대차 - 정면충돌,중앙선침범,건조,맑음,단일로 - 기타,승용,남,59세,경상,승용,여,26세,경상
2020032900100229,2020년 3월 29일 15시,일요일,광주광역시 서구 화정동,경상사고,0,0,2,0,차대차 - 추돌,안전운전불이행,건조,맑음,단일로 - 기타,승용,남,63세,상해없음,승용,남,23세,경상
2020032900100255,2020년 3월 29일 16시,일요일,광주광역시 광산구 송정동,경상사고,0,0,1,0,차대차 - 측면충돌,신호위반,건조,맑음,교차로 - 교차로횡단보도내,승용,여,26세,상해없음,자전거,남,46세,경상
2020032900100275,2020년 3월 29일 17시,일요일,광주광역시 서구 쌍촌동,경상사고,0,0,1,0,차대차 - 기타,안전운전불이행,건조,맑음,단일로 - 기타,이륜,남,16세,상해없음,승용,여,71세,경상
2020032900100276,2020년 3월 29일 17시,일요일,광주광역시 광산구 선암동,중상사고,0,1,0,0,차대사람 - 기타,안전운전불이행,건조,맑음,단일로 - 기타,승용,남,45세,상해없음,보행자,여,9세,중상
2020032900100301,2020년 3월 29일 18시,일요일,광주광역시 광산구 소촌동,경상사고,0,0,4,0,차대차 - 측면충돌,교차로운행방법위반,건조,맑음,교차로 - 교차로안,승용,남,32세,경상,승용,여,26세,경상
2020032900100335,2020년 3월 29일 20시,일요일,광주광역시 북구 양산동,경상사고,0,0,1,0,차대차 - 측면충돌,안전거리미확보,건조,맑음,단일로 - 기타,승용,남,58세,상해없음,이륜,남,19세,경상
2020032900100355,2020년 3월 29일 21시,일요일,광주광역시 북구 용봉동,경상사고,0,0,3,0,차대차 - 측면충돌,안전운전불이행,건조,맑음,교차로 - 교차로안,승용,여,49세,상해없음,승용,남,23세,경상
2020032900100371,2020년 3월 29일 22시,일요일,광주광역시 북구 신안동,경상사고,0,0,4,0,차대차 - 측면충돌,안전운전불이행,건조,맑음,단일로 - 기타,화물,남,58세,상해없음,승용,남,23세,경상
2020032900100387,2020년 3월 29일 23시,일요일,광주광역시 동구 지산동,중상사고,0,1,0,0,차대차 - 정면충돌,직진우회전진행방해,건조,흐림,교차로 - 교차로안,승용,남,18세,상해없음,이륜,남,25세,중상
2020033000100153,2020년 3월 30일 10시,월요일,광주광역시 동구 선교동,경상사고,0,0,2,0,차대차 - 추돌,안전거리미확보,건조,맑음,단일로 - 기타,승용,여,34세,상해없음,승용,여,47세,경상
2020033000100154,2020년 3월 30일 10시,월요일,광주광역시 서구 금호동,부상신고사고,0,0,0,1,차대차 - 추돌,안전운전불이행,건조,맑음,교차로 - 교차로부근,승용,남,65세,상해없음,승용,남,80세,부상신고
2020033000100155,2020년 3월 30일 10시,월요일,광주광역시 서구 동천동,경상사고,0,0,1,0,차대차 - 기타,안전운전불이행,건조,맑음,단일로 - 기타,화물,남,58세,상해없음,화물,남,69세,경상
2020033000100219,2020년 3월 30일 12시,월요일,광주광역시 광산구 산정동,중상사고,0,1,2,0,차대차 - 측면충돌,교차로운행방법위반,건조,맑음,교차로 - 교차로안,승용,남,34세,중상,승용,남,34세,상해없음
2020033000100220,2020년 3월 30일 12시,월요일,광주광역시 광산구 우산동,경상사고,0,0,1,0,차대차 - 기타,안전거리미확보,건조,맑음,단일로 - 기타,건설기계,남,54세,기타불명,승용,여,64세,경상
2020033000100251,2020년 3월 30일 13시,월요일,광주광역시 광산구 월계동,경상사고,0,0,1,0,차대차 - 측면충돌,안전운전불이행,건조,맑음,단일로 - 기타,기타불명,기타불명,미분류,기타불명,이륜,남,52세,경상
2020033000100284,2020년 3월 30일 14시,월요일,광주광역시 서구 치평동,중상사고,0,1,0,0,차대차 - 측면충돌,교차로운행방법위반,건조,맑음,교차로 - 교차로안,승용,남,62세,상해없음,이륜,남,47세,중상
2020033000100285,2020년 3월 30일 14시,월요일,광주광역시 서구 치평동,중상사고,0,1,0,0,차대차 - 측면충돌,신호위반,건조,맑음,교차로 - 교차로안,승용,남,51세,상해없음,이륜,남,44세,중상
2020033000100286,2020년 3월 30일 14시,월요일,광주광역시 남구 주월동,경상사고,0,0,2,0,차대차 - 측면충돌,안전운전불이행,건조,맑음,단일로 - 기타,승용,남,34세,상해없음,승용,남,48세,경상
2020033000100317,2020년 3월 30일 15시,월요일,광주광역시 동구 궁동,경상사고,0,0,1,0,차대사람 - 기타,안전운전불이행,건조,맑음,기타 - 기타,승합,남,40세,상해없음,보행자,남,69세,경상
2020033000100392,2020년 3월 30일 17시,월요일,광주광역시 동구 용산동,중상사고,0,1,0,0,차대차 - 기타,신호위반,건조,맑음,교차로 - 교차로안,승용,남,62세,기타불명,이륜,남,85세,중상
2020033000100423,2020년 3월 30일 18시,월요일,광주광역시 동구 용산동,경상사고,0,0,1,0,차대차 - 추돌,안전운전불이행,건조,맑음,단일로 - 기타,승용,남,62세,상해없음,승용,남,24세,경상
2020033000100424,2020년 3월 30일 18시,월요일,광주광역시 서구 풍암동,경상사고,0,0,1,0,차대차 - 측면충돌,불법유턴,건조,맑음,단일로 - 기타,승용,남,57세,상해없음,승용,남,28세,경상
2020033000100425,2020년 3월 30일 18시,월요일,광주광역시 서구 매월동,경상사고,0,0,2,0,차대차 - 기타,안전거리미확보,건조,맑음,단일로 - 기타,승합,여,49세,상해없음,승용,남,26세,경상
2020033000100426,2020년 3월 30일 18시,월요일,광주광역시 북구 누문동,경상사고,0,0,1,0,차대차 - 측면충돌,안전거리미확보,건조,맑음,단일로 - 기타,승용,남,37세,경상,화물,남,59세,상해없음
2020033000100494,2020년 3월 30일 20시,월요일,광주광역시 서구 쌍촌동,경상사고,0,0,1,0,차대차 - 측면충돌,신호위반,건조,흐림,교차로 - 교차로안,승용,남,29세,상해없음,이륜,남,27세,경상
2020033000100527,2020년 3월 30일 22시,월요일,광주광역시 남구 월산동,경상사고,0,0,1,0,차량단독 - 공작물충돌,안전운전불이행,건조,맑음,단일로 - 기타,화물,남,37세,상해없음,,,,
2020033100100121,2020년 3월 31일 09시,화요일,광주광역시 광산구 쌍암동,경상사고,0,0,1,0,차대차 - 측면충돌,불법유턴,건조,맑음,교차로 - 교차로부근,승용,남,56세,상해없음,승용,여,22세,경상
2020033100100159,2020년 3월 31일 10시,화요일,광주광역시 서구 금호동,경상사고,0,0,3,0,차대차 - 측면충돌,안전운전불이행,건조,맑음,교차로 - 교차로안,승용,남,55세,경상,승합,남,53세,경상
2020033100100160,2020년 3월 31일 10시,화요일,광주광역시 서구 화정동,경상사고,0,0,3,0,차대차 - 측면충돌,안전운전불이행,건조,맑음,단일로 - 기타,승용,여,63세,상해없음,승용,남,23세,경상
2020033100100161,2020년 3월 31일 10시,화요일,광주광역시 서구 치평동,경상사고,0,0,2,0,차대차 - 측면충돌,안전운전불이행,건조,맑음,교차로 - 교차로안,승용,남,61세,상해없음,승용,여,29세,경상
2020033100100162,2020년 3월 31일 10시,화요일,광주광역시 서구 풍암동,경상사고,0,0,1,0,차대차 - 측면충돌,안전운전불이행,건조,맑음,단일로 - 기타,승용,여,47세,상해없음,승용,남,32세,경상
2020033100100163,2020년 3월 31일 10시,화요일,광주광역시 동구 계림동,경상사고,0,0,1,0,차대차 - 측면충돌,안전운전불이행,건조,맑음,교차로 - 교차로부근,승용,남,78세,상해없음,승용,남,38세,경상
2020033100100164,2020년 3월 31일 10시,화요일,광주광역시 광산구 도덕동,중상사고,0,1,0,0,차대사람 - 기타,안전운전불이행,건조,맑음,단일로 - 기타,승합,남,59세,상해없음,보행자,여,82세,중상
2020033100100192,2020년 3월 31일 11시,화요일,광주광역시 광산구 선암동,경상사고,0,0,2,0,차대차 - 기타,안전운전불이행,건조,맑음,단일로 - 기타,승용,남,64세,상해없음,승용,여,52세,경상
2020033100100218,2020년 3월 31일 12시,화요일,광주광역시 서구 금호동,경상사고,0,0,1,0,차대차 - 기타,신호위반,건조,맑음,교차로 - 교차로안,승용,여,26세,상해없음,승용,여,56세,경상
2020033100100278,2020년 3월 31일 14시,화요일,광주광역시 서구 풍암동,경상사고,0,0,4,0,차대차 - 측면충돌,안전운전불이행,건조,맑음,교차로 - 교차로부근,승용,남,19세,경상,승용,남,68세,경상
2020033100100279,2020년 3월 31일 14시,화요일,광주광역시 북구 신안동,경상사고,0,0,1,0,차대차 - 기타,안전거리미확보,건조,맑음,단일로 - 기타,승용,남,70세,상해없음,이륜,남,24세,경상
2020033100100316,2020년 3월 31일 15시,화요일,광주광역시 동구 수기동,경상사고,0,0,1,0,차대차 - 기타,안전운전불이행,건조,맑음,단일로 - 기타,자전거,남,29세,경상,승용,남,58세,상해없음
2020033100100317,2020년 3월 31일 15시,화요일,광주광역시 서구 쌍촌동,경상사고,0,0,2,0,차대차 - 측면충돌,안전운전불이행,건조,맑음,단일로 - 기타,승용,남,28세,경상,화물,남,30세,경상
2020033100100318,2020년 3월 31일 15시,화요일,광주광역시 북구 운암동,경상사고,0,0,1,0,차대차 - 측면충돌,교차로운행방법위반,건조,맑음,교차로 - 교차로안,승용,남,65세,상해없음,자전거,여,26세,경상
2020033100100319,2020년 3월 31일 15시,화요일,광주광역시 광산구 신촌동,경상사고,0,0,1,0,차대차 - 측면충돌,안전운전불이행,건조,맑음,교차로 - 교차로부근,화물,남,78세,상해없음,승용,여,24세,경상
2020033100100354,2020년 3월 31일 16시,화요일,광주광역시 서구 치평동,경상사고,0,0,3,0,차대차 - 기타,교차로운행방법위반,건조,맑음,교차로 - 교차로부근,승용,남,61세,상해없음,승용,남,22세,상해없음
2020033100100355,2020년 3월 31일 16시,화요일,광주광역시 남구 송하동,경상사고,0,0,1,0,차대차 - 측면충돌,교차로운행방법위반,건조,맑음,교차로 - 교차로안,승용,남,70세,상해없음,승용,여,26세,경상
2020033100100356,2020년 3월 31일 16시,화요일,광주광역시 광산구 수완동,경상사고,0,0,1,0,차대차 - 측면충돌,중앙선침범,건조,맑음,단일로 - 기타,특수,남,73세,상해없음,승용,남,72세,경상
2020033100100423,2020년 3월 31일 18시,화요일,광주광역시 북구 중흥동,경상사고,0,0,1,0,차대차 - 측면충돌,직진우회전진행방해,건조,맑음,교차로 - 교차로안,이륜,남,26세,경상,승용,남,44세,상해없음
2020033100100424,2020년 3월 31일 18시,화요일,광주광역시 서구 동천동,경상사고,0,0,1,0,차대차 - 기타,안전운전불이행,건조,맑음,단일로 - 기타,승용,남,47세,상해없음,승합,남,56세,상해없음
2020033100100452,2020년 3월 31일 19시,화요일,광주광역시 서구 쌍촌동,경상사고,0,0,1,0,차대차 - 기타,교차로운행방법위반,건조,맑음,교차로 - 교차로안,승용,남,24세,상해없음,이륜,남,38세,경상
2020033100100453,2020년 3월 31일 19시,화요일,광주광역시 서구 풍암동,경상사고,0,0,1,0,차대차 - 기타,신호위반,건조,맑음,교차로 - 교차로안,승용,여,63세,상해없음,이륜,남,49세,경상
2020033100100477,2020년 3월 31일 20시,화요일,광주광역시 북구 용봉동,경상사고,0,0,1,0,차대차 - 추돌,안전운전불이행,건조,맑음,단일로 - 기타,승용,여,25세,상해없음,승용,남,66세,경상
2020033100100500,2020년 3월 31일 21시,화요일,광주광역시 서구 쌍촌동,경상사고,0,0,1,0,차량단독 - 기타,안전운전불이행,건조,맑음,단일로 - 기타,승용,남,65세,상해없음,,,,
2020033100100517,2020년 3월 31일 22시,화요일,광주광역시 광산구 월계동,중상사고,0,1,2,0,차대차 - 추돌,안전운전불이행,건조,맑음,교차로 - 교차로부근,승용,여,43세,상해없음,승용,남,29세,경상
2020033100100533,2020년 3월 31일 23시,화요일,광주광역시 광산구 수완동,경상사고,0,0,2,0,차대차 - 측면충돌,안전운전불이행,건조,맑음,단일로 - 기타,승용,여,39세,경상,화물,남,53세,경상
2020040100100013,2020년 4월 1일 00시,수요일,광주광역시 북구 신용동,경상사고,0,0,1,0,차대차 - 측면충돌,신호위반,건조,맑음,교차로 - 교차로안,승용,남,35세,상해없음,이륜,남,21세,경상
2020040100100021,2020년 4월 1일 01시,수요일,광주광역시 북구 용봉동,경상사고,0,0,1,0,차대차 - 기타,안전운전불이행,건조,맑음,교차로 - 교차로부근,승합,남,24세,상해없음,승용,남,55세,경상
2020040100100064,2020년 4월 1일 06시,수요일,광주광역시 북구 문흥동,경상사고,0,0,1,0,차대사람 - 횡단중,안전운전불이행,건조,맑음,단일로 - 기타,화물,남,61세,기타불명,보행자,남,38세,경상
2020040100100077,2020년 4월 1일 07시,수요일,광주광역시 서구 쌍촌동,경상사고,0,0,1,0,차대차 - 추돌,안전운전불이행,건조,맑음,교차로 - 교차로부근,승합,남,62세,상해없음,승용,여,36세,경상
2020040100100099,2020년 4월 1일 08시,수요일,광주광역시 남구 진월동,경상사고,0,0,1,0,차대차 - 측면충돌,안전운전불이행,건조,맑음,단일로 - 기타,특수,남,57세,상해없음,승용,여,27세,경상
2020040100100100,2020년 4월 1일 08시,수요일,광주광역시 북구 운암동,경상사고,0,0,1,0,차대차 - 측면충돌,안전운전불이행,건조,맑음,교차로 - 교차로부근,승용,남,74세,상해없음,승용,남,47세,경상
2020040100100101,2020년 4월 1일 08시,수요일,광주광역시 광산구 소촌동,경상사고,0,0,3,0,차대차 - 측면충돌,교차로운행방법위반,건조,맑음,교차로 - 교차로안,승용,여,44세,경상,건설기계,남,63세,경상