사고번호,사고일시,요일,시군구,사고내용,사망자수,중상자수,경상자수,부상신고자수,사고유형,법규위반,노면상태,기상상태,도로형태,가해운전자 차종,가해운전자 성별,가해운전자 연령,가해운전자 상해정도,피해운전자 차종,피해운전자 성별,피해운전자 연령,피해운전자 상해정도
2020042500100574,2020년 4월 25일 22시,토요일,광주광역시 광산구 신가동,경상사고,0,0,2,0,차대차 - 측면충돌,안전운전불이행,건조,맑음,단일로 - 기타,승용,남,58세,상해없음,승용,여,41세,경상
2020042500100589,2020년 4월 25일 23시,토요일,광주광역시 광산구 운남동,경상사고,0,0,1,0,차대차 - 측면충돌,안전운전불이행,건조,맑음,교차로 - 교차로부근,승용,남,67세,상해없음,화물,남,46세,경상
2020042600100029,2020년 4월 26일 01시,일요일,광주광역시 남구 방림동,경상사고,0,0,1,0,차대차 - 측면충돌,안전운전불이행,건조,맑음,교차로 - 교차로부근,승용,남,27세,상해없음,승용,남,31세,경상
2020042600100140,2020년 4월 26일 10시,일요일,광주광역시 동구 지산동,경상사고,0,0,1,0,차대차 - 측면충돌,안전운전불이행,건조,맑음,단일로 - 기타,승용,여,50세,상해없음,승용,남,52세,경상
2020042600100228,2020년 4월 26일 14시,일요일,광주광역시 서구 광천동,경상사고,0,0,1,0,차대차 - 측면충돌,차로위반,건조,맑음,단일로 - 기타,승용,남,62세,상해없음,승용,남,41세,경상
2020042600100229,2020년 4월 26일 14시,일요일,광주광역시 광산구 월전동,중상사고,0,2,3,0,차대차 - 기타,신호위반,건조,맑음,교차로 - 교차로안,승용,남,30세,경상,화물,남,54세,경상
2020042600100265,2020년 4월 26일 15시,일요일,광주광역시 북구 신안동,경상사고,0,0,1,0,차대차 - 기타,안전운전불이행,건조,맑음,단일로 - 기타,자전거,여,59세,경상,승용,남,18세,상해없음
2020042600100332,2020년 4월 26일 17시,일요일,광주광역시 동구 소태동,경상사고,0,0,5,0,차대차 - 측면충돌,직진우회전진행방해,건조,맑음,교차로 - 교차로안,승합,남,69세,경상,승용,남,22세,경상
2020042600100333,2020년 4월 26일 17시,일요일,광주광역시 서구 유촌동,경상사고,0,0,1,0,차대차 - 추돌,안전운전불이행,건조,맑음,교차로 - 교차로부근,승용,남,46세,상해없음,승용,남,39세,경상
2020042600100334,2020년 4월 26일 17시,일요일,광주광역시 광산구 신가동,경상사고,0,0,5,0,차대차 - 측면충돌,신호위반,건조,맑음,교차로 - 교차로안,이륜,남,38세,경상,승용,남,42세,경상
2020042600100363,2020년 4월 26일 18시,일요일,광주광역시 북구 두암동,경상사고,0,0,1,0,차대차 - 정면충돌,안전운전불이행,건조,맑음,교차로 - 교차로안,이륜,남,65세,경상,승용,남,63세,상해없음
2020042600100390,2020년 4월 26일 19시,일요일,광주광역시 북구 동림동,경상사고,0,0,1,0,차대차 - 기타,중앙선침범,건조,맑음,단일로 - 기타,기타불명,기타불명,미분류,기타불명,승용,여,24세,경상
2020042700100009,2020년 4월 27일 00시,월요일,광주광역시 남구 주월동,경상사고,0,0,3,0,차대차 - 추돌,안전운전불이행,건조,맑음,단일로 - 기타,승용,여,49세,상해없음,승용,남,26세,경상
2020042700100020,2020년 4월 27일 03시,월요일,광주광역시 서구 화정동,경상사고,0,0,4,0,차대차 - 측면충돌,안전거리미확보,건조,맑음,교차로 - 교차로부근,승용,남,18세,상해없음,승용,남,29세,경상
2020042700100069,2020년 4월 27일 07시,월요일,광주광역시 북구 북동,부상신고사고,0,0,0,1,차대사람 - 기타,안전운전불이행,건조,맑음,단일로 - 기타,승용,남,40세,상해없음,보행자,남,65세,부상신고
2020042700100104,2020년 4월 27일 08시,월요일,광주광역시 서구 매월동,경상사고,0,0,4,0,차대차 - 추돌,안전거리미확보,건조,맑음,단일로 - 기타,화물,남,37세,상해없음,승용,여,41세,경상
2020042700100129,2020년 4월 27일 09시,월요일,광주광역시 남구 월산동,경상사고,0,0,1,0,차대사람 - 기타,안전운전불이행,건조,맑음,교차로 - 교차로안,화물,남,54세,기타불명,보행자,여,82세,경상
2020042700100168,2020년 4월 27일 10시,월요일,광주광역시 북구 동림동,경상사고,0,0,1,0,차대사람 - 기타,안전운전불이행,건조,맑음,기타 - 기타,화물,남,49세,상해없음,보행자,여,61세,경상
2020042700100205,2020년 4월 27일 11시,월요일,광주광역시 남구 노대동,경상사고,0,0,1,0,차대차 - 추돌,안전운전불이행,건조,맑음,교차로 - 교차로부근,승용,여,32세,상해없음,승용,여,53세,경상
2020042700100235,2020년 4월 27일 12시,월요일,광주광역시 광산구 도천동,사망사고,1,0,0,0,차대차 - 측면충돌,안전거리미확보,건조,맑음,교차로 - 교차로부근,개인형이동수단(PM),남,47세,사망,화물,남,51세,상해없음
2020042700100279,2020년 4월 27일 13시,월요일,광주광역시 광산구 선암동,경상사고,0,0,1,0,차대차 - 기타,안전운전불이행,건조,맑음,교차로 - 교차로안,승용,남,62세,상해없음,화물,남,46세,경상
2020042700100308,2020년 4월 27일 14시,월요일,광주광역시 동구 계림동,부상신고사고,0,0,0,1,차대차 - 기타,안전운전불이행,건조,맑음,교차로 - 교차로안,승용,여,60세,상해없음,건설기계,남,49세,상해없음
2020042700100309,2020년 4월 27일 14시,월요일,광주광역시 서구 동천동,경상사고,0,0,1,0,차대사람 - 기타,안전운전불이행,건조,맑음,단일로 - 기타,승용,남,42세,상해없음,보행자,남,27세,경상
2020042700100348,2020년 4월 27일 15시,월요일,광주광역시 남구 봉선동,경상사고,0,0,4,0,차대차 - 측면충돌,교차로운행방법위반,건조,맑음,교차로 - 교차로안,승용,여,59세,경상,승용,여,40세,경상
2020042700100390,2020년 4월 27일 16시,월요일,광주광역시 서구 쌍촌동,경상사고,0,0,1,0,차대차 - 측면충돌,안전운전불이행,건조,맑음,교차로 - 교차로안,승용,여,29세,상해없음,이륜,남,21세,경상
2020042700100391,2020년 4월 27일 16시,월요일,광주광역시 광산구 월계동,경상사고,0,0,1,0,차대차 - 추돌,안전거리미확보,건조,맑음,교차로 - 교차로안,승용,남,65세,상해없음,승용,남,53세,경상
2020042700100439,2020년 4월 27일 17시,월요일,광주광역시 북구 대촌동,경상사고,0,0,1,0,차대차 - 정면충돌,안전운전불이행,건조,맑음,교차로 - 교차로횡단보도내,화물,남,58세,상해없음,특수,남,50세,경상
2020042700100440,2020년 4월 27일 17시,월요일,광주광역시 북구 각화동,경상사고,0,0,1,0,차대차 - 측면충돌,교차로운행방법위반,건조,맑음,교차로 - 교차로안,승용,남,76세,상해없음,승합,남,47세,경상
2020042700100441,2020년 4월 27일 17시,월요일,광주광역시 광산구 수완동,중상사고,0,2,0,0,차대차 - 측면충돌,신호위반,건조,맑음,단일로 - 기타,승용,여,51세,상해없음,원동기,남,24세,중상
2020042700100519,2020년 4월 27일 19시,월요일,광주광역시 서구 양동,경상사고,0,0,1,0,차대사람 - 기타,안전운전불이행,건조,맑음,단일로 - 기타,승용,남,54세,상해없음,보행자,여,75세,경상
2020042700100520,2020년 4월 27일 19시,월요일,광주광역시 서구 금호동,경상사고,0,0,2,0,차대차 - 측면충돌,안전운전불이행,건조,맑음,교차로 - 교차로부근,승용,남,55세,상해없음,승용,여,26세,경상
2020042700100521,2020년 4월 27일 19시,월요일,광주광역시 남구 주월동,중상사고,0,1,0,0,차량단독 - 기타,안전운전불이행,건조,맑음,교차로 - 교차로안,승용,남,64세,상해없음,,,,
2020042700100522,2020년 4월 27일 19시,월요일,광주광역시 광산구 쌍암동,경상사고,0,0,1,0,차대차 - 측면충돌,신호위반,건조,맑음,교차로 - 교차로안,기타불명,기타불명,미분류,기타불명,승용,남,33세,경상
2020042700100523,2020년 4월 27일 19시,월요일,광주광역시 광산구 도산동,경상사고,0,0,2,0,차대차 - 측면충돌,안전운전불이행,건조,맑음,교차로 - 교차로안,승용,남,61세,상해없음,승용,남,45세,경상
2020042700100601,2020년 4월 27일 22시,월요일,광주광역시 서구 유촌동,경상사고,0,0,2,0,차대차 - 기타,신호위반,건조,맑음,교차로 - 교차로안,승용,남,34세,상해없음,승용,남,49세,경상
2020042700100622,2020년 4월 27일 23시,월요일,광주광역시 광산구 선암동,경상사고,0,0,1,0,차대차 - 추돌,안전운전불이행,건조,맑음,단일로 - 기타,승용,남,34세,상해없음,승용,남,37세,경상
2020042700100623,2020년 4월 27일 23시,월요일,광주광역시 광산구 수완동,경상사고,0,0,2,0,차대차 - 측면충돌,신호위반,건조,맑음,교차로 - 교차로안,승용,남,53세,상해없음,승용,남,58세,경상
2020042800100010,2020년 4월 28일 00시,화요일,광주광역시 서구 화정동,경상사고,0,0,2,1,차대차 - 측면충돌,교차로운행방법위반,건조,맑음,교차로 - 교차로안,승용,여,21세,부상신고,승용,남,47세,경상
2020042800100061,2020년 4월 28일 06시,화요일,광주광역시 서구 쌍촌동,경상사고,0,0,2,0,차대차 - 측면충돌,안전거리미확보,건조,맑음,단일로 - 기타,승용,남,30세,상해없음,승용,남,42세,경상
2020042800100078,2020년 4월 28일 07시,화요일,광주광역시 동구 산수동,경상사고,0,0,1,0,차대차 - 측면충돌,안전운전불이행,건조,맑음,단일로 - 기타,승용,남,25세,상해없음,승용,여,59세,경상
2020042800100079,2020년 4월 28일 07시,화요일,광주광역시 북구 운암동,경상사고,0,0,1,0,차대차 - 기타,안전거리미확보,건조,맑음,단일로 - 기타,승용,여,39세,상해없음,승용,남,38세,상해없음
2020042800100113,2020년 4월 28일 08시,화요일,광주광역시 서구 금호동,경상사고,0,0,1,0,차대차 - 측면충돌,안전운전불이행,건조,맑음,단일로 - 기타,승용,여,36세,상해없음,승용,여,35세,경상
2020042800100114,2020년 4월 28일 08시,화요일,광주광역시 광산구 비아동,경상사고,0,0,1,0,차대차 - 추돌,안전거리미확보,건조,맑음,단일로 - 기타,화물,남,63세,상해없음,승용,여,41세,경상
2020042800100153,2020년 4월 28일 09시,화요일,광주광역시 남구 방림동,경상사고,0,0,1,0,차대차 - 측면충돌,안전거리미확보,건조,맑음,단일로 - 기타,승합,남,70세,상해없음,승용,남,30세,경상
2020042800100154,2020년 4월 28일 09시,화요일,광주광역시 북구 신안동,경상사고,0,0,1,0,차대차 - 측면충돌,중앙선침범,건조,맑음,단일로 - 기타,승용,남,39세,상해없음,이륜,남,24세,경상
2020042800100190,2020년 4월 28일 10시,화요일,광주광역시 서구 덕흥동,경상사고,0,0,2,0,차대차 - 기타,안전운전불이행,건조,맑음,단일로 - 기타,화물,남,34세,상해없음,승용,여,55세,경상
2020042800100191,2020년 4월 28일 10시,화요일,광주광역시 서구 금호동,경상사고,0,0,2,1,차대차 - 측면충돌,안전거리미확보,건조,맑음,단일로 - 기타,승용,남,52세,부상신고,승용,여,35세,경상
2020042800100192,2020년 4월 28일 10시,화요일,광주광역시 남구 양과동,경상사고,0,0,2,0,차대차 - 측면충돌,차로위반,건조,맑음,단일로 - 기타,승용,남,71세,경상,화물,남,54세,경상
2020042800100291,2020년 4월 28일 13시,화요일,광주광역시 북구 신용동,경상사고,0,0,2,0,차대차 - 추돌,안전운전불이행,건조,맑음,단일로 - 기타,승용,남,36세,상해없음,승용,남,40세,경상
2020042800100292,2020년 4월 28일 13시,화요일,광주광역시 광산구 도천동,경상사고,0,0,1,0,차대차 - 추돌,안전운전불이행,건조,맑음,교차로 - 교차로안,승용,남,35세,상해없음,승용,남,49세,경상
2020042800100323,2020년 4월 28일 14시,화요일,광주광역시 서구 풍암동,경상사고,0,0,2,0,차대차 - 추돌,안전운전불이행,건조,맑음,단일로 - 기타,승용,남,48세,상해없음,승용,남,63세,경상
2020042800100324,2020년 4월 28일 14시,화요일,광주광역시 북구 우산동,경상사고,0,0,1,0,차대차 - 기타,안전운전불이행,건조,맑음,기타 - 기타,승용,남,58세,상해없음,자전거,남,9세,경상
2020042800100325,2020년 4월 28일 14시,화요일,광주광역시 광산구 송정동,경상사고,0,0,1,0,차대차 - 후진중충돌,안전운전불이행,건조,맑음,교차로 - 교차로안,승용,여,76세,상해없음,승용,여,47세,경상
2020042800100409,2020년 4월 28일 16시,화요일,광주광역시 북구 각화동,경상사고,0,0,1,0,차대차 - 측면충돌,안전운전불이행,건조,맑음,교차로 - 교차로부근,승용,여,40세,상해없음,화물,남,63세,경상
2020042800100456,2020년 4월 28일 17시,화요일,광주광역시 광산구 월계동,경상사고,0,0,1,0,차대차 - 측면충돌,교차로운행방법위반,건조,맑음,교차로 - 교차로안,승합,남,45세,상해없음,이륜,남,38세,경상
2020042800100501,2020년 4월 28일 18시,화요일,광주광역시 서구 매월동,경상사고,0,0,1,0,차대차 - 측면충돌,교차로운행방법위반,건조,맑음,교차로 - 교차로안,승용,남,68세,상해없음,승용,여,20세,경상
2020042800100502,2020년 4월 28일 18시,화요일,광주광역시 서구 화정동,경상사고,0,0,2,1,차대차 - 측면충돌,안전운전불이행,건조,맑음,교차로 - 교차로안,승용,남,57세,부상신고,승용,여,42세,경상
2020042800100597,2020년 4월 28일 21시,화요일,광주광역시 서구 쌍촌동,경상사고,0,0,2,0,차대차 - 측면충돌,차로위반,건조,맑음,단일로 - 기타,승용,남,38세,기타불명,승용,여,23세,경상
2020042800100598,2020년 4월 28일 21시,화요일,광주광역시 광산구 산월동,경상사고,0,0,1,0,차대차 - 측면충돌,안전운전불이행,건조,맑음,교차로 - 교차로부근,승용,남,45세,상해없음,승용,남,29세,경상
2020042800100617,2020년 4월 28일 22시,화요일,광주광역시 동구 장동,중상사고,0,1,1,0,차대사람 - 횡단중,보행자보호의무위반,건조,맑음,교차로 - 교차로횡단보도내,이륜,남,19세,경상,보행자,남,20세,중상
2020042800100633,2020년 4월 28일 23시,화요일,광주광역시 서구 화정동,중상사고,0,1,0,0,차대차 - 측면충돌,안전운전불이행,건조,맑음,단일로 - 기타,승용,남,57세,상해없음,이륜,남,21세,중상
2020042800100634,2020년 4월 28일 23시,화요일,광주광역시 북구 용봉동,중상사고,0,1,1,0,차대사람 - 횡단중,신호위반,건조,맑음,단일로 - 기타,승용,남,35세,상해없음,보행자,여,57세,경상
2020042900100028,2020년 4월 29일 02시,수요일,광주광역시 서구 쌍촌동,경상사고,0,0,1,0,차대차 - 측면충돌,안전운전불이행,건조,맑음,교차로 - 교차로안,승용,남,54세,상해없음,이륜,남,25세,경상
2020042900100054,2020년 4월 29일 06시,수요일,광주광역시 광산구 소촌동,경상사고,0,0,2,0,차대차 - 정면충돌,중앙선침범,건조,맑음,교차로 - 교차로안,승용,남,54세,경상,승용,여,58세,경상
2020042900100096,2020년 4월 29일 08시,수요일,광주광역시 광산구 월곡동,경상사고,0,0,2,0,차대차 - 측면충돌,안전거리미확보,건조,맑음,단일로 - 기타,승용,여,35세,경상,승용,여,53세,경상
2020042900100133,2020년 4월 29일 09시,수요일,광주광역시 광산구 우산동,경상사고,0,0,1,0,차대차 - 추돌,신호위반,건조,맑음,교차로 - 교차로부근,승용,여,35세,상해없음,승용,남,47세,경상
2020042900100163,2020년 4월 29일 10시,수요일,광주광역시 북구 두암동,경상사고,0,0,1,0,차대사람 - 횡단중,안전운전불이행,건조,맑음,단일로 - 기타,화물,남,47세,상해없음,보행자,남,46세,경상
2020042900100164,2020년 4월 29일 10시,수요일,광주광역시 북구 풍향동,중상사고,0,1,0,0,차대차 - 기타,과속,건조,맑음,단일로 - 기타,승용,남,64세,상해없음,자전거,남,83세,중상
2020042900100165,2020년 4월 29일 10시,수요일,광주광역시 광산구 산정동,경상사고,0,0,1,0,차대차 - 측면충돌,교차로운행방법위반,건조,맑음,교차로 - 교차로안,승용,남,58세,상해없음,승용,남,65세,경상
2020042900100205,2020년 4월 29일 11시,수요일,광주광역시 서구 쌍촌동,경상사고,0,0,1,0,차대차 - 추돌,안전운전불이행,건조,맑음,교차로 - 교차로부근,승용,여,24세,상해없음,승용,남,39세,경상
2020042900100206,2020년 4월 29일 11시,수요일,광주광역시 북구 양산동,경상사고,0,0,2,0,차대차 - 측면충돌,안전운전불이행,건조,맑음,단일로 - 기타,특수,남,57세,상해없음,승용,남,41세,경상
2020042900100207,2020년 4월 29일 11시,수요일,광주광역시 북구 각화동,경상사고,0,0,2,0,차대차 - 추돌,안전운전불이행,건조,맑음,단일로 - 기타,화물,남,41세,상해없음,승용,남,28세,경상
2020042900100273,2020년 4월 29일 13시,수요일,광주광역시 광산구 월계동,경상사고,0,0,3,0,차대차 - 정면충돌,신호위반,건조,맑음,교차로 - 교차로안,승용,여,40세,기타불명,승용,여,25세,경상
2020042900100311,2020년 4월 29일 14시,수요일,광주광역시 동구 금남로5가,경상사고,0,0,1,0,차대사람 - 기타,보행자보호의무위반,건조,맑음,교차로 - 교차로횡단보도내,자전거,남,28세,상해없음,보행자,남,74세,경상
2020042900100351,2020년 4월 29일 15시,수요일,광주광역시 동구 수기동,경상사고,0,0,3,0,차대차 - 기타,안전운전불이행,건조,맑음,단일로 - 기타,승용,여,60세,경상,화물,남,21세,경상
2020042900100459,2020년 4월 29일 17시,수요일,광주광역시 서구 내방동,경상사고,0,0,2,0,차대차 - 측면충돌,안전운전불이행,건조,맑음,단일로 - 기타,승용,남,18세,상해없음,승용,여,53세,경상
2020042900100460,2020년 4월 29일 17시,수요일,광주광역시 서구 쌍촌동,경상사고,0,0,1,0,차대차 - 측면충돌,안전운전불이행,건조,맑음,주차장 - 주차장,승용,남,50세,상해없음,승용,여,33세,경상
2020042900100461,2020년 4월 29일 17시,수요일,광주광역시 남구 월산동,경상사고,0,0,1,0,차대사람 - 횡단중,안전운전불이행,건조,맑음,단일로 - 기타,승용,여,50세,상해없음,보행자,남,6세,경상
2020042900100552,2020년 4월 29일 19시,수요일,광주광역시 북구 일곡동,중상사고,0,1,5,0,차량단독 - 공작물충돌,안전운전불이행,건조,맑음,교차로 - 교차로안,승합,남,51세,상해없음,,,,
2020042900100596,2020년 4월 29일 20시,수요일,광주광역시 북구 매곡동,부상신고사고,0,0,0,1,차대차 - 기타,신호위반,건조,맑음,교차로 - 교차로부근,이륜,남,60세,부상신고,승용,남,45세,상해없음
2020042900100597,2020년 4월 29일 20시,수요일,광주광역시 광산구 장록동,경상사고,0,0,1,0,차대차 - 측면충돌,신호위반,건조,맑음,교차로 - 교차로안,이륜,남,50세,상해없음,승용,남,27세,경상
2020042900100598,2020년 4월 29일 20시,수요일,광주광역시 광산구 도천동,경상사고,0,0,1,0,차대차 - 기타,안전거리미확보,건조,맑음,교차로 - 교차로부근,승용,여,27세,기타불명,승용,여,32세,경상
2020042900100632,2020년 4월 29일 21시,수요일,광주광역시 서구 유촌동,경상사고,0,0,1,0,차대차 - 기타,안전운전불이행,건조,맑음,교차로 - 교차로안,화물,남,35세,상해없음,승용,남,24세,경상
2020042900100633,2020년 4월 29일 21시,수요일,광주광역시 광산구 신가동,중상사고,0,1,0,0,차량단독 - 기타,안전운전불이행,건조,맑음,단일로 - 기타,승합,남,54세,상해없음,,,,
2020042900100659,2020년 4월 29일 22시,수요일,광주광역시 서구 마륵동,경상사고,0,0,1,0,차대차 - 추돌,안전운전불이행,건조,맑음,교차로 - 교차로부근,화물,남,44세,상해없음,화물,남,48세,경상
2020042900100660,2020년 4월 29일 22시,수요일,광주광역시 광산구 신가동,경상사고,0,0,1,0,차대차 - 측면충돌,안전운전불이행,건조,맑음,단일로 - 기타,화물,남,26세,상해없음,승용,여,48세,경상
2020043000100010,2020년 4월 30일 00시,목요일,광주광역시 북구 중흥동,경상사고,0,0,1,0,차대차 - 측면충돌,교차로운행방법위반,건조,맑음,교차로 - 교차로안,승용,남,55세,상해없음,승용,남,49세,상해없음
2020043000100029,2020년 4월 30일 01시,목요일,광주광역시 서구 치평동,중상사고,0,1,5,0,차대차 - 기타,과속,건조,맑음,교차로 - 교차로안,승용,남,20세,상해없음,승용,남,24세,기타불명
2020043000100030,2020년 4월 30일 01시,목요일,광주광역시 북구 연제동,부상신고사고,0,0,0,1,차량단독 - 공작물충돌,안전운전불이행,건조,맑음,교차로 - 교차로안,승용,남,34세,부상신고,,,,
2020043000100048,2020년 4월 30일 02시,목요일,광주광역시 북구 용봉동,경상사고,0,0,4,0,차대차 - 측면충돌,신호위반,건조,맑음,교차로 - 교차로안,승합,남,37세,상해없음,승용,남,59세,경상
2020043000100049,2020년 4월 30일 02시,목요일,광주광역시 북구 신안동,경상사고,0,0,1,0,차대차 - 기타,직진우회전진행방해,건조,맑음,교차로 - 교차로안,승용,남,59세,상해없음,승용,여,55세,경상
2020043000100063,2020년 4월 30일 04시,목요일,광주광역시 서구 농성동,경상사고,0,0,2,0,차대차 - 기타,중앙선침범,건조,맑음,단일로 - 기타,승용,여,28세,상해없음,승용,남,65세,경상
2020043000100064,2020년 4월 30일 04시,목요일,광주광역시 남구 백운동,경상사고,0,0,1,0,차량단독 - 기타,안전운전불이행,건조,맑음,교차로 - 교차로부근,승용,남,71세,상해없음,,,,
2020043000100065,2020년 4월 30일 04시,목요일,광주광역시 남구 주월동,사망사고,1,0,0,0,차량단독 - 공작물충돌,안전운전불이행,건조,맑음,단일로 - 고가도로위,이륜,남,24세,사망,,,,
2020043000100066,2020년 4월 30일 04시,목요일,광주광역시 북구 유동,경상사고,0,0,2,1,차대차 - 측면충돌,신호위반,건조,맑음,교차로 - 교차로안,승용,남,21세,부상신고,승용,남,62세,경상
2020043000100081,2020년 4월 30일 05시,목요일,광주광역시 북구 각화동,중상사고,0,2,0,0,차대차 - 기타,신호위반,건조,맑음,교차로 - 교차로안,화물,남,68세,상해없음,화물,남,52세,중상
2020043000100198,2020년 4월 30일 11시,목요일,광주광역시 동구 소태동,경상사고,0,0,1,0,차대차 - 추돌,안전거리미확보,건조,맑음,단일로 - 기타,승용,남,22세,상해없음,승용,남,35세,경상
2020043000100238,2020년 4월 30일 12시,목요일,광주광역시 남구 서동,경상사고,0,0,1,0,차대사람 - 차도통행중,안전운전불이행,건조,맑음,단일로 - 기타,승용,남,53세,상해없음,보행자,남,6세,경상
2020043000100239,2020년 4월 30일 12시,목요일,광주광역시 북구 신안동,경상사고,0,0,1,0,차대차 - 기타,교차로운행방법위반,건조,맑음,교차로 - 교차로안,승용,남,67세,상해없음,원동기,남,24세,경상
2020043000100282,2020년 4월 30일 13시,목요일,광주광역시 북구 용두동,중상사고,0,1,0,0,차대사람 - 횡단중,안전운전불이행,건조,맑음,단일로 - 기타,화물,남,44세,상해없음,보행자,남,41세,중상
2020043000100283,2020년 4월 30일 13시,목요일,광주광역시 광산구 운남동,경상사고,0,0,4,0,차대차 - 추돌,안전운전불이행,건조,맑음,단일로 - 기타,승용,남,50세,상해없음,승용,남,40세,경상
2020043000100326,2020년 4월 30일 14시,목요일,광주광역시 광산구 우산동,경상사고,0,0,1,0,차대사람 - 기타,안전운전불이행,건조,맑음,주차장 - 주차장,승용,남,69세,상해없음,보행자,남,46세,경상
2020043000100416,2020년 4월 30일 16시,목요일,광주광역시 서구 풍암동,중상사고,0,1,1,0,차량단독 - 공작물충돌,안전운전불이행,건조,맑음,단일로 - 기타,승용,남,88세,경상,,,,
2020043000100450,2020년 4월 30일 17시,목요일,광주광역시 북구 일곡동,중상사고,0,1,0,0,차대차 - 기타,안전운전불이행,건조,맑음,교차로 - 교차로안,승용,남,47세,상해없음,이륜,남,62세,중상
2020043000100478,2020년 4월 30일 18시,목요일,광주광역시 남구 주월동,사망사고,1,0,0,0,차량단독 - 기타,안전운전불이행,건조,맑음,단일로 - 고가도로위,이륜,남,84세,사망,,,,
2020043000100479,2020년 4월 30일 18시,목요일,광주광역시 북구 동림동,경상사고,0,0,2,0,차대차 - 측면충돌,안전운전불이행,건조,맑음,단일로 - 기타,승용,남,60세,경상,승용,남,52세,경상
2020043000100480,2020년 4월 30일 18시,목요일,광주광역시 북구 임동,경상사고,0,0,1,0,차대차 - 측면충돌,안전운전불이행,건조,맑음,단일로 - 기타,승용,남,72세,상해없음,승용,남,28세,경상
2020043000100481,2020년 4월 30일 18시,목요일,광주광역시 광산구 장덕동,경상사고,0,0,3,0,차대차 - 기타,교차로운행방법위반,건조,맑음,교차로 - 교차로안,승용,남,55세,상해없음,승용,여,43세,경상
2020043000100516,2020년 4월 30일 19시,목요일,광주광역시 남구 백운동,경상사고,0,0,2,0,차대사람 - 기타,보행자보호의무위반,건조,맑음,단일로 - 기타,화물,남,83세,상해없음,보행자,남,40세,경상
2020043000100565,2020년 4월 30일 21시,목요일,광주광역시 북구 연제동,경상사고,0,0,1,0,차대차 - 측면충돌,신호위반,건조,맑음,교차로 - 교차로안,승용,남,31세,상해없음,승용,남,33세,경상
2020043000100582,2020년 4월 30일 22시,목요일,광주광역시 남구 진월동,경상사고,0,0,4,0,차대차 - 측면충돌,안전운전불이행,건조,맑음,단일로 - 기타,승용,남,18세,상해없음,승용,여,42세,경상
2020043000100601,2020년 4월 30일 23시,목요일,광주광역시 동구 대인동,경상사고,0,0,2,0,차대차 - 측면충돌,신호위반,건조,흐림,교차로 - 교차로안,승용,남,57세,경상,승용,남,66세,경상
2020050100100014,2020년 5월 1일 00시,금요일,광주광역시 북구 오치동,경상사고,0,0,1,0,차대사람 - 횡단중,안전운전불이행,건조,맑음,교차로 - 교차로안,화물,남,29세,상해없음,보행자,여,57세,경상
2020050100100053,2020년 5월 1일 06시,금요일,광주광역시 북구 오치동,경상사고,0,0,2,0,차대차 - 측면충돌,안전운전불이행,건조,맑음,교차로 - 교차로안,승용,남,63세,기타불명,승용,남,50세,경상
2020050100100078,2020년 5월 1일 08시,금요일,광주광역시 동구 대인동,경상사고,0,0,3,0,차대차 - 기타,안전운전불이행,건조,맑음,단일로 - 기타,승용,여,40세,경상,승용,남,74세,경상
2020050100100141,2020년 5월 1일 10시,금요일,광주광역시 서구 쌍촌동,경상사고,0,0,1,0,차대사람 - 횡단중,안전운전불이행,건조,맑음,교차로 - 교차로부근,화물,남,46세,상해없음,보행자,여,59세,경상
2020050100100142,2020년 5월 1일 10시,금요일,광주광역시 남구 백운동,경상사고,0,0,3,0,차대차 - 측면충돌,신호위반,건조,맑음,교차로 - 교차로안,승용,여,65세,상해없음,승용,남,32세,경상
2020050100100296,2020년 5월 1일 14시,금요일,광주광역시 서구 광천동,경상사고,0,0,2,0,차대차 - 측면충돌,안전운전불이행,건조,맑음,단일로 - 기타,승용,여,27세,상해없음,승용,남,26세,경상
2020050100100329,2020년 5월 1일 15시,금요일,광주광역시 서구 화정동,경상사고,0,0,1,0,차대차 - 기타,안전운전불이행,건조,맑음,교차로 - 교차로안,승용,여,52세,상해없음,자전거,남,71세,경상
2020050100100330,2020년 5월 1일 15시,금요일,광주광역시 서구 농성동,경상사고,0,0,3,1,차대차 - 측면충돌,안전운전불이행,건조,맑음,단일로 - 기타,승용,여,46세,부상신고,승용,여,43세,경상
2020050100100331,2020년 5월 1일 15시,금요일,광주광역시 남구 주월동,경상사고,0,0,1,0,차대사람 - 기타,안전운전불이행,건조,맑음,단일로 - 기타,승용,남,47세,상해없음,보행자,남,24세,경상
2020050100100332,2020년 5월 1일 15시,금요일,광주광역시 광산구 월계동,경상사고,0,0,2,1,차대차 - 추돌,안전운전불이행,건조,맑음,단일로 - 기타,화물,남,32세,상해없음,승용,남,60세,경상
2020050100100333,2020년 5월 1일 15시,금요일,광주광역시 광산구 흑석동,경상사고,0,0,2,1,차대차 - 측면충돌,안전거리미확보,건조,맑음,단일로 - 기타,승용,남,52세,부상신고,승용,남,64세,경상
2020050100100379,2020년 5월 1일 16시,금요일,광주광역시 서구 농성동,경상사고,0,0,5,0,차대차 - 기타,안전거리미확보,건조,맑음,단일로 - 기타,화물,남,77세,상해없음,승용,남,42세,경상
2020050100100380,2020년 5월 1일 16시,금요일,광주광역시 서구 쌍촌동,경상사고,0,0,1,0,차대사람 - 횡단중,보행자보호의무위반,건조,맑음,교차로 - 교차로부근,이륜,남,29세,상해없음,보행자,여,22세,경상