사고번호,사고일시,요일,시군구,사고내용,사망자수,중상자수,경상자수,부상신고자수,사고유형,법규위반,노면상태,기상상태,도로형태,가해운전자 차종,가해운전자 성별,가해운전자 연령,가해운전자 상해정도,피해운전자 차종,피해운전자 성별,피해운전자 연령,피해운전자 상해정도
2020051200100440,2020년 5월 12일 17시,화요일,광주광역시 북구 용전동,사망사고,1,0,0,0,차대사람 - 횡단중,과속,건조,맑음,기타 - 기타,승용,남,52세,상해없음,보행자,남,88세,사망
2020051200100441,2020년 5월 12일 17시,화요일,광주광역시 북구 용봉동,경상사고,0,0,3,0,차대차 - 측면충돌,안전운전불이행,건조,맑음,교차로 - 교차로부근,화물,남,57세,상해없음,승용,남,22세,경상
2020051200100486,2020년 5월 12일 18시,화요일,광주광역시 서구 쌍촌동,경상사고,0,0,2,0,차대차 - 추돌,신호위반,건조,흐림,단일로 - 기타,승합,남,72세,경상,승용,여,55세,경상
2020051200100562,2020년 5월 12일 21시,화요일,광주광역시 북구 양산동,경상사고,0,0,1,0,차대차 - 기타,안전운전불이행,건조,맑음,단일로 - 기타,승용,여,42세,상해없음,이륜,남,48세,경상
2020051200100581,2020년 5월 12일 22시,화요일,광주광역시 서구 쌍촌동,경상사고,0,0,1,0,차대차 - 추돌,안전운전불이행,건조,맑음,교차로 - 교차로부근,승용,남,34세,상해없음,승용,남,35세,경상
2020051200100582,2020년 5월 12일 22시,화요일,광주광역시 광산구 신가동,경상사고,0,0,4,0,차대차 - 측면충돌,안전거리미확보,건조,맑음,단일로 - 기타,승용,남,39세,경상,승용,남,63세,경상
2020051300100058,2020년 5월 13일 05시,수요일,광주광역시 북구 삼각동,경상사고,0,0,1,0,차대차 - 측면충돌,신호위반,건조,맑음,교차로 - 교차로안,승용,남,24세,상해없음,승용,여,49세,경상
2020051300100079,2020년 5월 13일 06시,수요일,광주광역시 북구 문흥동,중상사고,0,1,0,0,차대사람 - 기타,기타,건조,맑음,단일로 - 기타,화물,남,40세,상해없음,보행자,남,41세,중상
2020051300100134,2020년 5월 13일 08시,수요일,광주광역시 동구 학동,경상사고,0,0,1,0,차대사람 - 횡단중,안전운전불이행,건조,맑음,교차로 - 교차로안,승용,남,32세,상해없음,보행자,남,65세,경상
2020051300100239,2020년 5월 13일 11시,수요일,광주광역시 서구 쌍촌동,부상신고사고,0,0,0,1,차대차 - 측면충돌,안전거리미확보,건조,맑음,단일로 - 기타,승용,남,47세,상해없음,이륜,남,35세,부상신고
2020051300100240,2020년 5월 13일 11시,수요일,광주광역시 남구 송하동,경상사고,0,0,1,0,차대차 - 기타,안전운전불이행,건조,맑음,단일로 - 기타,화물,남,51세,상해없음,승용,여,28세,경상
2020051300100241,2020년 5월 13일 11시,수요일,광주광역시 광산구 송정동,경상사고,0,0,1,0,차대차 - 기타,안전거리미확보,건조,맑음,단일로 - 기타,승용,여,60세,상해없음,승용,남,53세,경상
2020051300100266,2020년 5월 13일 12시,수요일,광주광역시 남구 송하동,중상사고,0,1,0,0,차대차 - 측면충돌,신호위반,건조,맑음,교차로 - 교차로안,승용,여,72세,상해없음,승용,여,25세,중상
2020051300100267,2020년 5월 13일 12시,수요일,광주광역시 북구 문흥동,경상사고,0,0,2,0,차대차 - 추돌,안전운전불이행,건조,맑음,단일로 - 기타,승용,남,60세,상해없음,승용,남,37세,경상
2020051300100336,2020년 5월 13일 14시,수요일,광주광역시 남구 주월동,경상사고,0,0,1,0,차대차 - 측면충돌,안전운전불이행,건조,맑음,단일로 - 기타,승용,남,63세,상해없음,이륜,남,22세,경상
2020051300100382,2020년 5월 13일 15시,수요일,광주광역시 동구 금남로5가,경상사고,0,0,1,0,차대차 - 기타,신호위반,건조,맑음,교차로 - 교차로안,이륜,남,30세,상해없음,승용,남,64세,경상
2020051300100426,2020년 5월 13일 16시,수요일,광주광역시 북구 삼각동,경상사고,0,0,2,0,차대차 - 기타,신호위반,건조,맑음,단일로 - 기타,이륜,남,36세,경상,승용,여,51세,경상
2020051300100481,2020년 5월 13일 17시,수요일,광주광역시 광산구 신가동,중상사고,0,1,0,0,차대차 - 기타,안전운전불이행,건조,맑음,단일로 - 기타,자전거,남,29세,중상,승용,남,29세,상해없음
2020051300100526,2020년 5월 13일 18시,수요일,광주광역시 북구 오치동,경상사고,0,0,1,0,차대차 - 후진중충돌,안전운전불이행,건조,맑음,교차로 - 교차로안,승용,남,68세,상해없음,승용,남,48세,경상
2020051300100527,2020년 5월 13일 18시,수요일,광주광역시 북구 각화동,경상사고,0,0,2,0,차대차 - 측면충돌,차로위반,건조,맑음,교차로 - 교차로안,승합,남,51세,상해없음,승용,남,29세,경상
2020051300100569,2020년 5월 13일 19시,수요일,광주광역시 남구 봉선동,경상사고,0,0,1,0,차대차 - 기타,안전운전불이행,건조,맑음,교차로 - 교차로부근,승용,남,61세,상해없음,승용,여,24세,경상
2020051300100570,2020년 5월 13일 19시,수요일,광주광역시 북구 월출동,경상사고,0,0,2,0,차대차 - 측면충돌,안전거리미확보,건조,맑음,단일로 - 기타,승용,남,23세,상해없음,승용,남,69세,경상
2020051300100571,2020년 5월 13일 19시,수요일,광주광역시 북구 운암동,경상사고,0,0,5,0,차대차 - 기타,차로위반,건조,맑음,단일로 - 고가도로위,승용,남,24세,상해없음,승용,남,64세,경상
2020051300100598,2020년 5월 13일 20시,수요일,광주광역시 북구 용봉동,경상사고,0,0,2,0,차대차 - 기타,신호위반,건조,맑음,교차로 - 교차로안,화물,남,61세,상해없음,승용,여,55세,경상
2020051300100617,2020년 5월 13일 21시,수요일,광주광역시 서구 풍암동,경상사고,0,0,1,0,차대차 - 측면충돌,신호위반,건조,맑음,교차로 - 교차로안,승용,여,50세,상해없음,승용,여,49세,경상
2020051300100632,2020년 5월 13일 22시,수요일,광주광역시 서구 화정동,경상사고,0,0,1,0,차대차 - 측면충돌,안전운전불이행,건조,맑음,교차로 - 교차로안,승용,남,64세,상해없음,화물,남,54세,경상
2020051400100170,2020년 5월 14일 10시,목요일,광주광역시 남구 백운동,경상사고,0,0,1,0,차대차 - 측면충돌,안전운전불이행,건조,맑음,단일로 - 기타,승용,여,67세,상해없음,승용,남,63세,경상
2020051400100212,2020년 5월 14일 11시,목요일,광주광역시 서구 농성동,경상사고,0,0,1,0,차대차 - 측면충돌,차로위반,건조,맑음,단일로 - 교량,승용,남,70세,상해없음,승용,남,46세,경상
2020051400100353,2020년 5월 14일 15시,목요일,광주광역시 서구 양동,중상사고,0,1,1,0,차대차 - 측면충돌,안전운전불이행,건조,맑음,교차로 - 교차로안,승용,남,70세,상해없음,화물,남,30세,중상
2020051400100386,2020년 5월 14일 16시,목요일,광주광역시 북구 운암동,경상사고,0,0,1,0,차대차 - 측면충돌,안전운전불이행,건조,맑음,교차로 - 교차로안,화물,남,59세,상해없음,승용,여,42세,경상
2020051400100387,2020년 5월 14일 16시,목요일,광주광역시 북구 두암동,경상사고,0,0,2,0,차대차 - 기타,안전운전불이행,건조,맑음,단일로 - 기타,승용,여,58세,경상,승용,남,63세,경상
2020051400100428,2020년 5월 14일 17시,목요일,광주광역시 광산구 송정동,경상사고,0,0,3,0,차대차 - 추돌,안전거리미확보,건조,맑음,단일로 - 기타,승합,남,51세,상해없음,승용,남,37세,경상
2020051400100519,2020년 5월 14일 19시,목요일,광주광역시 서구 풍암동,경상사고,0,0,2,0,차대차 - 측면충돌,안전거리미확보,건조,맑음,단일로 - 기타,승용,여,29세,경상,승용,여,56세,경상
2020051400100552,2020년 5월 14일 20시,목요일,광주광역시 광산구 월곡동,경상사고,0,0,1,0,차대차 - 추돌,안전운전불이행,건조,맑음,단일로 - 기타,승용,여,41세,상해없음,승용,남,30세,경상
2020051400100553,2020년 5월 14일 20시,목요일,광주광역시 광산구 송정동,경상사고,0,0,3,0,차대차 - 기타,안전거리미확보,건조,맑음,교차로 - 교차로안,승용,남,71세,기타불명,승용,여,42세,경상
2020051400100577,2020년 5월 14일 21시,목요일,광주광역시 동구 선교동,경상사고,0,0,2,0,차대차 - 기타,안전운전불이행,건조,흐림,단일로 - 기타,승용,남,66세,상해없음,승용,여,45세,경상
2020051400100611,2020년 5월 14일 22시,목요일,광주광역시 광산구 신가동,경상사고,0,0,2,0,차대차 - 측면충돌,안전거리미확보,건조,맑음,단일로 - 기타,승용,남,18세,상해없음,승용,여,34세,경상
2020051400100634,2020년 5월 14일 23시,목요일,광주광역시 광산구 월계동,경상사고,0,0,4,0,차대차 - 추돌,안전운전불이행,건조,맑음,교차로 - 교차로부근,승용,여,41세,상해없음,승용,남,55세,경상
2020051500100014,2020년 5월 15일 00시,금요일,광주광역시 북구 오치동,경상사고,0,0,3,0,차대차 - 측면충돌,안전운전불이행,건조,맑음,교차로 - 교차로안,승용,남,41세,기타불명,승용,남,45세,경상
2020051500100151,2020년 5월 15일 09시,금요일,광주광역시 광산구 운수동,경상사고,0,0,4,0,차대차 - 추돌,안전운전불이행,젖음/습기,비,단일로 - 지하차도(도로)내,화물,남,58세,상해없음,승용,여,31세,경상
2020051500100205,2020년 5월 15일 11시,금요일,광주광역시 서구 쌍촌동,경상사고,0,0,1,0,차대차 - 측면충돌,안전운전불이행,건조,맑음,교차로 - 교차로안,승용,남,81세,상해없음,화물,남,38세,경상
2020051500100206,2020년 5월 15일 11시,금요일,광주광역시 서구 치평동,경상사고,0,0,1,0,차대차 - 측면충돌,안전운전불이행,건조,맑음,교차로 - 교차로안,승용,여,51세,상해없음,승용,남,39세,경상
2020051500100207,2020년 5월 15일 11시,금요일,광주광역시 서구 매월동,경상사고,0,0,2,0,차대차 - 추돌,안전운전불이행,건조,맑음,교차로 - 교차로안,승용,남,52세,상해없음,승용,여,42세,경상
2020051500100208,2020년 5월 15일 11시,금요일,광주광역시 광산구 비아동,경상사고,0,0,3,0,차대차 - 추돌,안전운전불이행,젖음/습기,흐림,단일로 - 기타,화물,남,63세,상해없음,승용,남,50세,경상
2020051500100233,2020년 5월 15일 12시,금요일,광주광역시 광산구 수완동,경상사고,0,0,1,0,차대차 - 기타,교차로운행방법위반,젖음/습기,흐림,교차로 - 교차로부근,승용,남,60세,상해없음,이륜,남,22세,경상
2020051500100302,2020년 5월 15일 14시,금요일,광주광역시 북구 오룡동,경상사고,0,0,2,1,차대차 - 기타,안전거리미확보,젖음/습기,비,단일로 - 기타,승용,남,53세,상해없음,승용,여,50세,경상
2020051500100344,2020년 5월 15일 15시,금요일,광주광역시 서구 풍암동,중상사고,0,1,0,0,차대차 - 측면충돌,중앙선침범,젖음/습기,비,단일로 - 기타,화물,남,24세,상해없음,승용,여,65세,중상
2020051500100345,2020년 5월 15일 15시,금요일,광주광역시 북구 유동,부상신고사고,0,0,0,1,차대사람 - 기타,안전운전불이행,건조,맑음,교차로 - 교차로안,승용,남,45세,상해없음,보행자,여,57세,부상신고
2020051500100346,2020년 5월 15일 15시,금요일,광주광역시 광산구 수완동,경상사고,0,0,1,0,차대차 - 측면충돌,안전운전불이행,젖음/습기,비,단일로 - 기타,승용,남,36세,기타불명,승용,남,39세,경상
2020051500100390,2020년 5월 15일 16시,금요일,광주광역시 서구 화정동,경상사고,0,0,3,0,차대차 - 기타,안전운전불이행,젖음/습기,비,교차로 - 교차로안,승용,여,77세,상해없음,화물,남,48세,경상
2020051500100391,2020년 5월 15일 16시,금요일,광주광역시 광산구 쌍암동,경상사고,0,0,1,0,차대차 - 추돌,안전운전불이행,건조,맑음,단일로 - 기타,승용,남,59세,상해없음,승용,남,27세,경상
2020051500100477,2020년 5월 15일 18시,금요일,광주광역시 서구 금호동,경상사고,0,0,1,0,차대차 - 추돌,안전거리미확보,건조,맑음,단일로 - 기타,화물,남,38세,상해없음,승용,여,32세,경상
2020051500100518,2020년 5월 15일 19시,금요일,광주광역시 동구 산수동,경상사고,0,0,4,0,차대차 - 기타,신호위반,건조,맑음,교차로 - 교차로안,승용,여,60세,기타불명,승용,여,47세,경상
2020051500100519,2020년 5월 15일 19시,금요일,광주광역시 서구 화정동,경상사고,0,0,1,0,차대차 - 기타,안전운전불이행,건조,맑음,단일로 - 기타,승용,여,49세,상해없음,이륜,남,54세,경상
2020051500100520,2020년 5월 15일 19시,금요일,광주광역시 광산구 운남동,경상사고,0,0,1,0,차대차 - 측면충돌,안전운전불이행,젖음/습기,비,단일로 - 기타,승용,남,54세,상해없음,승용,남,43세,경상
2020051500100521,2020년 5월 15일 19시,금요일,광주광역시 광산구 도천동,경상사고,0,0,3,0,차대차 - 측면충돌,신호위반,건조,맑음,단일로 - 기타,승용,남,57세,상해없음,승용,남,20세,경상
2020051500100564,2020년 5월 15일 20시,금요일,광주광역시 서구 치평동,경상사고,0,0,1,0,차대차 - 측면충돌,안전운전불이행,건조,흐림,단일로 - 기타,승용,남,20세,상해없음,이륜,남,34세,경상
2020051500100608,2020년 5월 15일 21시,금요일,광주광역시 서구 쌍촌동,경상사고,0,0,2,0,차대차 - 후진중충돌,안전운전불이행,건조,맑음,단일로 - 기타,화물,남,75세,상해없음,승용,남,27세,경상
2020051500100650,2020년 5월 15일 22시,금요일,광주광역시 서구 풍암동,경상사고,0,0,1,0,차대차 - 추돌,안전운전불이행,건조,맑음,교차로 - 교차로부근,승용,남,58세,기타불명,승용,남,22세,경상
2020051500100651,2020년 5월 15일 22시,금요일,광주광역시 광산구 쌍암동,경상사고,0,0,1,0,차대차 - 측면충돌,중앙선침범,건조,맑음,단일로 - 기타,승용,남,33세,상해없음,승용,여,30세,경상
2020051600100023,2020년 5월 16일 00시,토요일,광주광역시 남구 봉선동,중상사고,0,1,0,0,차대사람 - 횡단중,안전운전불이행,건조,맑음,교차로 - 교차로부근,승용,남,19세,상해없음,보행자,남,54세,중상
2020051600100045,2020년 5월 16일 01시,토요일,광주광역시 북구 용봉동,경상사고,0,0,1,0,차대차 - 측면충돌,기타,건조,맑음,단일로 - 기타,승용,남,53세,상해없음,승용,남,37세,경상
2020051600100057,2020년 5월 16일 02시,토요일,광주광역시 광산구 신가동,경상사고,0,0,1,0,차대차 - 측면충돌,교차로운행방법위반,건조,맑음,교차로 - 교차로안,승용,여,41세,경상,승용,남,26세,상해없음
2020051600100085,2020년 5월 16일 06시,토요일,광주광역시 북구 매곡동,경상사고,0,0,1,0,차대차 - 측면충돌,신호위반,젖음/습기,흐림,교차로 - 교차로안,화물,남,29세,상해없음,승용,남,47세,경상
2020051600100099,2020년 5월 16일 07시,토요일,광주광역시 동구 지산동,경상사고,0,0,3,0,차대차 - 정면충돌,안전운전불이행,건조,흐림,단일로 - 터널,승용,여,38세,경상,승용,여,52세,경상
2020051600100132,2020년 5월 16일 09시,토요일,광주광역시 동구 지산동,사망사고,1,0,0,0,차대차 - 기타,안전운전불이행,건조,맑음,단일로 - 기타,승용,여,57세,기타불명,이륜,남,75세,사망
2020051600100133,2020년 5월 16일 09시,토요일,광주광역시 북구 용봉동,경상사고,0,0,1,0,차대사람 - 기타,안전운전불이행,건조,맑음,단일로 - 기타,승용,여,55세,상해없음,보행자,여,56세,경상
2020051600100200,2020년 5월 16일 11시,토요일,광주광역시 서구 매월동,경상사고,0,0,1,0,차대차 - 기타,차로위반,건조,맑음,단일로 - 기타,승용,남,61세,상해없음,승용,남,38세,경상
2020051600100201,2020년 5월 16일 11시,토요일,광주광역시 광산구 비아동,중상사고,0,1,0,0,차대차 - 측면충돌,교차로운행방법위반,건조,맑음,교차로 - 교차로안,승용,여,30세,기타불명,승용,남,54세,중상
2020051600100227,2020년 5월 16일 12시,토요일,광주광역시 북구 일곡동,중상사고,0,1,0,0,차대차 - 기타,안전거리미확보,건조,맑음,단일로 - 기타,승용,남,65세,상해없음,이륜,남,23세,중상
2020051600100263,2020년 5월 16일 13시,토요일,광주광역시 서구 풍암동,경상사고,0,0,4,0,차대차 - 측면충돌,교차로운행방법위반,건조,맑음,교차로 - 교차로안,승용,남,67세,경상,승용,여,31세,경상
2020051600100264,2020년 5월 16일 13시,토요일,광주광역시 서구 화정동,경상사고,0,0,2,0,차대차 - 기타,기타,건조,맑음,단일로 - 기타,승용,남,31세,상해없음,승용,남,41세,경상
2020051600100293,2020년 5월 16일 14시,토요일,광주광역시 남구 주월동,부상신고사고,0,0,0,1,차대차 - 기타,안전운전불이행,건조,맑음,단일로 - 기타,승합,남,52세,상해없음,승용,남,25세,부상신고
2020051600100294,2020년 5월 16일 14시,토요일,광주광역시 광산구 우산동,중상사고,0,1,0,0,차대차 - 기타,안전운전불이행,건조,맑음,교차로 - 교차로부근,자전거,여,67세,중상,승용,남,61세,상해없음
2020051600100325,2020년 5월 16일 15시,토요일,광주광역시 서구 치평동,경상사고,0,0,1,0,차대차 - 기타,안전운전불이행,건조,맑음,교차로 - 교차로부근,승용,여,59세,상해없음,승용,남,32세,경상
2020051600100524,2020년 5월 16일 22시,토요일,광주광역시 남구 방림동,부상신고사고,0,0,0,1,차대사람 - 횡단중,보행자보호의무위반,건조,맑음,단일로 - 기타,승용,남,43세,상해없음,보행자,남,86세,부상신고
2020051600100546,2020년 5월 16일 23시,토요일,광주광역시 북구 양산동,경상사고,0,0,1,0,차대차 - 측면충돌,안전운전불이행,건조,맑음,교차로 - 교차로안,승용,남,29세,상해없음,승용,남,50세,경상
2020051700100051,2020년 5월 17일 03시,일요일,광주광역시 동구 월남동,경상사고,0,0,2,0,차대차 - 추돌,안전운전불이행,건조,맑음,단일로 - 기타,화물,여,50세,상해없음,승용,남,36세,경상
2020051700100093,2020년 5월 17일 08시,일요일,광주광역시 광산구 송촌동,경상사고,0,0,2,0,차대차 - 측면충돌,신호위반,건조,맑음,교차로 - 교차로안,화물,남,53세,상해없음,승용,남,47세,경상
2020051700100104,2020년 5월 17일 09시,일요일,광주광역시 서구 쌍촌동,경상사고,0,0,1,0,차대차 - 기타,신호위반,건조,맑음,교차로 - 교차로횡단보도내,승용,남,61세,상해없음,개인형이동수단(PM),여,27세,경상
2020051700100152,2020년 5월 17일 11시,일요일,광주광역시 광산구 운남동,경상사고,0,0,2,0,차대차 - 측면충돌,신호위반,건조,맑음,교차로 - 교차로안,화물,남,51세,상해없음,승용,여,37세,경상
2020051700100264,2020년 5월 17일 15시,일요일,광주광역시 서구 풍암동,경상사고,0,0,2,0,차대차 - 측면충돌,안전운전불이행,건조,맑음,단일로 - 기타,이륜,남,57세,경상,승용,여,35세,경상
2020051700100265,2020년 5월 17일 15시,일요일,광주광역시 북구 문흥동,경상사고,0,0,1,0,차대사람 - 기타,안전운전불이행,건조,맑음,단일로 - 기타,승용,여,54세,상해없음,보행자,여,30세,경상
2020051700100295,2020년 5월 17일 16시,일요일,광주광역시 북구 오치동,경상사고,0,0,1,0,차대차 - 측면충돌,안전운전불이행,건조,맑음,단일로 - 기타,화물,남,27세,상해없음,이륜,남,19세,경상
2020051700100332,2020년 5월 17일 17시,일요일,광주광역시 광산구 소촌동,부상신고사고,0,0,0,4,차대차 - 측면충돌,안전운전불이행,건조,맑음,단일로 - 기타,승용,여,49세,부상신고,승용,남,65세,상해없음
2020051700100359,2020년 5월 17일 18시,일요일,광주광역시 북구 운암동,경상사고,0,0,2,0,차대차 - 측면충돌,안전거리미확보,건조,맑음,단일로 - 기타,승용,남,19세,상해없음,승용,남,21세,경상
2020051700100382,2020년 5월 17일 19시,일요일,광주광역시 남구 지석동,사망사고,1,0,0,0,차대사람 - 횡단중,안전운전불이행,건조,맑음,교차로 - 교차로안,승용,여,60세,상해없음,보행자,여,78세,사망
2020051700100467,2020년 5월 17일 22시,일요일,광주광역시 북구 우산동,경상사고,0,0,5,0,차대차 - 측면충돌,신호위반,건조,맑음,교차로 - 교차로안,승용,남,26세,경상,승용,남,31세,경상
2020051800100015,2020년 5월 18일 01시,월요일,광주광역시 서구 광천동,경상사고,0,0,2,0,차대차 - 추돌,안전운전불이행,건조,맑음,단일로 - 기타,승용,남,29세,상해없음,승용,남,18세,경상
2020051800100088,2020년 5월 18일 08시,월요일,광주광역시 서구 풍암동,경상사고,0,0,1,0,차대차 - 측면충돌,교차로운행방법위반,건조,맑음,교차로 - 교차로부근,승합,남,43세,상해없음,이륜,남,36세,경상
2020051800100089,2020년 5월 18일 08시,월요일,광주광역시 광산구 흑석동,경상사고,0,0,2,0,차대차 - 측면충돌,안전거리미확보,건조,맑음,단일로 - 기타,승용,남,69세,경상,승용,남,30세,경상
2020051800100123,2020년 5월 18일 09시,월요일,광주광역시 서구 화정동,경상사고,0,0,1,0,차대사람 - 차도통행중,안전운전불이행,건조,맑음,단일로 - 기타,화물,남,29세,상해없음,보행자,여,78세,경상
2020051800100158,2020년 5월 18일 10시,월요일,광주광역시 서구 치평동,경상사고,0,0,1,0,차대차 - 측면충돌,안전운전불이행,건조,맑음,교차로 - 교차로안,화물,남,43세,상해없음,승용,남,40세,경상
2020051800100191,2020년 5월 18일 11시,월요일,광주광역시 서구 광천동,경상사고,0,0,1,0,차대차 - 측면충돌,안전거리미확보,건조,맑음,교차로 - 교차로부근,화물,남,65세,상해없음,승용,여,51세,경상
2020051800100192,2020년 5월 18일 11시,월요일,광주광역시 광산구 송정동,중상사고,0,1,0,0,차대사람 - 기타,안전운전불이행,건조,맑음,교차로 - 교차로안,승용,남,48세,상해없음,보행자,여,78세,중상
2020051800100193,2020년 5월 18일 11시,월요일,광주광역시 광산구 장수동,경상사고,0,0,2,0,차대차 - 추돌,안전운전불이행,건조,맑음,단일로 - 교량,화물,남,53세,경상,화물,남,51세,상해없음
2020051800100227,2020년 5월 18일 12시,월요일,광주광역시 서구 농성동,경상사고,0,0,1,0,차대차 - 기타,안전운전불이행,건조,맑음,교차로 - 교차로부근,승용,남,22세,상해없음,화물,남,47세,경상
2020051800100268,2020년 5월 18일 13시,월요일,광주광역시 서구 치평동,경상사고,0,0,3,0,차대차 - 추돌,안전운전불이행,건조,맑음,교차로 - 교차로부근,승용,남,63세,상해없음,승용,남,76세,경상
2020051800100269,2020년 5월 18일 13시,월요일,광주광역시 북구 오치동,중상사고,0,1,0,0,차대사람 - 기타,보행자보호의무위반,건조,맑음,교차로 - 교차로횡단보도내,이륜,남,40세,상해없음,보행자,여,57세,중상
2020051800100354,2020년 5월 18일 15시,월요일,광주광역시 남구 양림동,경상사고,0,0,1,0,차대차 - 측면충돌,교차로운행방법위반,건조,맑음,교차로 - 교차로안,승용,남,40세,상해없음,승용,여,54세,경상
2020051800100409,2020년 5월 18일 16시,월요일,광주광역시 동구 용산동,경상사고,0,0,1,0,차대차 - 측면충돌,안전거리미확보,건조,맑음,단일로 - 기타,승합,여,37세,상해없음,승용,여,61세,경상
2020051800100410,2020년 5월 18일 16시,월요일,광주광역시 남구 노대동,경상사고,0,0,1,0,차대사람 - 기타,안전운전불이행,건조,맑음,기타 - 기타,이륜,남,56세,상해없음,보행자,남,23세,경상
2020051800100452,2020년 5월 18일 17시,월요일,광주광역시 서구 치평동,경상사고,0,0,2,0,차대차 - 기타,안전운전불이행,건조,맑음,교차로 - 교차로안,승용,남,27세,상해없음,승용,여,32세,경상
2020051800100453,2020년 5월 18일 17시,월요일,광주광역시 서구 덕흥동,경상사고,0,0,1,0,차대차 - 측면충돌,안전운전불이행,건조,맑음,교차로 - 교차로부근,승용,남,53세,상해없음,화물,남,58세,상해없음
2020051800100454,2020년 5월 18일 17시,월요일,광주광역시 남구 방림동,경상사고,0,0,1,0,차대차 - 측면충돌,안전거리미확보,건조,맑음,단일로 - 기타,승용,남,48세,상해없음,승용,남,46세,경상
2020051800100455,2020년 5월 18일 17시,월요일,광주광역시 북구 우산동,중상사고,0,1,0,0,차대차 - 기타,안전운전불이행,건조,맑음,단일로 - 기타,승용,여,46세,상해없음,이륜,남,27세,중상
2020051800100494,2020년 5월 18일 18시,월요일,광주광역시 서구 쌍촌동,부상신고사고,0,0,0,1,차대차 - 측면충돌,교차로운행방법위반,건조,맑음,교차로 - 교차로안,승용,남,39세,상해없음,승용,남,22세,부상신고
2020051800100533,2020년 5월 18일 19시,월요일,광주광역시 서구 치평동,경상사고,0,0,1,0,차대사람 - 기타,안전운전불이행,적설,맑음,단일로 - 기타,기타불명,기타불명,미분류,기타불명,보행자,여,31세,경상
2020051800100534,2020년 5월 18일 19시,월요일,광주광역시 서구 치평동,경상사고,0,0,1,0,차대차 - 측면충돌,안전운전불이행,젖음/습기,비,교차로 - 교차로안,승용,남,71세,상해없음,승용,여,54세,경상
2020051800100535,2020년 5월 18일 19시,월요일,광주광역시 남구 행암동,경상사고,0,0,1,0,차대차 - 기타,안전운전불이행,젖음/습기,비,기타 - 기타,승용,여,23세,상해없음,이륜,남,33세,경상
2020051800100573,2020년 5월 18일 20시,월요일,광주광역시 서구 치평동,경상사고,0,0,1,0,차대차 - 측면충돌,안전운전불이행,젖음/습기,비,교차로 - 교차로횡단보도내,승합,남,64세,상해없음,자전거,남,14세,경상
2020051800100612,2020년 5월 18일 21시,월요일,광주광역시 북구 신용동,경상사고,0,0,1,0,차대차 - 기타,차로위반,젖음/습기,비,교차로 - 교차로부근,승용,남,65세,상해없음,이륜,남,41세,경상
2020051800100613,2020년 5월 18일 21시,월요일,광주광역시 광산구 월곡동,경상사고,0,0,1,0,차대차 - 추돌,안전운전불이행,젖음/습기,비,기타 - 기타,승용,남,44세,상해없음,승용,남,31세,경상
2020051800100631,2020년 5월 18일 22시,월요일,광주광역시 광산구 월곡동,부상신고사고,0,0,0,1,차대사람 - 기타,안전운전불이행,건조,맑음,교차로 - 교차로안,기타불명,기타불명,미분류,기타불명,보행자,남,51세,부상신고
2020051800100644,2020년 5월 18일 23시,월요일,광주광역시 광산구 신촌동,경상사고,0,0,2,0,차대차 - 추돌,안전운전불이행,건조,맑음,단일로 - 기타,승용,여,49세,상해없음,승용,남,48세,경상
2020051900100022,2020년 5월 19일 01시,화요일,광주광역시 광산구 신창동,경상사고,0,0,4,0,차대차 - 측면충돌,안전거리미확보,건조,맑음,교차로 - 교차로부근,승용,남,21세,상해없음,승용,남,25세,경상
2020051900100051,2020년 5월 19일 06시,화요일,광주광역시 동구 학동,경상사고,0,0,2,0,차대차 - 기타,교차로운행방법위반,건조,맑음,교차로 - 교차로안,승용,남,82세,상해없음,승용,남,49세,경상
2020051900100098,2020년 5월 19일 08시,화요일,광주광역시 남구 송하동,중상사고,0,1,1,0,차대차 - 측면충돌,차로위반,건조,맑음,단일로 - 기타,승용,여,54세,상해없음,승용,남,32세,중상
2020051900100099,2020년 5월 19일 08시,화요일,광주광역시 북구 오치동,경상사고,0,0,1,0,차대차 - 기타,안전거리미확보,건조,맑음,교차로 - 교차로안,화물,남,29세,상해없음,승용,여,50세,경상
2020051900100100,2020년 5월 19일 08시,화요일,광주광역시 광산구 소촌동,경상사고,0,0,4,0,차대차 - 정면충돌,안전운전불이행,건조,맑음,단일로 - 기타,승용,남,34세,상해없음,승용,여,20세,경상
2020051900100177,2020년 5월 19일 11시,화요일,광주광역시 서구 금호동,경상사고,0,0,3,0,차대차 - 측면충돌,안전운전불이행,건조,맑음,교차로 - 교차로안,승용,남,28세,경상,화물,남,54세,경상
2020051900100178,2020년 5월 19일 11시,화요일,광주광역시 남구 봉선동,중상사고,0,1,0,0,차대사람 - 횡단중,보행자보호의무위반,젖음/습기,비,단일로 - 기타,승용,남,62세,상해없음,보행자,여,54세,중상
2020051900100216,2020년 5월 19일 12시,화요일,광주광역시 서구 풍암동,경상사고,0,0,3,0,차대차 - 추돌,안전운전불이행,젖음/습기,비,단일로 - 기타,원동기,남,25세,상해없음,승용,남,45세,경상
2020051900100250,2020년 5월 19일 13시,화요일,광주광역시 서구 치평동,경상사고,0,0,1,0,차대차 - 추돌,안전운전불이행,건조,맑음,교차로 - 교차로부근,승용,여,39세,상해없음,승용,여,34세,경상