사고번호,사고일시,요일,시군구,사고내용,사망자수,중상자수,경상자수,부상신고자수,사고유형,법규위반,노면상태,기상상태,도로형태,가해운전자 차종,가해운전자 성별,가해운전자 연령,가해운전자 상해정도,피해운전자 차종,피해운전자 성별,피해운전자 연령,피해운전자 상해정도
2020051900100274,2020년 5월 19일 14시,화요일,광주광역시 동구 대인동,경상사고,0,0,2,0,차대차 - 측면충돌,신호위반,건조,흐림,교차로 - 교차로안,승용,여,52세,경상,승용,여,52세,경상
2020051900100275,2020년 5월 19일 14시,화요일,광주광역시 서구 화정동,경상사고,0,0,2,0,차대차 - 측면충돌,안전운전불이행,건조,맑음,교차로 - 교차로안,승용,남,38세,경상,승용,여,58세,경상
2020051900100356,2020년 5월 19일 16시,화요일,광주광역시 북구 운암동,경상사고,0,0,3,0,차대차 - 측면충돌,안전운전불이행,건조,맑음,단일로 - 기타,승용,남,66세,경상,승용,여,55세,경상
2020051900100357,2020년 5월 19일 16시,화요일,광주광역시 광산구 쌍암동,중상사고,0,1,0,0,차대차 - 측면충돌,신호위반,건조,맑음,교차로 - 교차로안,승용,남,70세,상해없음,이륜,남,37세,중상
2020051900100399,2020년 5월 19일 17시,화요일,광주광역시 서구 농성동,경상사고,0,0,1,0,차대사람 - 길가장자리구역통행중,안전운전불이행,건조,맑음,단일로 - 기타,승용,남,39세,상해없음,보행자,남,48세,경상
2020051900100438,2020년 5월 19일 18시,화요일,광주광역시 서구 풍암동,경상사고,0,0,1,0,차대차 - 추돌,안전거리미확보,건조,맑음,교차로 - 교차로안,승용,남,56세,상해없음,승용,여,49세,경상
2020051900100493,2020년 5월 19일 20시,화요일,광주광역시 서구 광천동,경상사고,0,0,2,0,차대차 - 측면충돌,안전운전불이행,건조,흐림,단일로 - 기타,승용,여,68세,상해없음,승용,여,29세,상해없음
2020051900100494,2020년 5월 19일 20시,화요일,광주광역시 광산구 월곡동,경상사고,0,0,1,0,차대차 - 추돌,안전거리미확보,건조,맑음,단일로 - 기타,승용,여,53세,상해없음,승용,여,37세,경상
2020051900100522,2020년 5월 19일 21시,화요일,광주광역시 남구 월산동,중상사고,0,1,0,0,차대차 - 기타,교차로운행방법위반,건조,맑음,교차로 - 교차로안,승용,남,26세,상해없음,이륜,남,71세,중상
2020051900100523,2020년 5월 19일 21시,화요일,광주광역시 광산구 신가동,경상사고,0,0,1,0,차대차 - 기타,교차로운행방법위반,건조,맑음,단일로 - 기타,승용,남,32세,상해없음,이륜,남,59세,경상
2020051900100524,2020년 5월 19일 21시,화요일,광주광역시 광산구 하남동,경상사고,0,0,1,0,차대차 - 측면충돌,불법유턴,건조,맑음,교차로 - 교차로횡단보도내,자전거,남,13세,경상,승용,남,43세,상해없음
2020051900100554,2020년 5월 19일 22시,화요일,광주광역시 서구 쌍촌동,경상사고,0,0,6,0,차대차 - 측면충돌,안전운전불이행,건조,맑음,교차로 - 교차로안,승용,남,32세,경상,승용,남,43세,경상
2020051900100555,2020년 5월 19일 22시,화요일,광주광역시 북구 용봉동,경상사고,0,0,1,1,차대차 - 측면충돌,안전운전불이행,건조,맑음,단일로 - 기타,이륜,남,23세,부상신고,승용,남,23세,경상
2020051900100556,2020년 5월 19일 22시,화요일,광주광역시 북구 용봉동,경상사고,0,0,1,0,차대차 - 측면충돌,직진우회전진행방해,건조,맑음,교차로 - 교차로안,승용,남,41세,상해없음,이륜,남,23세,경상
2020051900100569,2020년 5월 19일 23시,화요일,광주광역시 광산구 신창동,사망사고,1,0,0,0,차량단독 - 기타,안전운전불이행,건조,맑음,단일로 - 기타,이륜,남,22세,사망,,,,
2020052000100008,2020년 5월 20일 00시,수요일,광주광역시 광산구 쌍암동,중상사고,0,1,0,0,차대차 - 측면충돌,신호위반,건조,맑음,교차로 - 교차로안,승용,남,31세,상해없음,이륜,남,41세,중상
2020052000100009,2020년 5월 20일 00시,수요일,광주광역시 광산구 도산동,경상사고,0,0,2,0,차량단독 - 기타,안전운전불이행,건조,맑음,교차로 - 교차로안,승용,남,70세,기타불명,,,,
2020052000100021,2020년 5월 20일 01시,수요일,광주광역시 북구 매곡동,경상사고,0,0,1,0,차대차 - 기타,안전운전불이행,건조,맑음,교차로 - 교차로안,승용,남,52세,상해없음,이륜,남,20세,경상
2020052000100022,2020년 5월 20일 01시,수요일,광주광역시 광산구 쌍암동,경상사고,0,0,3,0,차대차 - 측면충돌,직진우회전진행방해,건조,맑음,교차로 - 교차로안,승용,남,28세,경상,승용,남,41세,경상
2020052000100035,2020년 5월 20일 02시,수요일,광주광역시 북구 신안동,사망사고,1,0,0,0,차량단독 - 전도전복 - 전도,안전운전불이행,건조,맑음,단일로 - 기타,이륜,남,24세,사망,,,,
2020052000100043,2020년 5월 20일 03시,수요일,광주광역시 서구 쌍촌동,중상사고,0,1,0,0,차대차 - 추돌,안전거리미확보,건조,맑음,단일로 - 기타,승용,남,28세,상해없음,승용,여,35세,중상
2020052000100044,2020년 5월 20일 03시,수요일,광주광역시 서구 쌍촌동,경상사고,0,0,1,0,차대차 - 측면충돌,차로위반,건조,맑음,단일로 - 기타,승용,남,58세,상해없음,승용,남,27세,경상
2020052000100128,2020년 5월 20일 08시,수요일,광주광역시 광산구 월계동,중상사고,0,1,1,0,차대차 - 측면충돌,신호위반,건조,맑음,교차로 - 교차로안,승용,여,64세,상해없음,화물,남,61세,경상
2020052000100199,2020년 5월 20일 10시,수요일,광주광역시 동구 지산동,경상사고,0,0,1,0,차대사람 - 기타,안전운전불이행,건조,맑음,단일로 - 기타,승용,남,67세,상해없음,보행자,남,24세,경상
2020052000100200,2020년 5월 20일 10시,수요일,광주광역시 서구 매월동,경상사고,0,0,2,0,차대차 - 측면충돌,신호위반,건조,맑음,교차로 - 교차로안,승용,여,42세,상해없음,승용,남,72세,경상
2020052000100201,2020년 5월 20일 10시,수요일,광주광역시 서구 금호동,경상사고,0,0,1,0,차량단독 - 기타,안전운전불이행,건조,맑음,교차로 - 교차로부근,승용,남,33세,상해없음,,,,
2020052000100202,2020년 5월 20일 10시,수요일,광주광역시 광산구 산월동,경상사고,0,0,1,0,차대차 - 기타,안전운전불이행,건조,맑음,교차로 - 교차로횡단보도내,자전거,남,26세,경상,승용,남,70세,상해없음
2020052000100244,2020년 5월 20일 11시,수요일,광주광역시 서구 치평동,경상사고,0,0,1,0,차대사람 - 기타,안전운전불이행,건조,맑음,단일로 - 기타,기타불명,기타불명,미분류,기타불명,보행자,여,53세,경상
2020052000100291,2020년 5월 20일 12시,수요일,광주광역시 서구 치평동,중상사고,0,1,0,0,차대사람 - 횡단중,안전운전불이행,건조,맑음,교차로 - 교차로횡단보도내,승용,남,57세,상해없음,보행자,남,77세,중상
2020052000100292,2020년 5월 20일 12시,수요일,광주광역시 북구 일곡동,경상사고,0,0,1,0,차대차 - 기타,신호위반,건조,맑음,교차로 - 교차로안,이륜,남,18세,상해없음,승용,여,53세,경상
2020052000100364,2020년 5월 20일 14시,수요일,광주광역시 광산구 도천동,중상사고,0,1,0,0,차대차 - 측면충돌,안전운전불이행,건조,맑음,교차로 - 교차로횡단보도내,화물,남,45세,상해없음,자전거,여,37세,중상
2020052000100403,2020년 5월 20일 15시,수요일,광주광역시 북구 임동,경상사고,0,0,1,0,차대차 - 기타,교차로운행방법위반,건조,맑음,교차로 - 교차로안,승용,여,57세,경상,화물,남,50세,상해없음
2020052000100452,2020년 5월 20일 16시,수요일,광주광역시 서구 매월동,경상사고,0,0,1,0,차대차 - 측면충돌,교차로운행방법위반,건조,맑음,교차로 - 교차로안,승용,남,61세,상해없음,승용,남,41세,경상
2020052000100453,2020년 5월 20일 16시,수요일,광주광역시 남구 송하동,중상사고,0,2,2,0,차대차 - 추돌,안전운전불이행,건조,맑음,단일로 - 기타,화물,남,25세,상해없음,승용,여,61세,경상
2020052000100559,2020년 5월 20일 18시,수요일,광주광역시 북구 운암동,경상사고,0,0,1,0,차대차 - 추돌,안전운전불이행,건조,맑음,교차로 - 교차로안,이륜,남,58세,기타불명,승용,남,22세,경상
2020052000100560,2020년 5월 20일 18시,수요일,광주광역시 광산구 수완동,경상사고,0,0,2,0,차대차 - 측면충돌,차로위반,건조,맑음,기타 - 기타,승용,남,63세,상해없음,승용,여,49세,경상
2020052000100587,2020년 5월 20일 19시,수요일,광주광역시 북구 우산동,중상사고,0,1,0,0,차대차 - 기타,차로위반,건조,맑음,단일로 - 기타,승합,남,55세,기타불명,승용,남,26세,중상
2020052000100621,2020년 5월 20일 20시,수요일,광주광역시 동구 지산동,경상사고,0,0,1,0,차대사람 - 기타,안전운전불이행,건조,맑음,단일로 - 기타,승용,남,19세,상해없음,보행자,남,27세,경상
2020052000100639,2020년 5월 20일 21시,수요일,광주광역시 북구 임동,경상사고,0,0,1,0,차대차 - 측면충돌,교차로운행방법위반,건조,맑음,교차로 - 교차로안,승용,여,58세,상해없음,승용,남,66세,경상
2020052000100640,2020년 5월 20일 21시,수요일,광주광역시 북구 문흥동,중상사고,0,1,0,0,차량단독 - 기타,안전운전불이행,건조,맑음,단일로 - 기타,개인형이동수단(PM),남,47세,중상,,,,
2020052000100641,2020년 5월 20일 21시,수요일,광주광역시 광산구 신가동,경상사고,0,0,2,0,차대차 - 측면충돌,안전거리미확보,건조,맑음,단일로 - 기타,승용,남,32세,경상,승용,여,50세,경상
2020052000100670,2020년 5월 20일 22시,수요일,광주광역시 북구 매곡동,경상사고,0,0,1,0,차대차 - 측면충돌,교차로운행방법위반,건조,맑음,교차로 - 교차로안,승용,남,71세,상해없음,이륜,남,26세,경상
2020052000100687,2020년 5월 20일 23시,수요일,광주광역시 동구 동명동,경상사고,0,0,4,0,차대차 - 측면충돌,안전운전불이행,건조,흐림,단일로 - 기타,승용,남,62세,경상,승용,남,22세,경상
2020052000100688,2020년 5월 20일 23시,수요일,광주광역시 북구 운암동,경상사고,0,0,1,0,차대사람 - 횡단중,신호위반,건조,맑음,교차로 - 교차로횡단보도내,이륜,남,18세,상해없음,보행자,남,8세,경상
2020052100100016,2020년 5월 21일 02시,목요일,광주광역시 남구 주월동,경상사고,0,0,1,0,차대차 - 측면충돌,교차로운행방법위반,건조,맑음,교차로 - 교차로안,승용,여,39세,상해없음,자전거,남,18세,경상
2020052100100052,2020년 5월 21일 06시,목요일,광주광역시 서구 쌍촌동,경상사고,0,0,1,0,차대차 - 측면충돌,교차로운행방법위반,건조,맑음,교차로 - 교차로부근,승용,남,73세,상해없음,승용,남,31세,경상
2020052100100118,2020년 5월 21일 08시,목요일,광주광역시 북구 문흥동,경상사고,0,0,1,0,차대사람 - 기타,안전운전불이행,건조,맑음,단일로 - 기타,승용,여,31세,상해없음,보행자,여,24세,경상
2020052100100119,2020년 5월 21일 08시,목요일,광주광역시 광산구 비아동,경상사고,0,0,1,0,차대차 - 기타,교차로운행방법위반,건조,맑음,교차로 - 교차로안,화물,남,49세,기타불명,승용,남,34세,경상
2020052100100180,2020년 5월 21일 10시,목요일,광주광역시 서구 화정동,중상사고,0,1,0,1,차대차 - 측면충돌,신호위반,건조,맑음,교차로 - 교차로안,승용,여,45세,부상신고,승용,남,70세,중상
2020052100100181,2020년 5월 21일 10시,목요일,광주광역시 서구 치평동,경상사고,0,0,2,0,차대차 - 기타,안전운전불이행,건조,맑음,교차로 - 교차로부근,승용,남,68세,경상,승용,남,64세,경상
2020052100100182,2020년 5월 21일 10시,목요일,광주광역시 북구 신용동,중상사고,0,1,0,0,차대차 - 측면충돌,차로위반,건조,맑음,단일로 - 기타,화물,남,50세,상해없음,이륜,남,29세,중상
2020052100100183,2020년 5월 21일 10시,목요일,광주광역시 광산구 우산동,경상사고,0,0,2,0,차대차 - 추돌,안전거리미확보,건조,맑음,단일로 - 기타,승용,남,56세,기타불명,화물,남,31세,경상
2020052100100223,2020년 5월 21일 11시,목요일,광주광역시 서구 광천동,경상사고,0,0,2,1,차대차 - 측면충돌,교차로운행방법위반,건조,맑음,교차로 - 교차로안,승용,여,28세,부상신고,승용,여,32세,경상
2020052100100224,2020년 5월 21일 11시,목요일,광주광역시 북구 동림동,중상사고,0,1,0,0,차량단독 - 기타,안전운전불이행,건조,맑음,기타 - 기타,자전거,남,9세,중상,,,,
2020052100100262,2020년 5월 21일 12시,목요일,광주광역시 서구 치평동,경상사고,0,0,1,0,차대차 - 후진중충돌,안전운전불이행,건조,맑음,단일로 - 기타,승용,남,51세,상해없음,승용,남,33세,경상
2020052100100263,2020년 5월 21일 12시,목요일,광주광역시 서구 쌍촌동,경상사고,0,0,3,0,차대차 - 측면충돌,안전운전불이행,건조,맑음,단일로 - 기타,승용,여,59세,상해없음,승용,남,31세,경상
2020052100100292,2020년 5월 21일 13시,목요일,광주광역시 북구 각화동,경상사고,0,0,1,0,차대차 - 추돌,안전거리미확보,건조,맑음,단일로 - 기타,화물,남,22세,상해없음,승용,남,56세,경상
2020052100100293,2020년 5월 21일 13시,목요일,광주광역시 광산구 송정동,경상사고,0,0,2,0,차대차 - 측면충돌,교차로운행방법위반,건조,맑음,교차로 - 교차로안,승용,남,44세,상해없음,승용,남,73세,경상
2020052100100327,2020년 5월 21일 14시,목요일,광주광역시 동구 학동,중상사고,0,1,0,0,차대사람 - 기타,안전운전불이행,건조,맑음,단일로 - 기타,승용,여,44세,상해없음,보행자,남,58세,중상
2020052100100328,2020년 5월 21일 14시,목요일,광주광역시 북구 문흥동,경상사고,0,0,1,2,차대차 - 측면충돌,신호위반,건조,맑음,교차로 - 교차로안,승용,남,66세,상해없음,승용,여,45세,경상
2020052100100329,2020년 5월 21일 14시,목요일,광주광역시 광산구 소촌동,부상신고사고,0,0,0,1,차대차 - 측면충돌,안전운전불이행,건조,맑음,단일로 - 터널,승용,남,51세,상해없음,승용,남,20세,부상신고
2020052100100372,2020년 5월 21일 15시,목요일,광주광역시 남구 진월동,경상사고,0,0,1,0,차대사람 - 기타,기타,건조,맑음,단일로 - 기타,자전거,여,41세,상해없음,보행자,여,67세,경상
2020052100100373,2020년 5월 21일 15시,목요일,광주광역시 광산구 운수동,중상사고,0,1,0,0,차대차 - 측면충돌,안전운전불이행,건조,맑음,단일로 - 기타,승용,남,47세,상해없음,자전거,여,67세,중상
2020052100100461,2020년 5월 21일 17시,목요일,광주광역시 북구 운암동,경상사고,0,0,3,0,차대차 - 기타,안전운전불이행,건조,맑음,단일로 - 기타,승용,남,53세,상해없음,승합,남,56세,경상
2020052100100512,2020년 5월 21일 18시,목요일,광주광역시 서구 매월동,경상사고,0,0,3,0,차대차 - 측면충돌,안전거리미확보,건조,맑음,교차로 - 교차로안,승용,남,32세,상해없음,승용,여,39세,경상
2020052100100513,2020년 5월 21일 18시,목요일,광주광역시 북구 운암동,부상신고사고,0,0,0,1,차대차 - 기타,안전운전불이행,기타,맑음,교차로 - 교차로안,이륜,남,23세,부상신고,이륜,남,26세,상해없음
2020052100100514,2020년 5월 21일 18시,목요일,광주광역시 북구 중흥동,경상사고,0,0,1,0,차대차 - 기타,차로위반,건조,맑음,단일로 - 기타,승용,남,68세,상해없음,승합,남,64세,경상
2020052100100515,2020년 5월 21일 18시,목요일,광주광역시 북구 유동,경상사고,0,0,1,0,차대차 - 기타,안전운전불이행,건조,맑음,교차로 - 교차로안,승용,남,46세,상해없음,승용,여,36세,경상
2020052100100569,2020년 5월 21일 20시,목요일,광주광역시 광산구 비아동,중상사고,0,1,1,0,차대차 - 추돌,안전운전불이행,건조,맑음,교차로 - 교차로안,이륜,남,22세,중상,승용,남,37세,상해없음
2020052100100613,2020년 5월 21일 22시,목요일,광주광역시 북구 각화동,경상사고,0,0,2,0,차대차 - 추돌,안전운전불이행,건조,맑음,단일로 - 기타,승용,남,25세,기타불명,승용,여,55세,경상
2020052100100628,2020년 5월 21일 23시,목요일,광주광역시 북구 운암동,경상사고,0,0,3,0,차대차 - 측면충돌,안전거리미확보,건조,맑음,단일로 - 고가도로위,승용,여,50세,기타불명,승용,남,27세,경상
2020052200100023,2020년 5월 22일 01시,금요일,광주광역시 서구 쌍촌동,경상사고,0,0,6,0,차대차 - 측면충돌,과속,건조,맑음,교차로 - 교차로부근,승용,남,19세,경상,승용,남,62세,경상
2020052200100060,2020년 5월 22일 06시,금요일,광주광역시 북구 동림동,경상사고,0,0,1,0,차대차 - 추돌,안전운전불이행,건조,맑음,단일로 - 기타,승용,남,68세,상해없음,이륜,남,29세,경상
2020052200100061,2020년 5월 22일 06시,금요일,광주광역시 광산구 월전동,중상사고,0,1,0,0,차대사람 - 횡단중,보행자보호의무위반,건조,맑음,교차로 - 교차로안,승용,남,52세,상해없음,보행자,여,70세,중상
2020052200100078,2020년 5월 22일 07시,금요일,광주광역시 광산구 우산동,중상사고,0,1,0,0,차대차 - 측면충돌,직진우회전진행방해,건조,맑음,교차로 - 교차로안,승용,여,23세,상해없음,자전거,남,73세,중상
2020052200100079,2020년 5월 22일 07시,금요일,광주광역시 광산구 장덕동,경상사고,0,0,2,0,차대차 - 측면충돌,안전운전불이행,건조,맑음,교차로 - 교차로부근,승용,남,27세,상해없음,승용,남,61세,상해없음
2020052200100149,2020년 5월 22일 09시,금요일,광주광역시 서구 금호동,경상사고,0,0,1,0,차대차 - 측면충돌,교차로운행방법위반,건조,맑음,교차로 - 교차로안,승용,여,26세,상해없음,자전거,남,46세,경상
2020052200100150,2020년 5월 22일 09시,금요일,광주광역시 서구 금호동,경상사고,0,0,1,0,차대차 - 측면충돌,안전운전불이행,건조,맑음,단일로 - 기타,승용,남,83세,상해없음,승용,여,59세,경상
2020052200100151,2020년 5월 22일 09시,금요일,광주광역시 북구 신안동,경상사고,0,0,1,0,차대차 - 측면충돌,안전운전불이행,건조,맑음,단일로 - 기타,화물,남,58세,상해없음,자전거,남,59세,경상
2020052200100170,2020년 5월 22일 10시,금요일,광주광역시 서구 매월동,경상사고,0,0,1,0,차대차 - 측면충돌,안전거리미확보,건조,맑음,단일로 - 기타,화물,남,47세,상해없음,승용,여,59세,경상
2020052200100212,2020년 5월 22일 11시,금요일,광주광역시 북구 신안동,중상사고,0,1,0,0,차대차 - 측면충돌,안전운전불이행,건조,맑음,교차로 - 교차로횡단보도내,승용,남,55세,상해없음,자전거,남,63세,중상
2020052200100213,2020년 5월 22일 11시,금요일,광주광역시 광산구 하산동,경상사고,0,0,1,1,차대차 - 기타,안전거리미확보,건조,맑음,단일로 - 기타,승용,남,35세,부상신고,승용,남,76세,경상
2020052200100291,2020년 5월 22일 13시,금요일,광주광역시 서구 내방동,경상사고,0,0,1,0,차대차 - 추돌,안전거리미확보,건조,맑음,단일로 - 기타,승용,남,68세,상해없음,승용,남,26세,경상
2020052200100292,2020년 5월 22일 13시,금요일,광주광역시 남구 백운동,경상사고,0,0,1,0,차대사람 - 기타,안전운전불이행,건조,맑음,단일로 - 기타,승용,여,39세,상해없음,보행자,여,63세,경상
2020052200100293,2020년 5월 22일 13시,금요일,광주광역시 광산구 월계동,경상사고,0,0,1,1,차대차 - 추돌,안전운전불이행,건조,맑음,단일로 - 기타,승용,여,46세,부상신고,승용,여,52세,경상
2020052200100339,2020년 5월 22일 14시,금요일,광주광역시 광산구 우산동,경상사고,0,0,3,0,차대차 - 측면충돌,안전운전불이행,건조,맑음,단일로 - 기타,승합,남,45세,상해없음,승용,남,25세,경상
2020052200100376,2020년 5월 22일 15시,금요일,광주광역시 광산구 대산동,경상사고,0,0,2,0,차대차 - 측면충돌,신호위반,건조,맑음,교차로 - 교차로안,승용,남,34세,경상,승용,남,51세,경상
2020052200100418,2020년 5월 22일 16시,금요일,광주광역시 남구 방림동,경상사고,0,0,1,0,차대차 - 측면충돌,안전거리미확보,건조,맑음,단일로 - 기타,승용,여,56세,상해없음,승용,여,39세,경상
2020052200100419,2020년 5월 22일 16시,금요일,광주광역시 북구 연제동,경상사고,0,0,1,0,차대차 - 측면충돌,안전운전불이행,건조,맑음,단일로 - 기타,승용,여,40세,상해없음,승용,남,70세,경상
2020052200100420,2020년 5월 22일 16시,금요일,광주광역시 북구 운암동,경상사고,0,0,1,0,차대차 - 측면충돌,안전운전불이행,건조,맑음,교차로 - 교차로부근,화물,남,65세,상해없음,이륜,남,22세,경상
2020052200100421,2020년 5월 22일 16시,금요일,광주광역시 광산구 우산동,경상사고,0,0,4,0,차대차 - 추돌,안전운전불이행,건조,맑음,단일로 - 기타,승용,여,25세,상해없음,승용,남,18세,경상
2020052200100468,2020년 5월 22일 17시,금요일,광주광역시 서구 화정동,중상사고,0,1,0,0,차대사람 - 보도통행중,안전운전불이행,건조,맑음,단일로 - 기타,승용,남,61세,상해없음,보행자,여,6세,중상
2020052200100469,2020년 5월 22일 17시,금요일,광주광역시 남구 백운동,경상사고,0,0,2,0,차대차 - 측면충돌,신호위반,건조,맑음,교차로 - 교차로안,승용,여,61세,경상,승용,남,30세,경상
2020052200100470,2020년 5월 22일 17시,금요일,광주광역시 광산구 도산동,경상사고,0,0,1,1,차대차 - 정면충돌,중앙선침범,건조,맑음,단일로 - 기타,화물,남,50세,부상신고,건설기계,남,50세,경상
2020052200100530,2020년 5월 22일 18시,금요일,광주광역시 서구 벽진동,경상사고,0,0,3,0,차대차 - 추돌,안전운전불이행,건조,맑음,단일로 - 기타,승용,남,36세,상해없음,승용,여,38세,경상
2020052200100531,2020년 5월 22일 18시,금요일,광주광역시 남구 송하동,경상사고,0,0,1,0,차대차 - 측면충돌,안전거리미확보,건조,맑음,교차로 - 교차로부근,승용,남,68세,상해없음,승용,남,38세,경상
2020052200100532,2020년 5월 22일 18시,금요일,광주광역시 북구 양산동,중상사고,0,1,0,0,차대사람 - 기타,안전운전불이행,건조,맑음,단일로 - 기타,승용,여,36세,상해없음,보행자,여,11세,중상
2020052200100576,2020년 5월 22일 19시,금요일,광주광역시 남구 주월동,경상사고,0,0,1,0,차량단독 - 기타,안전운전불이행,건조,맑음,교차로 - 교차로부근,개인형이동수단(PM),남,65세,경상,,,,
2020052200100615,2020년 5월 22일 20시,금요일,광주광역시 광산구 쌍암동,부상신고사고,0,0,0,1,차대차 - 추돌,불법유턴,건조,맑음,주차장 - 주차장,승용,남,49세,부상신고,이륜,남,24세,기타불명
2020052200100675,2020년 5월 22일 22시,금요일,광주광역시 광산구 월계동,경상사고,0,0,5,0,차대차 - 측면충돌,교차로운행방법위반,건조,맑음,교차로 - 교차로부근,승용,여,47세,경상,승용,남,46세,경상
2020052200100699,2020년 5월 22일 23시,금요일,광주광역시 남구 서동,경상사고,0,0,4,0,차대차 - 기타,안전거리미확보,건조,맑음,단일로 - 기타,승용,남,55세,상해없음,승용,남,48세,경상
2020052300100023,2020년 5월 23일 01시,토요일,광주광역시 북구 월출동,부상신고사고,0,0,0,1,차량단독 - 공작물충돌,안전운전불이행,건조,맑음,교차로 - 교차로안,승용,남,44세,부상신고,,,,
2020052300100060,2020년 5월 23일 05시,토요일,광주광역시 서구 농성동,경상사고,0,0,5,0,차대차 - 측면충돌,안전운전불이행,건조,맑음,교차로 - 교차로안,화물,남,59세,상해없음,승용,남,20세,경상
2020052300100070,2020년 5월 23일 06시,토요일,광주광역시 동구 불로동,경상사고,0,0,3,0,차대차 - 기타,신호위반,건조,맑음,교차로 - 교차로안,승용,여,34세,상해없음,승용,여,49세,경상
2020052300100098,2020년 5월 23일 08시,토요일,광주광역시 서구 마륵동,경상사고,0,0,1,0,차대차 - 측면충돌,차로위반,건조,맑음,단일로 - 기타,화물,여,47세,상해없음,승용,남,38세,경상
2020052300100206,2020년 5월 23일 11시,토요일,광주광역시 남구 진월동,경상사고,0,0,3,0,차대차 - 측면충돌,안전거리미확보,건조,맑음,교차로 - 교차로부근,승용,남,38세,상해없음,승용,남,37세,경상
2020052300100207,2020년 5월 23일 11시,토요일,광주광역시 광산구 도산동,경상사고,0,0,2,0,차대차 - 측면충돌,교차로운행방법위반,건조,맑음,교차로 - 교차로안,승용,남,56세,경상,승용,여,64세,경상
2020052300100301,2020년 5월 23일 13시,토요일,광주광역시 북구 신안동,경상사고,0,0,3,0,차량단독 - 기타,안전운전불이행,건조,맑음,교차로 - 교차로부근,승용,남,71세,상해없음,,,,
2020052300100302,2020년 5월 23일 13시,토요일,광주광역시 광산구 도천동,경상사고,0,0,1,0,차대차 - 추돌,안전거리미확보,건조,맑음,단일로 - 기타,승용,남,33세,상해없음,승용,남,50세,경상
2020052300100338,2020년 5월 23일 14시,토요일,광주광역시 동구 대인동,경상사고,0,0,1,0,차대차 - 추돌,안전운전불이행,건조,맑음,교차로 - 교차로부근,승용,남,52세,상해없음,승용,남,26세,경상
2020052300100367,2020년 5월 23일 15시,토요일,광주광역시 동구 금남로1가,부상신고사고,0,0,0,2,차대차 - 기타,안전운전불이행,건조,맑음,기타 - 기타,화물,남,54세,상해없음,승합,남,51세,상해없음
2020052300100368,2020년 5월 23일 15시,토요일,광주광역시 광산구 신창동,경상사고,0,0,1,0,차대차 - 기타,안전운전불이행,건조,맑음,교차로 - 교차로부근,화물,남,55세,상해없음,자전거,남,85세,경상
2020052300100410,2020년 5월 23일 16시,토요일,광주광역시 광산구 산정동,경상사고,0,0,1,0,차대사람 - 차도통행중,안전운전불이행,건조,맑음,단일로 - 기타,승용,남,23세,상해없음,보행자,여,21세,경상
2020052300100489,2020년 5월 23일 18시,토요일,광주광역시 서구 금호동,경상사고,0,0,1,0,차대차 - 측면충돌,안전운전불이행,건조,맑음,단일로 - 기타,승용,여,53세,상해없음,승용,남,57세,경상
2020052300100568,2020년 5월 23일 21시,토요일,광주광역시 북구 운암동,경상사고,0,0,1,0,차대차 - 측면충돌,안전운전불이행,건조,맑음,단일로 - 기타,승용,남,34세,상해없음,승용,남,60세,경상
2020052300100569,2020년 5월 23일 21시,토요일,광주광역시 광산구 송정동,경상사고,0,0,1,0,차대사람 - 횡단중,보행자보호의무위반,건조,맑음,교차로 - 교차로횡단보도내,승용,남,51세,상해없음,보행자,남,13세,경상
2020052300100615,2020년 5월 23일 23시,토요일,광주광역시 서구 치평동,경상사고,0,0,1,0,차대사람 - 기타,안전운전불이행,건조,맑음,단일로 - 기타,승용,남,59세,상해없음,보행자,남,26세,경상
2020052400100013,2020년 5월 24일 00시,일요일,광주광역시 북구 용봉동,경상사고,0,0,1,0,차대차 - 기타,교차로운행방법위반,건조,맑음,교차로 - 교차로안,승용,남,63세,상해없음,승용,남,68세,상해없음
2020052400100034,2020년 5월 24일 01시,일요일,광주광역시 동구 금동,경상사고,0,0,1,0,차대사람 - 기타,안전운전불이행,건조,맑음,단일로 - 기타,승용,남,28세,상해없음,보행자,남,20세,경상
2020052400100035,2020년 5월 24일 01시,일요일,광주광역시 북구 임동,중상사고,0,1,1,0,차대차 - 측면충돌,신호위반,건조,맑음,교차로 - 교차로안,승용,남,61세,상해없음,승용,여,35세,경상
2020052400100115,2020년 5월 24일 08시,일요일,광주광역시 서구 쌍촌동,경상사고,0,0,1,0,차대차 - 측면충돌,직진우회전진행방해,건조,맑음,교차로 - 교차로안,이륜,남,22세,상해없음,승용,여,63세,경상
2020052400100191,2020년 5월 24일 12시,일요일,광주광역시 북구 운암동,경상사고,0,0,2,0,차대차 - 기타,안전운전불이행,젖음/습기,비,단일로 - 기타,승용,남,59세,상해없음,이륜,남,38세,경상
2020052400100192,2020년 5월 24일 12시,일요일,광주광역시 광산구 선암동,경상사고,0,0,1,0,차대사람 - 횡단중,안전운전불이행,젖음/습기,비,교차로 - 교차로부근,승용,남,71세,상해없음,보행자,남,60세,경상
2020052400100219,2020년 5월 24일 13시,일요일,광주광역시 서구 금호동,경상사고,0,0,1,0,차대차 - 측면충돌,안전운전불이행,건조,맑음,단일로 - 기타,원동기,남,31세,상해없음,승용,남,65세,경상
2020052400100276,2020년 5월 24일 15시,일요일,광주광역시 동구 지산동,경상사고,0,0,3,0,차대차 - 측면충돌,중앙선침범,젖음/습기,흐림,단일로 - 기타,승용,남,23세,상해없음,승용,여,55세,경상