사고번호,사고일시,요일,시군구,사고내용,사망자수,중상자수,경상자수,부상신고자수,사고유형,법규위반,노면상태,기상상태,도로형태,가해운전자 차종,가해운전자 성별,가해운전자 연령,가해운전자 상해정도,피해운전자 차종,피해운전자 성별,피해운전자 연령,피해운전자 상해정도
2020061000100265,2020년 6월 10일 12시,수요일,광주광역시 북구 일곡동,경상사고,0,0,3,0,차대차 - 측면충돌,중앙선침범,건조,맑음,교차로 - 교차로부근,화물,남,47세,경상,화물,남,44세,경상
2020061000100266,2020년 6월 10일 12시,수요일,광주광역시 북구 풍향동,중상사고,0,1,0,0,차대차 - 정면충돌,중앙선침범,건조,맑음,단일로 - 기타,자전거,남,34세,중상,승용,남,36세,상해없음
2020061000100267,2020년 6월 10일 12시,수요일,광주광역시 북구 두암동,경상사고,0,0,1,0,차대차 - 기타,안전운전불이행,건조,맑음,기타 - 기타,이륜,남,26세,경상,승용,남,59세,상해없음
2020061000100336,2020년 6월 10일 14시,수요일,광주광역시 북구 각화동,중상사고,0,1,2,0,차대사람 - 횡단중,보행자보호의무위반,건조,흐림,교차로 - 교차로횡단보도내,승용,여,55세,상해없음,보행자,여,10세,중상
2020061000100379,2020년 6월 10일 15시,수요일,광주광역시 북구 각화동,경상사고,0,0,1,0,차대사람 - 기타,안전운전불이행,건조,맑음,기타 - 기타,승용,남,46세,상해없음,보행자,여,62세,경상
2020061000100417,2020년 6월 10일 16시,수요일,광주광역시 서구 쌍촌동,경상사고,0,0,1,0,차대차 - 추돌,안전운전불이행,젖음/습기,비,단일로 - 기타,승용,남,42세,상해없음,승용,남,37세,경상
2020061000100418,2020년 6월 10일 16시,수요일,광주광역시 북구 운암동,경상사고,0,0,1,0,차대사람 - 기타,안전운전불이행,건조,맑음,교차로 - 교차로부근,승용,남,28세,상해없음,보행자,남,53세,경상
2020061000100419,2020년 6월 10일 16시,수요일,광주광역시 광산구 월계동,경상사고,0,0,1,0,차대차 - 측면충돌,안전운전불이행,건조,맑음,단일로 - 기타,승용,남,33세,기타불명,원동기,남,28세,경상
2020061000100514,2020년 6월 10일 18시,수요일,광주광역시 광산구 지죽동,경상사고,0,0,2,0,차대차 - 측면충돌,안전운전불이행,젖음/습기,비,단일로 - 기타,승용,남,54세,상해없음,화물,남,52세,경상
2020061000100535,2020년 6월 10일 18시,수요일,광주광역시 남구 송하동,경상사고,0,0,1,0,차대사람 - 차도통행중,안전운전불이행,젖음/습기,흐림,교차로 - 교차로부근,승용,남,26세,상해없음,보행자,남,37세,경상
2020061000100536,2020년 6월 10일 18시,수요일,광주광역시 북구 용봉동,경상사고,0,0,1,0,차대차 - 기타,직진우회전진행방해,젖음/습기,비,교차로 - 교차로안,승용,남,70세,상해없음,이륜,남,24세,경상
2020061000100537,2020년 6월 10일 18시,수요일,광주광역시 북구 운암동,경상사고,0,0,1,0,차대차 - 추돌,안전운전불이행,젖음/습기,비,단일로 - 고가도로위,승용,남,63세,상해없음,승용,여,52세,경상
2020061000100538,2020년 6월 10일 18시,수요일,광주광역시 북구 삼각동,경상사고,0,0,1,0,차대차 - 추돌,안전운전불이행,젖음/습기,흐림,교차로 - 교차로부근,승용,남,56세,상해없음,승용,여,41세,경상
2020061000100539,2020년 6월 10일 18시,수요일,광주광역시 북구 운암동,경상사고,0,0,3,0,차대차 - 기타,신호위반,건조,맑음,교차로 - 교차로안,승용,남,60세,기타불명,승용,남,48세,경상
2020061000100569,2020년 6월 10일 19시,수요일,광주광역시 북구 용봉동,경상사고,0,0,1,0,차대사람 - 횡단중,신호위반,건조,맑음,교차로 - 교차로횡단보도내,승용,남,65세,상해없음,보행자,남,22세,경상
2020061000100629,2020년 6월 10일 20시,수요일,광주광역시 서구 농성동,경상사고,0,0,1,0,차대차 - 측면충돌,신호위반,건조,맑음,교차로 - 교차로안,승용,여,70세,상해없음,이륜,남,39세,경상
2020061000100630,2020년 6월 10일 20시,수요일,광주광역시 광산구 신가동,경상사고,0,0,1,0,차대차 - 기타,안전거리미확보,건조,맑음,기타 - 기타,승용,남,34세,상해없음,승용,남,22세,경상
2020061000100684,2020년 6월 10일 21시,수요일,광주광역시 서구 화정동,경상사고,0,0,1,0,차대사람 - 횡단중,보행자보호의무위반,건조,맑음,교차로 - 교차로횡단보도내,승용,남,31세,상해없음,보행자,여,22세,경상
2020061000100685,2020년 6월 10일 21시,수요일,광주광역시 남구 방림동,경상사고,0,0,4,0,차대차 - 정면충돌,신호위반,젖음/습기,비,교차로 - 교차로안,승용,여,46세,상해없음,승용,남,59세,경상
2020061000100733,2020년 6월 10일 22시,수요일,광주광역시 광산구 송정동,경상사고,0,0,1,0,차대차 - 기타,교차로운행방법위반,건조,맑음,단일로 - 기타,승용,남,44세,기타불명,승용,남,50세,경상
2020061100100038,2020년 6월 11일 01시,목요일,광주광역시 서구 치평동,경상사고,0,0,1,0,차대사람 - 횡단중,안전운전불이행,건조,맑음,교차로 - 교차로안,승용,남,62세,상해없음,보행자,여,45세,경상
2020061100100049,2020년 6월 11일 02시,목요일,광주광역시 북구 문흥동,경상사고,0,0,1,0,차량단독 - 공작물충돌,안전운전불이행,건조,맑음,기타 - 기타,승용,남,52세,상해없음,,,,
2020061100100062,2020년 6월 11일 04시,목요일,광주광역시 광산구 월계동,경상사고,0,0,3,0,차대차 - 측면충돌,교차로운행방법위반,건조,맑음,교차로 - 교차로안,승용,남,39세,경상,승용,남,70세,경상
2020061100100063,2020년 6월 11일 04시,목요일,광주광역시 광산구 산정동,경상사고,0,0,1,0,차대차 - 정면충돌,신호위반,젖음/습기,맑음,교차로 - 교차로안,원동기,남,27세,경상,승용,남,43세,상해없음
2020061100100064,2020년 6월 11일 04시,목요일,광주광역시 광산구 신창동,경상사고,0,0,1,0,차대차 - 추돌,안전거리미확보,건조,맑음,단일로 - 기타,승용,남,63세,상해없음,승용,남,18세,상해없음
2020061100100072,2020년 6월 11일 05시,목요일,광주광역시 동구 학동,중상사고,0,1,2,0,차대차 - 기타,불법유턴,건조,맑음,단일로 - 기타,승합,남,34세,경상,화물,남,51세,경상
2020061100100137,2020년 6월 11일 08시,목요일,광주광역시 북구 신안동,경상사고,0,0,2,0,차대차 - 측면충돌,안전운전불이행,건조,맑음,단일로 - 기타,승용,여,42세,경상,승용,남,39세,경상
2020061100100138,2020년 6월 11일 08시,목요일,광주광역시 광산구 우산동,중상사고,0,1,0,0,차대차 - 기타,안전거리미확보,건조,맑음,단일로 - 기타,승용,여,54세,상해없음,승합,남,64세,상해없음
2020061100100232,2020년 6월 11일 11시,목요일,광주광역시 서구 내방동,경상사고,0,0,1,0,차대사람 - 횡단중,신호위반,건조,맑음,교차로 - 교차로횡단보도내,승용,여,28세,상해없음,보행자,여,63세,경상
2020061100100348,2020년 6월 11일 14시,목요일,광주광역시 북구 임동,경상사고,0,0,2,0,차대차 - 기타,안전운전불이행,건조,흐림,교차로 - 교차로안,승용,남,60세,상해없음,화물,남,73세,경상
2020061100100376,2020년 6월 11일 15시,목요일,광주광역시 서구 풍암동,경상사고,0,0,1,0,차대사람 - 횡단중,안전운전불이행,건조,맑음,단일로 - 기타,승합,남,63세,상해없음,보행자,남,37세,경상
2020061100100377,2020년 6월 11일 15시,목요일,광주광역시 북구 동림동,경상사고,0,0,1,0,차대차 - 추돌,안전운전불이행,건조,맑음,단일로 - 기타,승용,남,53세,상해없음,승용,여,40세,경상
2020061100100378,2020년 6월 11일 15시,목요일,광주광역시 광산구 지평동,경상사고,0,0,2,0,차대차 - 측면충돌,안전운전불이행,건조,맑음,단일로 - 기타,승용,남,67세,상해없음,승용,여,50세,경상
2020061100100413,2020년 6월 11일 16시,목요일,광주광역시 서구 금호동,중상사고,0,1,0,0,차대사람 - 보도통행중,안전운전불이행,건조,맑음,교차로 - 교차로안,승합,여,39세,상해없음,보행자,여,57세,중상
2020061100100462,2020년 6월 11일 17시,목요일,광주광역시 광산구 송촌동,중상사고,0,1,0,0,차대차 - 측면충돌,안전운전불이행,건조,맑음,단일로 - 기타,이륜,남,41세,중상,화물,남,24세,상해없음
2020061100100508,2020년 6월 11일 18시,목요일,광주광역시 서구 치평동,경상사고,0,0,2,0,차대차 - 측면충돌,안전운전불이행,건조,맑음,단일로 - 기타,승용,남,52세,상해없음,승용,여,31세,경상
2020061100100509,2020년 6월 11일 18시,목요일,광주광역시 광산구 오선동,경상사고,0,0,1,0,차대차 - 측면충돌,안전운전불이행,건조,맑음,단일로 - 기타,화물,남,39세,상해없음,승합,남,65세,경상
2020061100100510,2020년 6월 11일 18시,목요일,광주광역시 광산구 송정동,경상사고,0,0,1,0,차대차 - 측면충돌,안전운전불이행,건조,맑음,단일로 - 기타,승용,여,46세,경상,승합,남,39세,상해없음
2020061100100536,2020년 6월 11일 19시,목요일,광주광역시 서구 화정동,경상사고,0,0,1,0,차대사람 - 기타,안전운전불이행,건조,맑음,단일로 - 기타,승용,남,57세,상해없음,보행자,여,24세,경상
2020061100100566,2020년 6월 11일 20시,목요일,광주광역시 동구 산수동,경상사고,0,0,1,0,차대차 - 추돌,안전운전불이행,건조,맑음,단일로 - 기타,화물,남,53세,상해없음,승용,남,61세,경상
2020061100100567,2020년 6월 11일 20시,목요일,광주광역시 서구 화정동,경상사고,0,0,1,0,차대차 - 측면충돌,신호위반,건조,맑음,교차로 - 교차로안,승용,남,64세,상해없음,승용,여,49세,경상
2020061100100568,2020년 6월 11일 20시,목요일,광주광역시 북구 용봉동,중상사고,0,1,0,0,차대차 - 기타,안전운전불이행,건조,흐림,단일로 - 기타,승용,남,20세,상해없음,원동기,남,46세,중상
2020061100100569,2020년 6월 11일 20시,목요일,광주광역시 북구 우산동,경상사고,0,0,1,0,차대사람 - 횡단중,안전운전불이행,건조,맑음,단일로 - 기타,이륜,남,24세,기타불명,보행자,여,20세,경상
2020061100100570,2020년 6월 11일 20시,목요일,광주광역시 광산구 장덕동,경상사고,0,0,1,0,차대차 - 기타,안전운전불이행,건조,맑음,단일로 - 기타,승용,여,36세,상해없음,승용,남,31세,경상
2020061100100635,2020년 6월 11일 22시,목요일,광주광역시 서구 풍암동,경상사고,0,0,1,0,차대차 - 측면충돌,안전거리미확보,건조,맑음,단일로 - 기타,승용,여,50세,상해없음,승용,남,21세,경상
2020061100100651,2020년 6월 11일 23시,목요일,광주광역시 서구 치평동,경상사고,0,0,1,0,차대차 - 후진중충돌,안전운전불이행,건조,맑음,교차로 - 교차로안,승용,여,27세,상해없음,승용,여,23세,경상
2020061200100078,2020년 6월 12일 07시,금요일,광주광역시 서구 광천동,경상사고,0,0,1,0,차대차 - 추돌,안전운전불이행,건조,맑음,교차로 - 교차로부근,승용,남,22세,상해없음,승용,남,37세,경상
2020061200100079,2020년 6월 12일 07시,금요일,광주광역시 북구 수곡동,경상사고,0,0,1,0,차대차 - 측면충돌,안전운전불이행,건조,맑음,단일로 - 기타,자전거,남,34세,경상,승용,여,49세,상해없음
2020061200100080,2020년 6월 12일 07시,금요일,광주광역시 광산구 오선동,경상사고,0,0,1,0,차대차 - 측면충돌,신호위반,건조,맑음,교차로 - 교차로안,승용,남,47세,상해없음,승용,남,55세,경상
2020061200100081,2020년 6월 12일 07시,금요일,광주광역시 광산구 산월동,경상사고,0,0,2,0,차대차 - 기타,과속,건조,맑음,교차로 - 교차로부근,승용,남,31세,경상,승용,여,45세,상해없음
2020061200100118,2020년 6월 12일 08시,금요일,광주광역시 서구 쌍촌동,경상사고,0,0,1,0,차대차 - 측면충돌,안전거리미확보,건조,맑음,단일로 - 기타,승용,남,59세,상해없음,승용,여,41세,경상
2020061200100119,2020년 6월 12일 08시,금요일,광주광역시 북구 용봉동,경상사고,0,0,1,0,차대사람 - 횡단중,안전운전불이행,건조,흐림,교차로 - 교차로안,승용,여,75세,상해없음,보행자,남,7세,경상
2020061200100120,2020년 6월 12일 08시,금요일,광주광역시 광산구 하남동,경상사고,0,0,2,0,차대차 - 측면충돌,안전운전불이행,건조,맑음,교차로 - 교차로안,승용,여,54세,기타불명,승용,여,44세,경상
2020061200100157,2020년 6월 12일 09시,금요일,광주광역시 서구 광천동,부상신고사고,0,0,0,1,차대차 - 측면충돌,안전거리미확보,건조,맑음,단일로 - 기타,승용,남,53세,상해없음,승용,남,30세,부상신고
2020061200100158,2020년 6월 12일 09시,금요일,광주광역시 남구 양림동,경상사고,0,0,1,0,차대사람 - 횡단중,안전운전불이행,건조,맑음,단일로 - 기타,승용,남,62세,상해없음,보행자,여,84세,경상
2020061200100243,2020년 6월 12일 11시,금요일,광주광역시 동구 대인동,중상사고,0,1,0,0,차대차 - 기타,신호위반,건조,맑음,교차로 - 교차로안,승용,여,67세,상해없음,승용,남,66세,상해없음
2020061200100244,2020년 6월 12일 11시,금요일,광주광역시 북구 삼각동,경상사고,0,0,1,0,차대사람 - 기타,기타,건조,맑음,기타 - 기타,화물,남,48세,상해없음,보행자,여,46세,경상
2020061200100312,2020년 6월 12일 13시,금요일,광주광역시 서구 화정동,부상신고사고,0,0,0,1,차대사람 - 차도통행중,안전운전불이행,건조,맑음,단일로 - 기타,승용,여,42세,상해없음,보행자,여,37세,부상신고
2020061200100313,2020년 6월 12일 13시,금요일,광주광역시 서구 치평동,경상사고,0,0,1,0,차대차 - 추돌,안전운전불이행,건조,맑음,단일로 - 기타,화물,남,37세,상해없음,승용,여,51세,상해없음
2020061200100314,2020년 6월 12일 13시,금요일,광주광역시 남구 송하동,경상사고,0,0,1,2,차대차 - 기타,신호위반,건조,맑음,교차로 - 교차로안,승용,여,62세,부상신고,화물,남,31세,경상
2020061200100385,2020년 6월 12일 15시,금요일,광주광역시 서구 치평동,경상사고,0,0,1,0,차대차 - 후진중충돌,안전운전불이행,건조,맑음,교차로 - 교차로부근,승용,여,53세,상해없음,승용,남,24세,경상
2020061200100386,2020년 6월 12일 15시,금요일,광주광역시 광산구 우산동,경상사고,0,0,1,0,차대사람 - 기타,안전운전불이행,건조,맑음,단일로 - 기타,승용,남,41세,상해없음,보행자,남,56세,경상
2020061200100482,2020년 6월 12일 17시,금요일,광주광역시 북구 양산동,중상사고,0,1,0,0,차대차 - 기타,교차로운행방법위반,건조,맑음,교차로 - 교차로안,승용,남,44세,상해없음,이륜,남,19세,중상
2020061200100532,2020년 6월 12일 18시,금요일,광주광역시 북구 오치동,경상사고,0,0,2,0,차대차 - 측면충돌,안전운전불이행,건조,맑음,교차로 - 교차로안,승합,남,63세,상해없음,승용,남,25세,경상
2020061200100584,2020년 6월 12일 19시,금요일,광주광역시 북구 연제동,경상사고,0,0,1,0,차대차 - 측면충돌,차로위반,젖음/습기,흐림,단일로 - 기타,화물,남,59세,상해없음,승용,남,23세,경상
2020061200100585,2020년 6월 12일 19시,금요일,광주광역시 광산구 우산동,부상신고사고,0,0,0,1,차대차 - 추돌,안전운전불이행,건조,맑음,교차로 - 교차로안,이륜,남,19세,부상신고,승용,여,33세,상해없음
2020061200100586,2020년 6월 12일 19시,금요일,광주광역시 광산구 월곡동,경상사고,0,0,2,1,차대차 - 측면충돌,교차로운행방법위반,건조,맑음,교차로 - 교차로안,승용,남,49세,부상신고,승용,남,53세,경상
2020061200100626,2020년 6월 12일 20시,금요일,광주광역시 남구 봉선동,경상사고,0,0,2,0,차대차 - 측면충돌,기타,건조,맑음,단일로 - 기타,승용,남,60세,상해없음,이륜,남,49세,경상
2020061200100657,2020년 6월 12일 21시,금요일,광주광역시 서구 유촌동,경상사고,0,0,1,0,차대차 - 측면충돌,신호위반,건조,맑음,교차로 - 교차로안,기타불명,기타불명,미분류,기타불명,승용,남,26세,경상
2020061200100658,2020년 6월 12일 21시,금요일,광주광역시 남구 임암동,중상사고,0,1,0,0,차대차 - 추돌,안전거리미확보,건조,맑음,단일로 - 기타,승용,남,61세,상해없음,승합,남,53세,상해없음
2020061200100659,2020년 6월 12일 21시,금요일,광주광역시 북구 우산동,경상사고,0,0,1,0,차대사람 - 기타,안전운전불이행,젖음/습기,비,단일로 - 기타,승용,남,52세,상해없음,보행자,남,62세,경상
2020061200100660,2020년 6월 12일 21시,금요일,광주광역시 북구 중흥동,경상사고,0,0,1,0,차대사람 - 기타,보행자보호의무위반,젖음/습기,비,교차로 - 교차로횡단보도내,이륜,남,43세,상해없음,보행자,남,25세,경상
2020061200100661,2020년 6월 12일 21시,금요일,광주광역시 북구 운암동,경상사고,0,0,1,0,차대차 - 측면충돌,신호위반,젖음/습기,비,교차로 - 교차로안,승용,남,58세,상해없음,승용,여,24세,경상
2020061200100662,2020년 6월 12일 21시,금요일,광주광역시 북구 동림동,경상사고,0,0,3,0,차대차 - 기타,안전운전불이행,젖음/습기,비,단일로 - 기타,승용,남,42세,상해없음,승용,남,59세,경상
2020061200100663,2020년 6월 12일 21시,금요일,광주광역시 광산구 신가동,경상사고,0,0,2,0,차대차 - 기타,차로위반,젖음/습기,비,단일로 - 기타,승용,남,46세,상해없음,승용,남,66세,경상
2020061200100708,2020년 6월 12일 22시,금요일,광주광역시 남구 백운동,경상사고,0,0,1,0,차대차 - 측면충돌,교차로운행방법위반,젖음/습기,비,교차로 - 교차로안,승용,여,26세,상해없음,승용,남,48세,경상
2020061200100709,2020년 6월 12일 22시,금요일,광주광역시 북구 연제동,경상사고,0,0,1,0,차대사람 - 기타,보행자보호의무위반,젖음/습기,비,교차로 - 교차로횡단보도내,화물,남,56세,상해없음,보행자,여,42세,경상
2020061200100710,2020년 6월 12일 22시,금요일,광주광역시 광산구 우산동,경상사고,0,0,2,0,차대차 - 측면충돌,안전운전불이행,젖음/습기,비,교차로 - 교차로부근,승용,남,35세,상해없음,승용,남,46세,경상
2020061200100749,2020년 6월 12일 23시,금요일,광주광역시 서구 동천동,경상사고,0,0,1,0,차대차 - 추돌,안전거리미확보,건조,맑음,단일로 - 기타,승용,남,59세,상해없음,승용,남,48세,경상
2020061200100750,2020년 6월 12일 23시,금요일,광주광역시 남구 송하동,경상사고,0,0,2,0,차대차 - 추돌,안전거리미확보,건조,맑음,단일로 - 기타,승용,남,59세,상해없음,승용,남,47세,경상
2020061200100751,2020년 6월 12일 23시,금요일,광주광역시 북구 운암동,경상사고,0,0,2,0,차대차 - 추돌,안전운전불이행,건조,맑음,단일로 - 기타,승용,남,40세,상해없음,승용,남,26세,경상
2020061200100752,2020년 6월 12일 23시,금요일,광주광역시 광산구 월곡동,중상사고,0,1,0,0,차대차 - 측면충돌,안전운전불이행,젖음/습기,비,교차로 - 교차로부근,이륜,남,33세,중상,화물,남,45세,상해없음
2020061300100024,2020년 6월 13일 00시,토요일,광주광역시 서구 화정동,경상사고,0,0,2,0,차대차 - 측면충돌,신호위반,젖음/습기,비,교차로 - 교차로안,승용,남,23세,상해없음,승용,남,62세,경상
2020061300100025,2020년 6월 13일 00시,토요일,광주광역시 서구 쌍촌동,경상사고,0,0,1,0,차대차 - 측면충돌,중앙선침범,젖음/습기,비,단일로 - 기타,승용,남,28세,상해없음,승용,남,54세,경상
2020061300100026,2020년 6월 13일 00시,토요일,광주광역시 북구 동림동,경상사고,0,0,4,0,차대차 - 기타,중앙선침범,젖음/습기,비,단일로 - 기타,승용,남,49세,경상,화물,남,48세,경상
2020061300100048,2020년 6월 13일 01시,토요일,광주광역시 서구 금호동,경상사고,0,0,1,0,차대차 - 추돌,안전운전불이행,건조,맑음,교차로 - 교차로부근,이륜,남,42세,상해없음,승용,남,49세,경상
2020061300100049,2020년 6월 13일 01시,토요일,광주광역시 북구 두암동,경상사고,0,0,4,0,차대차 - 기타,교차로운행방법위반,젖음/습기,비,교차로 - 교차로안,승용,남,54세,상해없음,승용,남,18세,경상
2020061300100067,2020년 6월 13일 02시,토요일,광주광역시 서구 덕흥동,경상사고,0,0,3,0,차대차 - 측면충돌,안전운전불이행,젖음/습기,비,단일로 - 기타,승용,남,37세,경상,승용,남,51세,경상
2020061300100068,2020년 6월 13일 02시,토요일,광주광역시 서구 덕흥동,중상사고,0,1,0,0,차량단독 - 공작물충돌,안전운전불이행,젖음/습기,비,단일로 - 기타,승용,남,21세,상해없음,,,,
2020061300100077,2020년 6월 13일 03시,토요일,광주광역시 서구 쌍촌동,경상사고,0,0,1,0,차대차 - 기타,안전운전불이행,젖음/습기,비,단일로 - 기타,승용,남,51세,상해없음,승용,남,39세,경상
2020061300100124,2020년 6월 13일 07시,토요일,광주광역시 서구 화정동,중상사고,0,1,0,0,차대사람 - 기타,신호위반,건조,맑음,교차로 - 교차로안,승용,남,28세,상해없음,보행자,여,47세,중상
2020061300100271,2020년 6월 13일 12시,토요일,광주광역시 남구 주월동,경상사고,0,0,1,0,차대차 - 기타,안전운전불이행,건조,맑음,교차로 - 교차로안,승용,남,53세,상해없음,승합,남,58세,상해없음
2020061300100272,2020년 6월 13일 12시,토요일,광주광역시 북구 매곡동,경상사고,0,0,1,0,차대차 - 기타,중앙선침범,건조,맑음,교차로 - 교차로안,승용,남,59세,상해없음,이륜,남,52세,경상
2020061300100320,2020년 6월 13일 13시,토요일,광주광역시 북구 오치동,부상신고사고,0,0,0,1,차대차 - 기타,안전운전불이행,건조,흐림,단일로 - 기타,이륜,남,64세,부상신고,화물,남,60세,상해없음
2020061300100321,2020년 6월 13일 13시,토요일,광주광역시 북구 용봉동,경상사고,0,0,2,0,차대차 - 기타,안전운전불이행,건조,맑음,교차로 - 교차로안,승용,여,56세,상해없음,승용,남,29세,경상
2020061300100432,2020년 6월 13일 16시,토요일,광주광역시 남구 주월동,경상사고,0,0,1,0,차대차 - 측면충돌,차로위반,건조,맑음,단일로 - 기타,승용,남,46세,상해없음,승용,남,68세,경상
2020061300100474,2020년 6월 13일 17시,토요일,광주광역시 광산구 신창동,중상사고,0,1,1,0,차대차 - 기타,신호위반,건조,맑음,교차로 - 교차로안,이륜,여,27세,경상,승용,남,72세,중상
2020061300100475,2020년 6월 13일 17시,토요일,광주광역시 광산구 우산동,경상사고,0,0,1,0,차대사람 - 횡단중,안전운전불이행,건조,맑음,교차로 - 교차로안,승용,여,52세,상해없음,보행자,남,51세,경상
2020061300100515,2020년 6월 13일 18시,토요일,광주광역시 동구 광산동,경상사고,0,0,1,0,차대사람 - 기타,안전운전불이행,건조,맑음,단일로 - 기타,승용,남,72세,상해없음,보행자,여,25세,경상
2020061300100516,2020년 6월 13일 18시,토요일,광주광역시 북구 중흥동,경상사고,0,0,1,0,차대차 - 측면충돌,안전운전불이행,건조,맑음,교차로 - 교차로안,승용,남,60세,상해없음,승용,남,58세,상해없음
2020061300100542,2020년 6월 13일 19시,토요일,광주광역시 서구 농성동,경상사고,0,0,1,0,차대차 - 기타,안전운전불이행,젖음/습기,비,교차로 - 교차로부근,승용,남,55세,상해없음,자전거,여,51세,경상
2020061300100543,2020년 6월 13일 19시,토요일,광주광역시 서구 광천동,경상사고,0,0,1,0,차대차 - 측면충돌,중앙선침범,젖음/습기,비,단일로 - 기타,승용,남,60세,상해없음,승용,남,37세,경상
2020061300100544,2020년 6월 13일 19시,토요일,광주광역시 북구 문흥동,경상사고,0,0,3,0,차대차 - 측면충돌,안전운전불이행,건조,맑음,단일로 - 기타,승용,남,24세,상해없음,승용,남,28세,경상
2020061300100586,2020년 6월 13일 20시,토요일,광주광역시 서구 쌍촌동,경상사고,0,0,5,0,차대차 - 측면충돌,직진우회전진행방해,젖음/습기,비,교차로 - 교차로안,승용,남,33세,경상,승용,남,29세,경상
2020061300100587,2020년 6월 13일 20시,토요일,광주광역시 북구 두암동,경상사고,0,0,1,0,차대차 - 추돌,안전운전불이행,젖음/습기,비,교차로 - 교차로안,승용,남,40세,상해없음,승용,남,42세,경상
2020061300100615,2020년 6월 13일 21시,토요일,광주광역시 북구 두암동,경상사고,0,0,1,0,차대차 - 기타,안전운전불이행,젖음/습기,비,단일로 - 기타,승용,남,23세,상해없음,이륜,남,59세,경상
2020061300100616,2020년 6월 13일 21시,토요일,광주광역시 북구 삼각동,경상사고,0,0,1,0,차대차 - 추돌,안전운전불이행,젖음/습기,비,교차로 - 교차로안,승용,남,60세,상해없음,승용,여,38세,경상
2020061300100617,2020년 6월 13일 21시,토요일,광주광역시 북구 양산동,경상사고,0,0,1,0,차대차 - 추돌,안전운전불이행,젖음/습기,비,교차로 - 교차로안,화물,남,61세,기타불명,승용,여,35세,경상
2020061300100618,2020년 6월 13일 21시,토요일,광주광역시 광산구 우산동,경상사고,0,0,1,1,차대차 - 측면충돌,안전운전불이행,젖음/습기,비,교차로 - 교차로안,승용,남,36세,부상신고,승용,여,50세,경상
2020061400100021,2020년 6월 14일 00시,일요일,광주광역시 남구 서동,경상사고,0,0,1,0,차대차 - 추돌,안전운전불이행,건조,맑음,단일로 - 기타,승합,남,62세,상해없음,승용,남,28세,경상
2020061400100071,2020년 6월 14일 04시,일요일,광주광역시 북구 동림동,경상사고,0,0,2,0,차대차 - 추돌,안전운전불이행,젖음/습기,비,단일로 - 기타,기타불명,기타불명,미분류,기타불명,승용,여,50세,경상
2020061400100079,2020년 6월 14일 05시,일요일,광주광역시 서구 치평동,경상사고,0,0,1,0,차대사람 - 횡단중,안전운전불이행,젖음/습기,비,단일로 - 기타,승용,남,33세,상해없음,보행자,여,32세,경상
2020061400100096,2020년 6월 14일 07시,일요일,광주광역시 서구 동천동,중상사고,0,1,2,0,차대차 - 측면충돌,중앙선침범,젖음/습기,비,단일로 - 기타,화물,남,60세,경상,승용,남,61세,경상
2020061400100097,2020년 6월 14일 07시,일요일,광주광역시 남구 송하동,경상사고,0,0,1,0,차대차 - 측면충돌,안전운전불이행,젖음/습기,흐림,단일로 - 기타,승용,여,23세,상해없음,승용,남,56세,경상
2020061400100118,2020년 6월 14일 09시,일요일,광주광역시 광산구 월전동,경상사고,0,0,3,0,차대차 - 측면충돌,교차로운행방법위반,젖음/습기,비,교차로 - 교차로안,화물,남,61세,상해없음,승용,남,72세,경상
2020061400100137,2020년 6월 14일 10시,일요일,광주광역시 서구 화정동,중상사고,0,1,0,0,차대차 - 측면충돌,신호위반,젖음/습기,비,교차로 - 교차로안,승용,남,30세,상해없음,이륜,남,41세,중상
2020061400100138,2020년 6월 14일 10시,일요일,광주광역시 남구 주월동,경상사고,0,0,1,0,차대차 - 후진중충돌,안전운전불이행,건조,맑음,단일로 - 기타,승용,남,68세,상해없음,승용,남,60세,경상
2020061400100186,2020년 6월 14일 12시,일요일,광주광역시 서구 금호동,경상사고,0,0,1,0,차량단독 - 기타,안전운전불이행,건조,맑음,단일로 - 기타,승합,남,44세,상해없음,,,,
2020061400100214,2020년 6월 14일 13시,일요일,광주광역시 서구 치평동,경상사고,0,0,3,0,차대차 - 측면충돌,차로위반,건조,맑음,단일로 - 기타,승합,남,55세,상해없음,승용,남,29세,경상
2020061400100257,2020년 6월 14일 14시,일요일,광주광역시 광산구 쌍암동,경상사고,0,0,2,0,차대차 - 추돌,안전운전불이행,건조,맑음,교차로 - 교차로안,승용,남,63세,상해없음,승용,남,49세,경상
2020061400100324,2020년 6월 14일 16시,일요일,광주광역시 북구 삼각동,경상사고,0,0,1,0,차대차 - 기타,안전운전불이행,건조,맑음,단일로 - 기타,승용,남,47세,상해없음,이륜,남,22세,경상
2020061400100325,2020년 6월 14일 16시,일요일,광주광역시 광산구 월계동,경상사고,0,0,1,0,차대차 - 추돌,안전운전불이행,건조,맑음,교차로 - 교차로부근,승용,남,22세,상해없음,승용,여,26세,경상
2020061400100385,2020년 6월 14일 18시,일요일,광주광역시 서구 치평동,경상사고,0,0,2,0,차대차 - 측면충돌,안전운전불이행,건조,맑음,단일로 - 기타,승용,여,40세,경상,승용,남,43세,경상
2020061400100386,2020년 6월 14일 18시,일요일,광주광역시 남구 방림동,경상사고,0,0,2,0,차대차 - 측면충돌,안전거리미확보,건조,맑음,교차로 - 교차로부근,승용,남,48세,상해없음,원동기,남,17세,경상