사고번호,사고일시,요일,시군구,사고내용,사망자수,중상자수,경상자수,부상신고자수,사고유형,법규위반,노면상태,기상상태,도로형태,가해운전자 차종,가해운전자 성별,가해운전자 연령,가해운전자 상해정도,피해운전자 차종,피해운전자 성별,피해운전자 연령,피해운전자 상해정도
2020061400100451,2020년 6월 14일 20시,일요일,광주광역시 북구 오치동,중상사고,0,1,0,0,차대사람 - 기타,안전운전불이행,건조,맑음,단일로 - 기타,승용,남,70세,상해없음,보행자,남,25세,중상
2020061400100452,2020년 6월 14일 20시,일요일,광주광역시 광산구 수완동,경상사고,0,0,2,0,차대차 - 후진중충돌,안전운전불이행,건조,맑음,단일로 - 기타,화물,남,26세,상해없음,승용,남,25세,경상
2020061400100480,2020년 6월 14일 21시,일요일,광주광역시 북구 동림동,경상사고,0,0,2,0,차대차 - 측면충돌,안전운전불이행,건조,맑음,교차로 - 교차로안,승용,남,21세,상해없음,승합,남,52세,경상
2020061400100501,2020년 6월 14일 22시,일요일,광주광역시 서구 금호동,경상사고,0,0,2,0,차대차 - 측면충돌,차로위반,건조,맑음,교차로 - 교차로부근,이륜,남,45세,경상,승용,남,35세,경상
2020061400100502,2020년 6월 14일 22시,일요일,광주광역시 북구 양산동,경상사고,0,0,6,0,차대차 - 추돌,안전운전불이행,젖음/습기,비,단일로 - 기타,승용,남,50세,상해없음,승용,남,33세,경상
2020061400100520,2020년 6월 14일 23시,일요일,광주광역시 서구 광천동,경상사고,0,0,2,0,차대차 - 기타,신호위반,건조,맑음,교차로 - 교차로안,승용,남,28세,상해없음,승용,남,60세,경상
2020061500100018,2020년 6월 15일 02시,월요일,광주광역시 서구 쌍촌동,경상사고,0,0,1,0,차대차 - 측면충돌,안전운전불이행,건조,맑음,단일로 - 기타,승용,여,26세,상해없음,승용,남,60세,경상
2020061500100109,2020년 6월 15일 08시,월요일,광주광역시 북구 동림동,경상사고,0,0,1,0,차대차 - 기타,안전거리미확보,건조,맑음,기타 - 기타,승용,남,83세,상해없음,승용,여,37세,경상
2020061500100121,2020년 6월 15일 08시,월요일,광주광역시 서구 농성동,경상사고,0,0,4,0,차대차 - 추돌,안전운전불이행,건조,맑음,단일로 - 기타,화물,남,52세,경상,화물,남,39세,경상
2020061500100122,2020년 6월 15일 08시,월요일,광주광역시 서구 쌍촌동,경상사고,0,0,1,0,차대차 - 추돌,안전운전불이행,건조,맑음,교차로 - 교차로안,화물,남,38세,기타불명,화물,남,47세,경상
2020061500100123,2020년 6월 15일 08시,월요일,광주광역시 서구 화정동,경상사고,0,0,1,0,차대사람 - 횡단중,신호위반,건조,맑음,교차로 - 교차로횡단보도내,승용,여,49세,상해없음,보행자,남,11세,경상
2020061500100124,2020년 6월 15일 08시,월요일,광주광역시 남구 월산동,부상신고사고,0,0,0,2,차대차 - 추돌,안전운전불이행,건조,맑음,단일로 - 기타,승용,남,60세,상해없음,승용,여,44세,부상신고
2020061500100166,2020년 6월 15일 09시,월요일,광주광역시 서구 광천동,경상사고,0,0,1,0,차대차 - 측면충돌,교차로운행방법위반,건조,맑음,교차로 - 교차로안,승용,여,38세,상해없음,화물,남,40세,경상
2020061500100167,2020년 6월 15일 09시,월요일,광주광역시 광산구 하산동,중상사고,0,1,1,0,차대차 - 측면충돌,안전거리미확보,건조,맑음,단일로 - 기타,승용,남,64세,기타불명,승용,남,34세,중상
2020061500100206,2020년 6월 15일 10시,월요일,광주광역시 북구 운암동,경상사고,0,0,2,0,차대차 - 측면충돌,안전거리미확보,건조,맑음,교차로 - 교차로안,승용,남,27세,상해없음,승용,남,21세,경상
2020061500100243,2020년 6월 15일 11시,월요일,광주광역시 서구 쌍촌동,중상사고,0,1,0,0,차대차 - 기타,안전운전불이행,건조,맑음,단일로 - 기타,이륜,남,38세,중상,승용,남,38세,상해없음
2020061500100279,2020년 6월 15일 12시,월요일,광주광역시 광산구 장덕동,중상사고,0,1,0,0,차대사람 - 횡단중,보행자보호의무위반,건조,맑음,교차로 - 교차로횡단보도내,승용,남,60세,상해없음,보행자,여,33세,중상
2020061500100312,2020년 6월 15일 13시,월요일,광주광역시 광산구 수완동,경상사고,0,0,1,0,차대차 - 측면충돌,안전거리미확보,건조,맑음,단일로 - 기타,승용,여,44세,상해없음,승용,여,42세,경상
2020061500100356,2020년 6월 15일 14시,월요일,광주광역시 북구 연제동,경상사고,0,0,1,0,차대사람 - 횡단중,신호위반,건조,맑음,교차로 - 교차로횡단보도내,승용,남,62세,상해없음,보행자,남,9세,경상
2020061500100402,2020년 6월 15일 15시,월요일,광주광역시 광산구 소촌동,부상신고사고,0,0,0,1,차대차 - 측면충돌,안전운전불이행,건조,맑음,교차로 - 교차로안,승용,여,53세,부상신고,승용,남,41세,상해없음
2020061500100450,2020년 6월 15일 16시,월요일,광주광역시 북구 양산동,경상사고,0,0,1,0,차대차 - 측면충돌,안전거리미확보,건조,맑음,단일로 - 기타,승용,여,58세,상해없음,승용,여,49세,경상
2020061500100451,2020년 6월 15일 16시,월요일,광주광역시 광산구 도천동,경상사고,0,0,2,0,차대차 - 기타,안전운전불이행,건조,맑음,교차로 - 교차로부근,승용,남,62세,상해없음,승용,남,77세,경상
2020061500100452,2020년 6월 15일 16시,월요일,광주광역시 광산구 수완동,경상사고,0,0,1,0,차대차 - 기타,안전운전불이행,건조,맑음,교차로 - 교차로횡단보도내,자전거,남,45세,경상,승용,남,57세,상해없음
2020061500100515,2020년 6월 15일 17시,월요일,광주광역시 남구 봉선동,경상사고,0,0,1,0,차대차 - 측면충돌,안전거리미확보,건조,맑음,단일로 - 기타,승용,여,67세,상해없음,승용,여,45세,경상
2020061500100516,2020년 6월 15일 17시,월요일,광주광역시 광산구 월계동,경상사고,0,0,1,0,차대차 - 추돌,안전운전불이행,건조,맑음,교차로 - 교차로안,승용,남,67세,상해없음,승용,여,51세,경상
2020061500100570,2020년 6월 15일 18시,월요일,광주광역시 서구 치평동,경상사고,0,0,1,0,차대차 - 측면충돌,안전거리미확보,건조,맑음,단일로 - 기타,승용,남,59세,상해없음,승용,남,21세,경상
2020061500100571,2020년 6월 15일 18시,월요일,광주광역시 광산구 우산동,경상사고,0,0,4,0,차대차 - 추돌,안전운전불이행,건조,맑음,단일로 - 기타,승용,남,42세,경상,승용,여,37세,기타불명
2020061500100660,2020년 6월 15일 21시,월요일,광주광역시 서구 치평동,경상사고,0,0,2,0,차대차 - 측면충돌,신호위반,건조,맑음,교차로 - 교차로안,승용,남,51세,경상,승용,남,30세,경상
2020061500100661,2020년 6월 15일 21시,월요일,광주광역시 서구 내방동,경상사고,0,0,1,0,차대차 - 측면충돌,차로위반,건조,맑음,단일로 - 기타,승용,남,73세,상해없음,이륜,남,35세,경상
2020061500100662,2020년 6월 15일 21시,월요일,광주광역시 북구 오치동,경상사고,0,0,1,0,차대사람 - 기타,안전운전불이행,건조,맑음,단일로 - 기타,승용,남,54세,기타불명,보행자,남,64세,경상
2020061500100663,2020년 6월 15일 21시,월요일,광주광역시 북구 일곡동,경상사고,0,0,1,0,차대차 - 측면충돌,안전운전불이행,건조,맑음,교차로 - 교차로안,승용,남,37세,상해없음,원동기,남,19세,경상
2020061500100664,2020년 6월 15일 21시,월요일,광주광역시 광산구 월계동,경상사고,0,0,1,0,차대차 - 측면충돌,신호위반,건조,맑음,교차로 - 교차로안,이륜,남,39세,경상,승용,남,28세,상해없음
2020061500100685,2020년 6월 15일 22시,월요일,광주광역시 서구 광천동,경상사고,0,0,1,0,차대차 - 추돌,안전운전불이행,건조,맑음,단일로 - 기타,화물,남,54세,상해없음,승용,남,28세,경상
2020061500100686,2020년 6월 15일 22시,월요일,광주광역시 광산구 안청동,경상사고,0,0,1,0,차대차 - 기타,신호위반,건조,맑음,교차로 - 교차로안,승용,남,39세,상해없음,승용,남,40세,경상
2020061500100701,2020년 6월 15일 23시,월요일,광주광역시 북구 신용동,경상사고,0,0,2,0,차대차 - 측면충돌,안전운전불이행,건조,맑음,교차로 - 교차로안,승용,남,22세,상해없음,승용,남,18세,경상
2020061600100024,2020년 6월 16일 02시,화요일,광주광역시 서구 광천동,경상사고,0,0,4,0,차대차 - 측면충돌,안전운전불이행,건조,맑음,교차로 - 교차로부근,승용,남,41세,상해없음,승용,남,23세,경상
2020061600100028,2020년 6월 16일 03시,화요일,광주광역시 북구 두암동,경상사고,0,0,3,1,차대차 - 측면충돌,교차로운행방법위반,건조,맑음,교차로 - 교차로안,승용,남,19세,경상,승용,남,52세,상해없음
2020061600100033,2020년 6월 16일 04시,화요일,광주광역시 북구 양산동,사망사고,1,0,0,0,차대사람 - 횡단중,과속,건조,맑음,단일로 - 기타,승용,남,70세,상해없음,보행자,여,54세,사망
2020061600100086,2020년 6월 16일 07시,화요일,광주광역시 북구 일곡동,경상사고,0,0,1,0,차대차 - 측면충돌,안전운전불이행,건조,맑음,교차로 - 교차로부근,승용,여,58세,기타불명,승용,여,46세,경상
2020061600100131,2020년 6월 16일 08시,화요일,광주광역시 북구 신안동,경상사고,0,0,1,0,차대차 - 기타,안전거리미확보,건조,맑음,단일로 - 기타,승용,남,78세,상해없음,승용,여,39세,경상
2020061600100132,2020년 6월 16일 08시,화요일,광주광역시 북구 삼각동,경상사고,0,0,1,0,차대차 - 정면충돌,안전운전불이행,건조,맑음,교차로 - 교차로안,승용,남,52세,기타불명,승용,여,48세,경상
2020061600100164,2020년 6월 16일 09시,화요일,광주광역시 북구 임동,중상사고,0,1,0,0,차대차 - 기타,안전운전불이행,건조,맑음,교차로 - 교차로안,이륜,남,81세,중상,승용,남,29세,상해없음
2020061600100199,2020년 6월 16일 10시,화요일,광주광역시 북구 임동,경상사고,0,0,1,0,차대사람 - 기타,안전거리미확보,건조,맑음,단일로 - 기타,승용,남,44세,상해없음,보행자,남,55세,경상
2020061600100233,2020년 6월 16일 11시,화요일,광주광역시 북구 용두동,경상사고,0,0,1,0,차대차 - 기타,신호위반,건조,맑음,교차로 - 교차로안,이륜,남,23세,경상,승용,남,46세,상해없음
2020061600100269,2020년 6월 16일 12시,화요일,광주광역시 동구 학동,경상사고,0,0,1,0,차대차 - 측면충돌,안전운전불이행,건조,맑음,단일로 - 기타,승용,여,44세,기타불명,이륜,남,21세,경상
2020061600100270,2020년 6월 16일 12시,화요일,광주광역시 서구 서창동,경상사고,0,0,1,0,차대차 - 측면충돌,교차로운행방법위반,건조,맑음,교차로 - 교차로안,승용,남,44세,상해없음,승용,남,66세,경상
2020061600100271,2020년 6월 16일 12시,화요일,광주광역시 북구 풍향동,경상사고,0,0,2,0,차대차 - 추돌,안전운전불이행,건조,맑음,교차로 - 교차로부근,승용,남,29세,경상,이륜,남,45세,경상
2020061600100339,2020년 6월 16일 14시,화요일,광주광역시 북구 두암동,경상사고,0,0,1,0,차대차 - 기타,안전운전불이행,건조,맑음,단일로 - 기타,승용,여,52세,상해없음,승용,남,35세,경상
2020061600100340,2020년 6월 16일 14시,화요일,광주광역시 광산구 신창동,경상사고,0,0,1,0,차대차 - 추돌,안전운전불이행,건조,맑음,단일로 - 기타,승용,여,69세,상해없음,승용,여,40세,경상
2020061600100431,2020년 6월 16일 16시,화요일,광주광역시 서구 화정동,경상사고,0,0,1,0,차대사람 - 기타,안전운전불이행,건조,맑음,교차로 - 교차로부근,승용,남,63세,상해없음,보행자,남,58세,경상
2020061600100432,2020년 6월 16일 16시,화요일,광주광역시 서구 쌍촌동,부상신고사고,0,0,0,1,차대사람 - 차도통행중,안전운전불이행,젖음/습기,비,단일로 - 기타,기타불명,기타불명,미분류,기타불명,보행자,여,16세,부상신고
2020061600100476,2020년 6월 16일 17시,화요일,광주광역시 광산구 수완동,중상사고,0,1,1,0,차대차 - 측면충돌,안전운전불이행,건조,맑음,단일로 - 기타,승용,여,27세,상해없음,승용,여,34세,중상
2020061600100533,2020년 6월 16일 18시,화요일,광주광역시 동구 대인동,경상사고,0,0,2,1,차대차 - 기타,안전운전불이행,건조,맑음,단일로 - 기타,승용,남,63세,부상신고,승용,남,64세,경상
2020061600100534,2020년 6월 16일 18시,화요일,광주광역시 북구 양산동,중상사고,0,1,1,0,차대차 - 기타,안전운전불이행,건조,맑음,교차로 - 교차로부근,이륜,남,35세,중상,화물,남,58세,경상
2020061600100535,2020년 6월 16일 18시,화요일,광주광역시 북구 운암동,중상사고,0,1,0,0,차대사람 - 보도통행중,기타,건조,맑음,단일로 - 기타,승용,여,27세,상해없음,보행자,여,56세,중상
2020061600100563,2020년 6월 16일 19시,화요일,광주광역시 북구 운암동,경상사고,0,0,2,0,차대차 - 기타,차로위반,건조,맑음,단일로 - 기타,승용,남,59세,상해없음,승용,남,31세,경상
2020061600100564,2020년 6월 16일 19시,화요일,광주광역시 광산구 복룡동,경상사고,0,0,1,0,차대차 - 측면충돌,안전거리미확보,건조,맑음,단일로 - 기타,화물,남,56세,상해없음,승용,남,34세,경상
2020061600100632,2020년 6월 16일 21시,화요일,광주광역시 북구 용봉동,경상사고,0,0,1,0,차대사람 - 차도통행중,안전운전불이행,건조,맑음,단일로 - 기타,승용,남,22세,상해없음,보행자,남,25세,경상
2020061600100633,2020년 6월 16일 21시,화요일,광주광역시 북구 문흥동,경상사고,0,0,1,0,차대차 - 측면충돌,안전운전불이행,건조,맑음,단일로 - 기타,승용,남,40세,상해없음,승용,여,49세,기타불명
2020061600100652,2020년 6월 16일 22시,화요일,광주광역시 북구 매곡동,중상사고,0,1,2,0,차대차 - 기타,신호위반,건조,맑음,교차로 - 교차로안,승용,남,32세,상해없음,이륜,남,23세,중상
2020061600100653,2020년 6월 16일 22시,화요일,광주광역시 북구 용봉동,중상사고,0,1,1,0,차대차 - 측면충돌,안전운전불이행,건조,맑음,교차로 - 교차로부근,승용,여,46세,경상,화물,남,47세,중상
2020061600100665,2020년 6월 16일 23시,화요일,광주광역시 서구 광천동,경상사고,0,0,1,0,차대차 - 기타,안전운전불이행,건조,맑음,교차로 - 교차로부근,승용,여,25세,상해없음,승용,여,36세,경상
2020061600100666,2020년 6월 16일 23시,화요일,광주광역시 서구 쌍촌동,경상사고,0,0,1,0,차대차 - 기타,안전거리미확보,건조,맑음,단일로 - 기타,승용,남,27세,상해없음,승용,남,49세,경상
2020061700100012,2020년 6월 17일 00시,수요일,광주광역시 남구 주월동,경상사고,0,0,1,0,차대차 - 기타,안전운전불이행,건조,맑음,단일로 - 기타,승용,남,51세,상해없음,승용,남,20세,경상
2020061700100024,2020년 6월 17일 02시,수요일,광주광역시 광산구 장록동,중상사고,0,1,0,0,차대차 - 기타,신호위반,건조,맑음,교차로 - 교차로안,승용,남,29세,상해없음,화물,남,48세,중상
2020061700100083,2020년 6월 17일 07시,수요일,광주광역시 북구 일곡동,중상사고,0,2,1,0,차대차 - 측면충돌,안전운전불이행,건조,맑음,교차로 - 교차로안,승용,남,78세,중상,승용,여,48세,중상
2020061700100187,2020년 6월 17일 10시,수요일,광주광역시 광산구 월곡동,경상사고,0,0,1,0,차대차 - 추돌,안전거리미확보,건조,맑음,교차로 - 교차로안,승용,남,41세,상해없음,화물,남,64세,경상
2020061700100222,2020년 6월 17일 11시,수요일,광주광역시 서구 화정동,경상사고,0,0,1,0,차대사람 - 차도통행중,안전운전불이행,건조,흐림,교차로 - 교차로부근,승용,남,56세,기타불명,보행자,남,20세,경상
2020061700100261,2020년 6월 17일 12시,수요일,광주광역시 서구 풍암동,경상사고,0,0,2,0,차대차 - 후진중충돌,안전운전불이행,건조,맑음,교차로 - 교차로안,화물,남,65세,상해없음,승용,남,71세,경상
2020061700100263,2020년 6월 17일 12시,수요일,광주광역시 북구 중흥동,경상사고,0,0,1,0,차대차 - 기타,안전운전불이행,건조,맑음,단일로 - 기타,승용,여,26세,상해없음,자전거,남,62세,경상
2020061700100294,2020년 6월 17일 13시,수요일,광주광역시 서구 유촌동,경상사고,0,0,1,0,차대차 - 측면충돌,신호위반,건조,맑음,교차로 - 교차로안,승용,여,38세,상해없음,승용,여,49세,경상
2020061700100295,2020년 6월 17일 13시,수요일,광주광역시 서구 매월동,경상사고,0,0,4,0,차대차 - 측면충돌,차로위반,건조,맑음,단일로 - 기타,승용,남,54세,상해없음,승용,남,52세,경상
2020061700100296,2020년 6월 17일 13시,수요일,광주광역시 남구 진월동,경상사고,0,0,3,0,차대차 - 추돌,안전거리미확보,건조,맑음,단일로 - 기타,승용,남,52세,상해없음,승용,남,70세,경상
2020061700100340,2020년 6월 17일 14시,수요일,광주광역시 광산구 월계동,경상사고,0,0,3,0,차대차 - 추돌,안전운전불이행,건조,맑음,단일로 - 기타,승용,여,61세,상해없음,승용,여,50세,경상
2020061700100398,2020년 6월 17일 16시,수요일,광주광역시 광산구 송정동,경상사고,0,0,1,0,차대사람 - 길가장자리구역통행중,안전운전불이행,건조,맑음,단일로 - 기타,승용,여,69세,상해없음,보행자,여,57세,경상
2020061700100443,2020년 6월 17일 17시,수요일,광주광역시 서구 화정동,중상사고,0,1,0,0,차대사람 - 차도통행중,안전운전불이행,건조,맑음,단일로 - 기타,승용,여,68세,상해없음,보행자,여,59세,중상
2020061700100444,2020년 6월 17일 17시,수요일,광주광역시 서구 풍암동,경상사고,0,0,1,1,차대차 - 기타,기타,건조,맑음,단일로 - 기타,승용,여,24세,상해없음,승용,남,39세,경상
2020061700100445,2020년 6월 17일 17시,수요일,광주광역시 남구 행암동,경상사고,0,0,2,0,차대차 - 추돌,안전운전불이행,건조,맑음,교차로 - 교차로부근,화물,남,60세,상해없음,승용,남,56세,경상
2020061700100446,2020년 6월 17일 17시,수요일,광주광역시 광산구 소촌동,경상사고,0,0,1,0,차대사람 - 기타,안전운전불이행,건조,맑음,단일로 - 기타,승합,남,64세,상해없음,보행자,여,67세,경상
2020061700100487,2020년 6월 17일 18시,수요일,광주광역시 북구 신안동,경상사고,0,0,2,0,차대차 - 기타,교차로운행방법위반,건조,맑음,교차로 - 교차로안,승용,남,73세,경상,승용,남,28세,경상
2020061700100488,2020년 6월 17일 18시,수요일,광주광역시 광산구 진곡동,경상사고,0,0,2,0,차대차 - 측면충돌,안전거리미확보,건조,맑음,단일로 - 기타,승용,남,41세,상해없음,승용,남,46세,경상
2020061700100526,2020년 6월 17일 19시,수요일,광주광역시 남구 월산동,부상신고사고,0,0,0,1,차대사람 - 기타,안전운전불이행,건조,맑음,단일로 - 기타,승용,남,65세,상해없음,보행자,남,78세,부상신고
2020061700100582,2020년 6월 17일 21시,수요일,광주광역시 서구 치평동,경상사고,0,0,3,0,차대차 - 측면충돌,교차로운행방법위반,건조,맑음,단일로 - 기타,승용,여,53세,상해없음,승용,남,39세,경상
2020061700100583,2020년 6월 17일 21시,수요일,광주광역시 광산구 수완동,경상사고,0,0,5,0,차대차 - 측면충돌,차로위반,젖음/습기,비,교차로 - 교차로부근,승용,여,25세,경상,승용,여,52세,경상
2020061700100616,2020년 6월 17일 22시,수요일,광주광역시 동구 광산동,경상사고,0,0,1,0,차대사람 - 기타,안전운전불이행,건조,흐림,교차로 - 교차로부근,승용,남,59세,상해없음,보행자,여,18세,경상
2020061700100618,2020년 6월 17일 22시,수요일,광주광역시 서구 쌍촌동,경상사고,0,0,2,0,차대차 - 측면충돌,안전운전불이행,건조,맑음,단일로 - 기타,승용,남,54세,기타불명,승용,남,60세,상해없음
2020061700100642,2020년 6월 17일 23시,수요일,광주광역시 북구 용두동,경상사고,0,0,1,0,차대차 - 추돌,안전운전불이행,젖음/습기,비,단일로 - 기타,승용,남,25세,상해없음,승용,남,55세,경상
2020061800100012,2020년 6월 18일 00시,목요일,광주광역시 북구 신용동,경상사고,0,0,1,0,차량단독 - 공작물충돌,안전운전불이행,젖음/습기,비,교차로 - 교차로안,승용,남,68세,상해없음,,,,
2020061800100026,2020년 6월 18일 01시,목요일,광주광역시 서구 풍암동,중상사고,0,1,1,0,차대차 - 추돌,중앙선침범,젖음/습기,비,단일로 - 기타,화물,남,43세,상해없음,승용,남,51세,중상
2020061800100039,2020년 6월 18일 02시,목요일,광주광역시 서구 쌍촌동,경상사고,0,0,1,0,차대차 - 추돌,안전운전불이행,건조,맑음,단일로 - 기타,기타불명,기타불명,미분류,기타불명,승용,남,57세,경상
2020061800100050,2020년 6월 18일 03시,목요일,광주광역시 광산구 오선동,경상사고,0,0,1,0,차대차 - 기타,안전운전불이행,건조,맑음,단일로 - 기타,화물,남,55세,경상,화물,남,57세,상해없음
2020061800100107,2020년 6월 18일 07시,목요일,광주광역시 남구 양림동,중상사고,0,1,0,0,차대사람 - 기타,안전운전불이행,젖음/습기,비,교차로 - 교차로횡단보도내,화물,남,57세,상해없음,보행자,여,75세,중상
2020061800100153,2020년 6월 18일 08시,목요일,광주광역시 북구 삼각동,경상사고,0,0,1,0,차대사람 - 횡단중,보행자보호의무위반,젖음/습기,비,교차로 - 교차로횡단보도내,화물,여,47세,상해없음,보행자,여,18세,경상
2020061800100154,2020년 6월 18일 08시,목요일,광주광역시 광산구 산월동,경상사고,0,0,1,0,차대차 - 기타,안전거리미확보,젖음/습기,비,교차로 - 교차로부근,승합,남,68세,상해없음,승용,여,54세,경상
2020061800100195,2020년 6월 18일 09시,목요일,광주광역시 동구 지산동,중상사고,0,1,0,0,차대차 - 기타,직진우회전진행방해,젖음/습기,비,교차로 - 교차로안,승용,여,28세,상해없음,이륜,남,59세,중상
2020061800100196,2020년 6월 18일 09시,목요일,광주광역시 남구 봉선동,경상사고,0,0,1,0,차량단독 - 기타,기타,건조,맑음,단일로 - 기타,승합,남,54세,상해없음,,,,
2020061800100296,2020년 6월 18일 12시,목요일,광주광역시 서구 치평동,부상신고사고,0,0,0,1,차대차 - 기타,안전운전불이행,젖음/습기,비,단일로 - 기타,이륜,남,22세,부상신고,화물,남,31세,상해없음
2020061800100358,2020년 6월 18일 14시,목요일,광주광역시 광산구 신가동,경상사고,0,0,1,0,차대차 - 측면충돌,교차로운행방법위반,젖음/습기,비,교차로 - 교차로안,승용,남,61세,상해없음,승용,여,49세,경상
2020061800100384,2020년 6월 18일 15시,목요일,광주광역시 북구 양산동,경상사고,0,0,4,0,차대차 - 추돌,안전거리미확보,젖음/습기,비,단일로 - 기타,승용,남,27세,상해없음,승용,남,39세,상해없음
2020061800100446,2020년 6월 18일 17시,목요일,광주광역시 서구 화정동,경상사고,0,0,1,0,차대차 - 추돌,안전운전불이행,젖음/습기,흐림,교차로 - 교차로부근,승합,남,28세,상해없음,승용,여,46세,경상
2020061800100447,2020년 6월 18일 17시,목요일,광주광역시 광산구 수완동,경상사고,0,0,1,0,차대차 - 측면충돌,차로위반,젖음/습기,비,단일로 - 기타,승용,여,42세,상해없음,이륜,남,18세,경상
2020061800100448,2020년 6월 18일 17시,목요일,광주광역시 광산구 우산동,경상사고,0,0,1,0,차대차 - 측면충돌,안전운전불이행,젖음/습기,비,교차로 - 교차로안,승용,여,50세,상해없음,자전거,남,29세,경상
2020061800100484,2020년 6월 18일 18시,목요일,광주광역시 광산구 도산동,중상사고,0,1,0,0,차대차 - 기타,안전운전불이행,젖음/습기,비,단일로 - 기타,자전거,여,59세,중상,승용,남,66세,상해없음
2020061800100523,2020년 6월 18일 19시,목요일,광주광역시 서구 치평동,경상사고,0,0,1,0,차대차 - 측면충돌,차로위반,젖음/습기,비,단일로 - 기타,승용,남,51세,상해없음,승용,남,23세,경상
2020061800100524,2020년 6월 18일 19시,목요일,광주광역시 남구 진월동,중상사고,0,1,0,0,차대차 - 측면충돌,신호위반,젖음/습기,흐림,교차로 - 교차로안,화물,남,25세,상해없음,원동기,남,36세,중상
2020061800100525,2020년 6월 18일 19시,목요일,광주광역시 북구 일곡동,경상사고,0,0,3,0,차대차 - 기타,안전운전불이행,젖음/습기,비,단일로 - 기타,승용,남,61세,기타불명,승용,남,36세,경상
2020061800100526,2020년 6월 18일 19시,목요일,광주광역시 광산구 흑석동,경상사고,0,0,1,1,차대차 - 측면충돌,신호위반,젖음/습기,비,단일로 - 기타,이륜,남,17세,부상신고,승용,여,57세,경상
2020061800100555,2020년 6월 18일 20시,목요일,광주광역시 북구 오치동,중상사고,0,1,0,0,차대사람 - 횡단중,안전운전불이행,건조,맑음,교차로 - 교차로부근,승용,여,42세,상해없음,보행자,남,53세,중상
2020061800100556,2020년 6월 18일 20시,목요일,광주광역시 광산구 신가동,경상사고,0,0,1,0,차대사람 - 기타,안전운전불이행,젖음/습기,비,단일로 - 기타,승용,남,28세,상해없음,보행자,여,46세,경상
2020061800100595,2020년 6월 18일 21시,목요일,광주광역시 남구 구동,경상사고,0,0,1,0,차량단독 - 기타,기타,건조,맑음,단일로 - 기타,승용,남,49세,상해없음,,,,
2020061800100618,2020년 6월 18일 22시,목요일,광주광역시 남구 진월동,중상사고,0,1,0,0,차대사람 - 횡단중,안전운전불이행,젖음/습기,비,단일로 - 기타,승용,남,61세,상해없음,보행자,남,48세,중상
2020061800100636,2020년 6월 18일 23시,목요일,광주광역시 동구 장동,경상사고,0,0,1,0,차대차 - 측면충돌,안전운전불이행,젖음/습기,흐림,단일로 - 기타,승용,여,27세,상해없음,승용,남,41세,경상
2020061900100022,2020년 6월 19일 01시,금요일,광주광역시 광산구 쌍암동,경상사고,0,0,1,0,차대차 - 후진중충돌,안전운전불이행,건조,맑음,단일로 - 기타,승용,남,60세,상해없음,승용,남,21세,경상
2020061900100093,2020년 6월 19일 07시,금요일,광주광역시 동구 산수동,경상사고,0,0,1,0,차대차 - 기타,안전운전불이행,건조,맑음,교차로 - 교차로횡단보도내,승용,남,53세,상해없음,자전거,여,23세,경상
2020061900100292,2020년 6월 19일 12시,금요일,광주광역시 동구 학동,중상사고,0,1,0,0,차대사람 - 기타,안전운전불이행,건조,맑음,교차로 - 교차로안,화물,남,62세,상해없음,보행자,여,60세,중상
2020061900100293,2020년 6월 19일 12시,금요일,광주광역시 광산구 신가동,중상사고,0,1,0,0,차대차 - 기타,안전운전불이행,건조,맑음,교차로 - 교차로안,승용,여,57세,상해없음,이륜,남,20세,중상
2020061900100357,2020년 6월 19일 14시,금요일,광주광역시 광산구 수완동,경상사고,0,0,1,0,차대사람 - 기타,안전운전불이행,건조,맑음,단일로 - 기타,승용,남,66세,상해없음,보행자,여,40세,경상
2020061900100410,2020년 6월 19일 15시,금요일,광주광역시 북구 동림동,경상사고,0,0,1,0,차대차 - 측면충돌,차로위반,건조,맑음,단일로 - 기타,화물,남,68세,상해없음,승용,남,46세,경상
2020061900100522,2020년 6월 19일 17시,금요일,광주광역시 서구 마륵동,경상사고,0,0,3,0,차대차 - 추돌,안전거리미확보,건조,흐림,단일로 - 기타,승용,남,64세,상해없음,승용,남,33세,경상
2020061900100523,2020년 6월 19일 17시,금요일,광주광역시 북구 풍향동,경상사고,0,0,2,0,차대차 - 추돌,안전운전불이행,건조,맑음,교차로 - 교차로부근,승용,남,54세,상해없음,승용,여,24세,경상
2020061900100524,2020년 6월 19일 17시,금요일,광주광역시 광산구 도천동,경상사고,0,0,1,0,차대차 - 기타,교차로운행방법위반,건조,맑음,교차로 - 교차로부근,승용,남,30세,상해없음,건설기계,남,54세,경상
2020061900100574,2020년 6월 19일 18시,금요일,광주광역시 북구 용봉동,경상사고,0,0,1,0,차대차 - 측면충돌,안전운전불이행,건조,맑음,교차로 - 교차로부근,승용,여,60세,상해없음,승용,여,34세,경상
2020061900100620,2020년 6월 19일 19시,금요일,광주광역시 서구 광천동,경상사고,0,0,1,0,차대차 - 측면충돌,차로위반,건조,흐림,단일로 - 기타,승용,남,18세,상해없음,승용,여,54세,경상
2020061900100621,2020년 6월 19일 19시,금요일,광주광역시 남구 월산동,경상사고,0,0,1,0,차대차 - 기타,안전운전불이행,건조,맑음,단일로 - 기타,승합,남,56세,기타불명,승용,남,53세,경상
2020061900100622,2020년 6월 19일 19시,금요일,광주광역시 광산구 서봉동,중상사고,0,1,6,0,차대차 - 추돌,안전운전불이행,건조,맑음,교차로 - 교차로안,승용,남,32세,상해없음,화물,남,43세,중상