사고번호,사고일시,요일,시군구,사고내용,사망자수,중상자수,경상자수,부상신고자수,사고유형,법규위반,노면상태,기상상태,도로형태,가해운전자 차종,가해운전자 성별,가해운전자 연령,가해운전자 상해정도,피해운전자 차종,피해운전자 성별,피해운전자 연령,피해운전자 상해정도
2020061900100659,2020년 6월 19일 20시,금요일,광주광역시 북구 오치동,경상사고,0,0,1,0,차대사람 - 횡단중,안전운전불이행,건조,맑음,교차로 - 교차로안,승용,남,63세,상해없음,보행자,남,8세,경상
2020061900100660,2020년 6월 19일 20시,금요일,광주광역시 북구 양산동,경상사고,0,0,2,0,차대차 - 측면충돌,교차로운행방법위반,건조,맑음,교차로 - 교차로안,승용,남,34세,상해없음,승용,여,20세,경상
2020061900100697,2020년 6월 19일 21시,금요일,광주광역시 서구 유촌동,부상신고사고,0,0,0,2,차대차 - 측면충돌,안전운전불이행,건조,맑음,교차로 - 교차로안,승용,남,55세,상해없음,승용,남,49세,부상신고
2020061900100698,2020년 6월 19일 21시,금요일,광주광역시 광산구 하남동,경상사고,0,0,1,0,차대차 - 측면충돌,안전운전불이행,건조,맑음,교차로 - 교차로안,승용,남,33세,상해없음,승용,남,50세,경상
2020061900100727,2020년 6월 19일 22시,금요일,광주광역시 북구 동림동,경상사고,0,0,1,0,차대차 - 기타,중앙선침범,건조,맑음,단일로 - 기타,승용,남,67세,기타불명,승용,남,34세,경상
2020061900100728,2020년 6월 19일 22시,금요일,광주광역시 북구 두암동,중상사고,0,1,1,0,차대차 - 추돌,안전운전불이행,건조,맑음,단일로 - 기타,승용,남,55세,상해없음,승용,남,80세,경상
2020062000100062,2020년 6월 20일 04시,토요일,광주광역시 서구 풍암동,중상사고,0,4,2,0,차대차 - 측면충돌,과속,건조,맑음,단일로 - 기타,승용,남,17세,중상,승용,남,60세,경상
2020062000100080,2020년 6월 20일 06시,토요일,광주광역시 광산구 신가동,경상사고,0,0,1,0,차대차 - 측면충돌,안전거리미확보,건조,맑음,단일로 - 기타,승용,남,23세,상해없음,승용,남,44세,경상
2020062000100097,2020년 6월 20일 07시,토요일,광주광역시 광산구 대산동,중상사고,0,1,0,0,차대차 - 기타,안전운전불이행,건조,맑음,단일로 - 기타,이륜,여,67세,중상,화물,남,54세,상해없음
2020062000100154,2020년 6월 20일 09시,토요일,광주광역시 북구 중흥동,경상사고,0,0,1,0,차대차 - 기타,안전운전불이행,건조,맑음,단일로 - 기타,화물,남,27세,상해없음,화물,남,56세,경상
2020062000100225,2020년 6월 20일 11시,토요일,광주광역시 북구 삼각동,중상사고,0,1,0,1,차대차 - 기타,직진우회전진행방해,건조,맑음,교차로 - 교차로안,이륜,남,59세,중상,화물,남,60세,부상신고
2020062000100226,2020년 6월 20일 11시,토요일,광주광역시 광산구 월계동,경상사고,0,0,4,0,차대차 - 추돌,안전거리미확보,건조,맑음,교차로 - 교차로부근,승용,남,55세,상해없음,승용,남,26세,경상
2020062000100287,2020년 6월 20일 12시,토요일,광주광역시 북구 양산동,경상사고,0,0,1,0,차대차 - 측면충돌,안전운전불이행,건조,맑음,단일로 - 기타,승용,남,51세,상해없음,승용,남,44세,경상
2020062000100363,2020년 6월 20일 14시,토요일,광주광역시 북구 일곡동,경상사고,0,0,2,0,차대차 - 기타,안전운전불이행,건조,맑음,단일로 - 기타,승용,여,40세,경상,화물,남,69세,경상
2020062000100405,2020년 6월 20일 15시,토요일,광주광역시 광산구 산정동,경상사고,0,0,3,0,차대차 - 추돌,과속,건조,맑음,교차로 - 교차로안,승용,남,59세,상해없음,승용,여,65세,경상
2020062000100444,2020년 6월 20일 16시,토요일,광주광역시 서구 농성동,경상사고,0,0,2,0,차대차 - 측면충돌,차로위반,건조,맑음,단일로 - 기타,승용,남,45세,상해없음,승용,남,27세,경상
2020062000100485,2020년 6월 20일 17시,토요일,광주광역시 광산구 월곡동,경상사고,0,0,3,0,차대차 - 측면충돌,안전운전불이행,건조,맑음,교차로 - 교차로부근,승용,남,46세,상해없음,승용,남,66세,상해없음
2020062000100568,2020년 6월 20일 19시,토요일,광주광역시 서구 치평동,부상신고사고,0,0,0,1,차량단독 - 기타,안전운전불이행,건조,맑음,단일로 - 기타,승용,남,56세,상해없음,,,,
2020062000100569,2020년 6월 20일 19시,토요일,광주광역시 북구 신안동,경상사고,0,0,2,0,차대차 - 기타,안전운전불이행,건조,맑음,교차로 - 교차로안,승용,남,56세,상해없음,승용,남,52세,경상
2020062000100599,2020년 6월 20일 20시,토요일,광주광역시 광산구 도천동,중상사고,0,1,0,0,차대차 - 기타,안전운전불이행,건조,맑음,교차로 - 교차로부근,승용,남,36세,상해없음,이륜,남,40세,중상
2020062000100600,2020년 6월 20일 20시,토요일,광주광역시 광산구 우산동,경상사고,0,0,1,0,차량단독 - 전도전복 - 전도,안전운전불이행,건조,맑음,단일로 - 기타,이륜,남,76세,경상,,,,
2020062000100601,2020년 6월 20일 20시,토요일,광주광역시 광산구 수완동,중상사고,0,1,1,0,차대차 - 측면충돌,안전운전불이행,건조,맑음,단일로 - 기타,이륜,남,25세,중상,승용,남,65세,경상
2020062000100657,2020년 6월 20일 22시,토요일,광주광역시 동구 금동,경상사고,0,0,4,0,차대차 - 기타,차로위반,건조,맑음,단일로 - 기타,승용,남,33세,상해없음,승용,남,71세,경상
2020062000100658,2020년 6월 20일 22시,토요일,광주광역시 서구 치평동,경상사고,0,0,1,0,차대차 - 측면충돌,안전운전불이행,건조,맑음,단일로 - 기타,승용,여,45세,상해없음,승용,남,34세,경상
2020062000100659,2020년 6월 20일 22시,토요일,광주광역시 서구 치평동,경상사고,0,0,1,0,차대사람 - 기타,안전운전불이행,건조,맑음,단일로 - 기타,승용,남,36세,상해없음,보행자,남,25세,경상
2020062000100673,2020년 6월 20일 23시,토요일,광주광역시 광산구 월계동,경상사고,0,0,1,0,차대차 - 측면충돌,교차로운행방법위반,건조,맑음,교차로 - 교차로안,승용,남,47세,상해없음,이륜,남,18세,경상
2020062100100036,2020년 6월 21일 01시,일요일,광주광역시 북구 운암동,경상사고,0,0,1,0,차대차 - 기타,안전운전불이행,건조,맑음,기타 - 기타,승용,남,21세,경상,승용,남,22세,상해없음
2020062100100037,2020년 6월 21일 01시,일요일,광주광역시 북구 운암동,경상사고,0,0,3,0,차대차 - 측면충돌,안전운전불이행,건조,맑음,단일로 - 기타,승용,남,24세,상해없음,승용,남,59세,경상
2020062100100038,2020년 6월 21일 01시,일요일,광주광역시 광산구 월계동,경상사고,0,0,1,0,차대차 - 측면충돌,안전운전불이행,건조,맑음,교차로 - 교차로부근,승용,남,50세,상해없음,승용,남,45세,기타불명
2020062100100048,2020년 6월 21일 02시,일요일,광주광역시 동구 계림동,중상사고,0,1,0,0,차대사람 - 기타,신호위반,건조,맑음,교차로 - 교차로부근,승용,남,51세,상해없음,보행자,남,56세,중상
2020062100100067,2020년 6월 21일 04시,일요일,광주광역시 북구 연제동,경상사고,0,0,1,0,차대차 - 기타,안전운전불이행,건조,맑음,단일로 - 기타,기타불명,기타불명,미분류,기타불명,승용,남,61세,상해없음
2020062100100068,2020년 6월 21일 04시,일요일,광주광역시 광산구 신가동,중상사고,0,1,0,0,차대사람 - 기타,안전운전불이행,건조,맑음,단일로 - 기타,화물,남,55세,상해없음,보행자,남,28세,중상
2020062100100088,2020년 6월 21일 06시,일요일,광주광역시 남구 주월동,경상사고,0,0,1,0,차대차 - 측면충돌,신호위반,건조,맑음,교차로 - 교차로안,이륜,남,65세,상해없음,승용,여,44세,경상
2020062100100089,2020년 6월 21일 06시,일요일,광주광역시 북구 일곡동,경상사고,0,0,1,1,차대차 - 측면충돌,신호위반,건조,맑음,교차로 - 교차로안,승합,남,45세,부상신고,승용,남,38세,경상
2020062100100090,2020년 6월 21일 06시,일요일,광주광역시 북구 일곡동,경상사고,0,0,3,0,차대차 - 측면충돌,안전운전불이행,건조,맑음,기타 - 기타,화물,남,73세,경상,승용,남,55세,경상
2020062100100091,2020년 6월 21일 06시,일요일,광주광역시 광산구 하남동,중상사고,0,1,0,0,차량단독 - 기타,안전운전불이행,건조,맑음,단일로 - 기타,이륜,남,16세,중상,,,,
2020062100100104,2020년 6월 21일 07시,일요일,광주광역시 북구 임동,경상사고,0,0,1,0,차대차 - 측면충돌,신호위반,건조,맑음,교차로 - 교차로안,승용,남,61세,상해없음,승용,남,29세,경상
2020062100100113,2020년 6월 21일 08시,일요일,광주광역시 서구 치평동,경상사고,0,0,2,0,차대차 - 추돌,안전운전불이행,건조,맑음,단일로 - 기타,승용,남,39세,상해없음,승용,남,41세,경상
2020062100100131,2020년 6월 21일 09시,일요일,광주광역시 광산구 산월동,경상사고,0,0,4,0,차대차 - 측면충돌,안전운전불이행,건조,맑음,교차로 - 교차로안,승용,남,39세,상해없음,승용,남,37세,경상
2020062100100155,2020년 6월 21일 10시,일요일,광주광역시 북구 중흥동,경상사고,0,0,3,0,차대차 - 추돌,안전거리미확보,건조,맑음,단일로 - 기타,승용,남,61세,경상,승용,남,39세,경상
2020062100100233,2020년 6월 21일 13시,일요일,광주광역시 동구 소태동,경상사고,0,0,1,0,차대차 - 기타,안전거리미확보,건조,맑음,단일로 - 기타,승용,여,35세,상해없음,승용,남,47세,경상
2020062100100234,2020년 6월 21일 13시,일요일,광주광역시 남구 주월동,경상사고,0,0,1,0,차대차 - 추돌,안전거리미확보,건조,맑음,단일로 - 기타,승용,남,76세,상해없음,승용,남,61세,경상
2020062100100303,2020년 6월 21일 15시,일요일,광주광역시 서구 금호동,경상사고,0,0,1,4,차대차 - 측면충돌,안전운전불이행,건조,맑음,단일로 - 기타,승용,남,23세,경상,승용,여,58세,부상신고
2020062100100304,2020년 6월 21일 15시,일요일,광주광역시 북구 두암동,경상사고,0,0,1,0,차대차 - 기타,안전운전불이행,건조,맑음,단일로 - 기타,자전거,남,6세,경상,승용,남,65세,상해없음
2020062100100332,2020년 6월 21일 16시,일요일,광주광역시 서구 광천동,경상사고,0,0,6,0,차대차 - 측면충돌,교차로운행방법위반,건조,맑음,교차로 - 교차로부근,승용,남,35세,경상,승용,남,24세,경상
2020062100100333,2020년 6월 21일 16시,일요일,광주광역시 서구 치평동,경상사고,0,0,4,0,차대차 - 측면충돌,차로위반,건조,맑음,교차로 - 교차로부근,승용,여,64세,기타불명,승용,남,37세,경상
2020062100100334,2020년 6월 21일 16시,일요일,광주광역시 광산구 황룡동,경상사고,0,0,2,0,차대차 - 측면충돌,중앙선침범,건조,맑음,단일로 - 기타,승용,남,46세,상해없음,승용,남,52세,경상
2020062100100376,2020년 6월 21일 17시,일요일,광주광역시 북구 신안동,경상사고,0,0,1,1,차대차 - 기타,안전운전불이행,건조,맑음,단일로 - 기타,이륜,남,27세,경상,승용,남,59세,부상신고
2020062100100402,2020년 6월 21일 18시,일요일,광주광역시 광산구 수완동,경상사고,0,0,4,0,차대차 - 기타,교차로운행방법위반,건조,흐림,교차로 - 교차로횡단보도내,승용,여,49세,기타불명,승용,남,35세,경상
2020062100100427,2020년 6월 21일 19시,일요일,광주광역시 광산구 운남동,중상사고,0,1,0,0,차대사람 - 횡단중,보행자보호의무위반,건조,맑음,교차로 - 교차로횡단보도내,승용,여,26세,상해없음,보행자,여,56세,중상
2020062100100500,2020년 6월 21일 22시,일요일,광주광역시 광산구 도산동,경상사고,0,0,1,0,차대차 - 후진중충돌,안전운전불이행,건조,맑음,교차로 - 교차로안,화물,남,57세,상해없음,이륜,남,30세,경상
2020062200100064,2020년 6월 22일 06시,월요일,광주광역시 북구 운암동,중상사고,0,1,1,0,차대차 - 기타,중앙선침범,건조,맑음,단일로 - 기타,승용,남,37세,상해없음,승용,남,58세,중상
2020062200100091,2020년 6월 22일 07시,월요일,광주광역시 남구 방림동,경상사고,0,0,1,0,차대차 - 추돌,안전거리미확보,건조,맑음,교차로 - 교차로부근,화물,남,46세,상해없음,승용,남,41세,경상
2020062200100140,2020년 6월 22일 08시,월요일,광주광역시 북구 양산동,경상사고,0,0,1,0,차대사람 - 횡단중,보행자보호의무위반,건조,맑음,교차로 - 교차로안,승용,남,29세,상해없음,보행자,여,11세,경상
2020062200100141,2020년 6월 22일 08시,월요일,광주광역시 북구 용봉동,경상사고,0,0,1,0,차대차 - 기타,안전운전불이행,건조,맑음,단일로 - 기타,승용,남,50세,상해없음,승용,여,36세,경상
2020062200100180,2020년 6월 22일 09시,월요일,광주광역시 서구 유촌동,경상사고,0,0,1,0,차대차 - 추돌,안전거리미확보,건조,맑음,단일로 - 기타,승용,남,74세,상해없음,승용,남,33세,경상
2020062200100181,2020년 6월 22일 09시,월요일,광주광역시 서구 양동,중상사고,0,1,0,0,차대차 - 측면충돌,안전운전불이행,건조,맑음,단일로 - 기타,승용,남,63세,상해없음,자전거,남,84세,중상
2020062200100182,2020년 6월 22일 09시,월요일,광주광역시 북구 신안동,중상사고,0,1,0,0,차대사람 - 기타,안전운전불이행,건조,맑음,단일로 - 기타,승용,남,29세,상해없음,보행자,남,61세,중상
2020062200100228,2020년 6월 22일 10시,월요일,광주광역시 남구 월산동,중상사고,0,1,0,0,차대차 - 측면충돌,안전운전불이행,건조,맑음,단일로 - 기타,원동기,남,73세,중상,승용,남,67세,상해없음
2020062200100229,2020년 6월 22일 10시,월요일,광주광역시 북구 운암동,경상사고,0,0,2,0,차대차 - 기타,안전거리미확보,건조,맑음,단일로 - 고가도로위,건설기계,남,49세,상해없음,승용,남,59세,경상
2020062200100307,2020년 6월 22일 12시,월요일,광주광역시 서구 내방동,중상사고,0,1,0,0,차대차 - 기타,안전운전불이행,건조,맑음,단일로 - 기타,화물,남,55세,상해없음,자전거,남,30세,중상
2020062200100348,2020년 6월 22일 13시,월요일,광주광역시 서구 치평동,경상사고,0,0,2,0,차대차 - 측면충돌,기타,건조,맑음,단일로 - 기타,승용,여,35세,상해없음,승용,여,55세,경상
2020062200100393,2020년 6월 22일 14시,월요일,광주광역시 동구 산수동,경상사고,0,0,1,0,차대사람 - 기타,안전운전불이행,건조,맑음,단일로 - 기타,건설기계,남,54세,상해없음,보행자,남,77세,경상
2020062200100394,2020년 6월 22일 14시,월요일,광주광역시 북구 동림동,경상사고,0,0,1,0,차대차 - 측면충돌,안전운전불이행,건조,맑음,단일로 - 기타,승용,여,30세,상해없음,승용,남,38세,경상
2020062200100497,2020년 6월 22일 16시,월요일,광주광역시 서구 쌍촌동,경상사고,0,0,1,0,차대차 - 추돌,안전거리미확보,건조,맑음,단일로 - 기타,승용,여,26세,상해없음,화물,남,40세,상해없음
2020062200100498,2020년 6월 22일 16시,월요일,광주광역시 광산구 월계동,중상사고,0,1,2,0,차대차 - 추돌,안전운전불이행,건조,맑음,단일로 - 기타,승용,남,30세,상해없음,승용,여,40세,경상
2020062200100557,2020년 6월 22일 17시,월요일,광주광역시 서구 치평동,경상사고,0,0,1,0,차대차 - 기타,신호위반,건조,맑음,교차로 - 교차로안,승용,남,55세,상해없음,승용,남,44세,경상
2020062200100558,2020년 6월 22일 17시,월요일,광주광역시 북구 신안동,경상사고,0,0,1,0,차대차 - 기타,안전운전불이행,건조,맑음,단일로 - 기타,승용,남,64세,상해없음,승용,여,27세,경상
2020062200100559,2020년 6월 22일 17시,월요일,광주광역시 광산구 장덕동,경상사고,0,0,1,1,차대차 - 측면충돌,신호위반,건조,맑음,교차로 - 교차로안,화물,남,31세,부상신고,화물,여,47세,경상
2020062200100560,2020년 6월 22일 17시,월요일,광주광역시 광산구 월곡동,경상사고,0,0,1,0,차대차 - 기타,안전운전불이행,건조,맑음,단일로 - 기타,이륜,남,41세,경상,승용,남,52세,상해없음
2020062200100598,2020년 6월 22일 18시,월요일,광주광역시 서구 쌍촌동,경상사고,0,0,1,0,차대차 - 기타,중앙선침범,건조,맑음,단일로 - 기타,승용,남,43세,상해없음,원동기,남,31세,경상
2020062200100599,2020년 6월 22일 18시,월요일,광주광역시 서구 양동,중상사고,0,1,0,0,차대차 - 기타,교차로운행방법위반,건조,맑음,교차로 - 교차로안,자전거,여,65세,중상,이륜,남,65세,상해없음
2020062200100600,2020년 6월 22일 18시,월요일,광주광역시 남구 양림동,경상사고,0,0,3,0,차대차 - 측면충돌,직진우회전진행방해,건조,맑음,교차로 - 교차로안,승용,남,36세,경상,승용,여,45세,경상
2020062200100601,2020년 6월 22일 18시,월요일,광주광역시 북구 두암동,중상사고,0,1,0,0,차대사람 - 기타,안전운전불이행,건조,맑음,단일로 - 기타,이륜,남,37세,상해없음,보행자,남,67세,중상
2020062200100602,2020년 6월 22일 18시,월요일,광주광역시 광산구 우산동,경상사고,0,0,1,0,차대사람 - 보도통행중,기타,건조,맑음,기타 - 기타,승용,남,51세,상해없음,보행자,여,58세,경상
2020062200100641,2020년 6월 22일 19시,월요일,광주광역시 남구 방림동,경상사고,0,0,6,0,차대차 - 측면충돌,신호위반,건조,맑음,교차로 - 교차로안,승용,여,26세,경상,승합,남,50세,경상
2020062200100666,2020년 6월 22일 20시,월요일,광주광역시 동구 지산동,경상사고,0,0,1,0,차대차 - 기타,중앙선침범,건조,맑음,단일로 - 기타,승용,여,31세,상해없음,원동기,남,29세,경상
2020062200100702,2020년 6월 22일 21시,월요일,광주광역시 북구 신안동,경상사고,0,0,3,0,차대차 - 정면충돌,신호위반,건조,맑음,교차로 - 교차로부근,승용,여,34세,상해없음,승용,남,24세,경상
2020062200100723,2020년 6월 22일 22시,월요일,광주광역시 북구 두암동,경상사고,0,0,1,0,차량단독 - 기타,안전운전불이행,건조,맑음,단일로 - 기타,승용,남,68세,상해없음,,,,
2020062200100724,2020년 6월 22일 22시,월요일,광주광역시 광산구 월계동,중상사고,0,1,1,0,차대차 - 측면충돌,불법유턴,건조,맑음,교차로 - 교차로안,이륜,남,30세,경상,이륜,남,16세,중상
2020062300100059,2020년 6월 23일 06시,화요일,광주광역시 동구 충장로5가,경상사고,0,0,1,0,차대차 - 측면충돌,안전운전불이행,건조,맑음,교차로 - 교차로안,화물,남,42세,상해없음,자전거,남,26세,경상
2020062300100060,2020년 6월 23일 06시,화요일,광주광역시 서구 농성동,경상사고,0,0,1,0,차대차 - 측면충돌,안전운전불이행,건조,맑음,교차로 - 교차로부근,이륜,남,71세,경상,승용,남,42세,상해없음
2020062300100097,2020년 6월 23일 07시,화요일,광주광역시 광산구 송정동,경상사고,0,0,1,0,차대사람 - 횡단중,안전운전불이행,건조,맑음,단일로 - 기타,승용,남,68세,상해없음,보행자,여,25세,경상
2020062300100144,2020년 6월 23일 08시,화요일,광주광역시 동구 금동,경상사고,0,0,1,0,차대차 - 기타,교차로운행방법위반,건조,맑음,교차로 - 교차로안,승용,남,60세,상해없음,승용,여,38세,경상
2020062300100190,2020년 6월 23일 09시,화요일,광주광역시 북구 오룡동,경상사고,0,0,2,0,차대차 - 측면충돌,신호위반,건조,맑음,교차로 - 교차로안,화물,남,42세,경상,화물,남,26세,경상
2020062300100229,2020년 6월 23일 10시,화요일,광주광역시 동구 계림동,경상사고,0,0,1,0,차대차 - 기타,불법유턴,건조,맑음,교차로 - 교차로부근,자전거,남,78세,경상,승합,남,65세,상해없음
2020062300100230,2020년 6월 23일 10시,화요일,광주광역시 광산구 진곡동,경상사고,0,0,1,0,차대차 - 측면충돌,안전거리미확보,건조,맑음,단일로 - 기타,승용,남,40세,상해없음,승용,남,63세,경상
2020062300100275,2020년 6월 23일 11시,화요일,광주광역시 북구 용봉동,경상사고,0,0,3,0,차대차 - 측면충돌,안전운전불이행,건조,맑음,단일로 - 기타,승용,남,46세,경상,승용,남,40세,경상
2020062300100332,2020년 6월 23일 13시,화요일,광주광역시 남구 주월동,경상사고,0,0,7,1,차대차 - 추돌,안전운전불이행,건조,흐림,단일로 - 기타,승합,남,62세,경상,승용,남,44세,경상
2020062300100361,2020년 6월 23일 14시,화요일,광주광역시 서구 농성동,경상사고,0,0,4,0,차대차 - 측면충돌,교차로운행방법위반,건조,맑음,교차로 - 교차로안,승용,여,60세,상해없음,승용,남,50세,경상
2020062300100362,2020년 6월 23일 14시,화요일,광주광역시 서구 광천동,경상사고,0,0,2,0,차대차 - 측면충돌,차로위반,건조,맑음,단일로 - 기타,승용,여,25세,상해없음,화물,남,27세,경상
2020062300100363,2020년 6월 23일 14시,화요일,광주광역시 남구 송하동,경상사고,0,0,1,0,차대차 - 후진중충돌,안전운전불이행,건조,맑음,단일로 - 기타,화물,남,55세,상해없음,승용,남,40세,경상
2020062300100364,2020년 6월 23일 14시,화요일,광주광역시 광산구 운수동,경상사고,0,0,2,0,차대차 - 기타,안전운전불이행,건조,맑음,교차로 - 교차로부근,화물,남,76세,상해없음,승용,남,27세,경상
2020062300100435,2020년 6월 23일 16시,화요일,광주광역시 북구 용봉동,경상사고,0,0,2,0,차대차 - 추돌,안전운전불이행,건조,맑음,단일로 - 기타,이륜,남,25세,기타불명,승용,여,48세,경상
2020062300100436,2020년 6월 23일 16시,화요일,광주광역시 북구 신안동,부상신고사고,0,0,0,1,차대사람 - 횡단중,보행자보호의무위반,건조,맑음,교차로 - 교차로횡단보도내,승용,여,67세,상해없음,보행자,여,18세,부상신고
2020062300100437,2020년 6월 23일 16시,화요일,광주광역시 광산구 진곡동,경상사고,0,0,2,0,차대차 - 기타,안전운전불이행,건조,맑음,단일로 - 기타,이륜,남,30세,경상,화물,남,38세,경상
2020062300100438,2020년 6월 23일 16시,화요일,광주광역시 광산구 소촌동,경상사고,0,0,1,0,차대차 - 측면충돌,안전운전불이행,건조,맑음,교차로 - 교차로안,승용,남,72세,상해없음,승용,여,48세,경상
2020062300100485,2020년 6월 23일 17시,화요일,광주광역시 남구 주월동,경상사고,0,0,3,0,차대차 - 측면충돌,안전운전불이행,건조,맑음,교차로 - 교차로안,승용,여,65세,경상,승용,여,26세,경상
2020062300100486,2020년 6월 23일 17시,화요일,광주광역시 북구 두암동,경상사고,0,0,1,0,차대사람 - 횡단중,안전운전불이행,건조,맑음,단일로 - 기타,승용,여,34세,상해없음,보행자,여,67세,경상
2020062300100543,2020년 6월 23일 18시,화요일,광주광역시 서구 벽진동,경상사고,0,0,1,0,차대차 - 기타,안전거리미확보,건조,맑음,단일로 - 기타,승용,남,39세,상해없음,승합,남,23세,경상
2020062300100544,2020년 6월 23일 18시,화요일,광주광역시 북구 오치동,중상사고,0,1,0,0,차대차 - 측면충돌,안전거리미확보,건조,맑음,단일로 - 기타,승용,남,71세,상해없음,이륜,남,31세,중상
2020062300100545,2020년 6월 23일 18시,화요일,광주광역시 북구 대촌동,경상사고,0,0,1,0,차대차 - 기타,안전거리미확보,건조,맑음,교차로 - 교차로부근,승용,남,59세,상해없음,승용,남,49세,경상
2020062300100546,2020년 6월 23일 18시,화요일,광주광역시 광산구 우산동,경상사고,0,0,1,0,차대차 - 측면충돌,교차로운행방법위반,건조,맑음,교차로 - 교차로안,승용,남,25세,상해없음,승용,남,35세,경상
2020062300100579,2020년 6월 23일 19시,화요일,광주광역시 서구 서창동,중상사고,0,1,1,0,차대차 - 측면충돌,직진우회전진행방해,건조,맑음,교차로 - 교차로안,승용,남,51세,상해없음,승용,남,78세,경상
2020062300100580,2020년 6월 23일 19시,화요일,광주광역시 남구 봉선동,경상사고,0,0,1,0,차대차 - 측면충돌,중앙선침범,건조,맑음,단일로 - 기타,승용,여,62세,상해없음,원동기,남,30세,경상
2020062300100652,2020년 6월 23일 21시,화요일,광주광역시 서구 덕흥동,경상사고,0,0,2,0,차대차 - 기타,중앙선침범,건조,맑음,단일로 - 기타,화물,남,22세,상해없음,승용,여,51세,경상
2020062300100653,2020년 6월 23일 21시,화요일,광주광역시 북구 우산동,경상사고,0,0,1,0,차대차 - 측면충돌,안전운전불이행,건조,맑음,교차로 - 교차로안,승용,남,48세,상해없음,승용,남,62세,경상
2020062300100654,2020년 6월 23일 21시,화요일,광주광역시 광산구 송정동,경상사고,0,0,1,0,차대사람 - 횡단중,보행자보호의무위반,건조,맑음,교차로 - 교차로횡단보도내,승용,여,63세,상해없음,보행자,여,19세,경상
2020062300100675,2020년 6월 23일 22시,화요일,광주광역시 서구 화정동,경상사고,0,0,5,0,차대차 - 측면충돌,차로위반,건조,흐림,단일로 - 기타,승용,남,18세,상해없음,승용,여,30세,경상
2020062300100676,2020년 6월 23일 22시,화요일,광주광역시 북구 각화동,경상사고,0,0,5,0,차대차 - 기타,차로위반,건조,맑음,교차로 - 교차로부근,승용,남,47세,상해없음,승용,남,33세,경상
2020062300100677,2020년 6월 23일 22시,화요일,광주광역시 광산구 하남동,경상사고,0,0,1,0,차대차 - 추돌,안전운전불이행,건조,맑음,단일로 - 기타,승용,남,39세,상해없음,승용,남,40세,경상
2020062300100695,2020년 6월 23일 23시,화요일,광주광역시 서구 쌍촌동,경상사고,0,0,1,0,차대차 - 기타,안전거리미확보,건조,맑음,교차로 - 교차로부근,승용,남,24세,상해없음,이륜,남,36세,경상
2020062300100696,2020년 6월 23일 23시,화요일,광주광역시 북구 용봉동,부상신고사고,0,0,0,1,차대차 - 기타,안전운전불이행,건조,맑음,교차로 - 교차로안,원동기,남,23세,부상신고,승용,남,62세,상해없음
2020062400100033,2020년 6월 24일 03시,수요일,광주광역시 서구 쌍촌동,경상사고,0,0,1,0,차대차 - 측면충돌,교차로운행방법위반,건조,맑음,교차로 - 교차로안,승용,남,39세,상해없음,승용,남,57세,상해없음
2020062400100041,2020년 6월 24일 04시,수요일,광주광역시 북구 청풍동,중상사고,0,1,2,0,차량단독 - 기타,과속,젖음/습기,흐림,교차로 - 교차로부근,승용,남,19세,기타불명,,,,
2020062400100062,2020년 6월 24일 06시,수요일,광주광역시 남구 노대동,경상사고,0,0,1,0,차대차 - 측면충돌,신호위반,젖음/습기,비,교차로 - 교차로안,승용,남,33세,상해없음,승용,여,63세,경상
2020062400100272,2020년 6월 24일 13시,수요일,광주광역시 서구 쌍촌동,경상사고,0,0,1,0,차대차 - 측면충돌,안전운전불이행,젖음/습기,비,단일로 - 기타,승용,여,49세,상해없음,승용,여,28세,경상
2020062400100319,2020년 6월 24일 14시,수요일,광주광역시 동구 대인동,경상사고,0,0,1,0,차대사람 - 차도통행중,안전운전불이행,젖음/습기,비,단일로 - 기타,승용,여,46세,상해없음,보행자,남,48세,경상
2020062400100320,2020년 6월 24일 14시,수요일,광주광역시 동구 동명동,경상사고,0,0,1,0,차대사람 - 기타,안전운전불이행,건조,맑음,단일로 - 기타,원동기,남,30세,기타불명,보행자,남,32세,경상
2020062400100321,2020년 6월 24일 14시,수요일,광주광역시 광산구 소촌동,경상사고,0,0,1,0,차대사람 - 차도통행중,안전운전불이행,젖음/습기,비,단일로 - 기타,승용,남,46세,상해없음,보행자,여,12세,경상
2020062400100361,2020년 6월 24일 15시,수요일,광주광역시 서구 화정동,부상신고사고,0,0,0,1,차대차 - 정면충돌,안전운전불이행,건조,맑음,교차로 - 교차로부근,승용,남,23세,상해없음,이륜,남,19세,부상신고
2020062400100399,2020년 6월 24일 16시,수요일,광주광역시 서구 치평동,경상사고,0,0,1,0,차대차 - 측면충돌,차로위반,건조,맑음,교차로 - 교차로부근,승용,여,44세,상해없음,승용,여,34세,경상
2020062400100400,2020년 6월 24일 16시,수요일,광주광역시 광산구 진곡동,경상사고,0,0,1,0,차대차 - 측면충돌,신호위반,건조,맑음,교차로 - 교차로안,승용,남,24세,상해없음,화물,남,29세,경상
2020062400100439,2020년 6월 24일 17시,수요일,광주광역시 광산구 소촌동,경상사고,0,0,2,0,차대차 - 측면충돌,교차로운행방법위반,건조,맑음,교차로 - 교차로안,원동기,남,19세,경상,승용,남,44세,경상
2020062400100485,2020년 6월 24일 18시,수요일,광주광역시 서구 치평동,경상사고,0,0,1,0,차대사람 - 횡단중,보행자보호의무위반,젖음/습기,비,단일로 - 기타,승용,여,44세,상해없음,보행자,여,61세,경상