사고번호,사고일시,요일,시군구,사고내용,사망자수,중상자수,경상자수,부상신고자수,사고유형,법규위반,노면상태,기상상태,도로형태,가해운전자 차종,가해운전자 성별,가해운전자 연령,가해운전자 상해정도,피해운전자 차종,피해운전자 성별,피해운전자 연령,피해운전자 상해정도
2020063000100453,2020년 6월 30일 18시,화요일,광주광역시 서구 치평동,중상사고,0,1,1,0,차대차 - 측면충돌,교차로운행방법위반,건조,맑음,교차로 - 교차로안,승용,남,47세,중상,승용,여,32세,경상
2020063000100454,2020년 6월 30일 18시,화요일,광주광역시 남구 봉선동,경상사고,0,0,3,0,차대차 - 기타,안전거리미확보,건조,맑음,단일로 - 기타,승용,여,47세,경상,승용,남,36세,경상
2020063000100478,2020년 6월 30일 19시,화요일,광주광역시 광산구 월계동,경상사고,0,0,1,0,차대차 - 측면충돌,교차로운행방법위반,젖음/습기,비,교차로 - 교차로안,승용,남,24세,상해없음,승용,남,41세,경상
2020063000100516,2020년 6월 30일 20시,화요일,광주광역시 서구 치평동,부상신고사고,0,0,0,1,차대차 - 기타,신호위반,젖음/습기,비,교차로 - 교차로안,기타불명,기타불명,미분류,기타불명,이륜,남,44세,부상신고
2020063000100517,2020년 6월 30일 20시,화요일,광주광역시 서구 풍암동,경상사고,0,0,1,0,차대차 - 측면충돌,안전운전불이행,젖음/습기,비,단일로 - 기타,화물,남,56세,상해없음,승용,남,25세,경상
2020063000100518,2020년 6월 30일 20시,화요일,광주광역시 서구 치평동,경상사고,0,0,4,0,차대차 - 측면충돌,안전운전불이행,젖음/습기,맑음,단일로 - 기타,승용,남,28세,경상,승용,남,22세,경상
2020063000100519,2020년 6월 30일 20시,화요일,광주광역시 북구 오치동,경상사고,0,0,4,0,차대차 - 측면충돌,교차로운행방법위반,젖음/습기,비,교차로 - 교차로안,승용,남,61세,기타불명,승용,남,28세,경상
2020063000100586,2020년 6월 30일 22시,화요일,광주광역시 북구 용봉동,경상사고,0,0,1,0,차대차 - 측면충돌,안전운전불이행,젖음/습기,비,단일로 - 기타,승용,여,48세,상해없음,승용,남,24세,경상
2020063000100627,2020년 6월 30일 23시,화요일,광주광역시 북구 임동,중상사고,0,2,0,0,차대차 - 측면충돌,신호위반,젖음/습기,비,교차로 - 교차로안,승용,남,33세,상해없음,승용,남,60세,중상
2020063000100628,2020년 6월 30일 23시,화요일,광주광역시 광산구 월계동,경상사고,0,0,1,0,차대차 - 기타,중앙선침범,젖음/습기,비,교차로 - 교차로안,화물,남,49세,상해없음,승용,남,53세,경상
2020070100100090,2020년 7월 1일 07시,수요일,광주광역시 북구 대촌동,경상사고,0,0,2,0,차대차 - 기타,안전운전불이행,건조,맑음,교차로 - 교차로안,승용,여,50세,경상,화물,남,49세,경상
2020070100100091,2020년 7월 1일 07시,수요일,광주광역시 광산구 비아동,중상사고,0,1,2,0,차대차 - 측면충돌,신호위반,건조,맑음,교차로 - 교차로안,화물,여,56세,중상,화물,남,37세,경상
2020070100100124,2020년 7월 1일 08시,수요일,광주광역시 북구 신용동,경상사고,0,0,2,0,차대차 - 측면충돌,안전운전불이행,건조,맑음,단일로 - 기타,승용,여,21세,상해없음,승용,여,58세,상해없음
2020070100100125,2020년 7월 1일 08시,수요일,광주광역시 광산구 수완동,경상사고,0,0,2,0,차대차 - 측면충돌,안전거리미확보,건조,맑음,단일로 - 기타,승용,남,66세,경상,승용,여,43세,경상
2020070100100165,2020년 7월 1일 09시,수요일,광주광역시 남구 백운동,경상사고,0,0,1,0,차대차 - 측면충돌,차로위반,건조,맑음,교차로 - 교차로안,승용,남,64세,상해없음,승용,여,32세,경상
2020070100100166,2020년 7월 1일 09시,수요일,광주광역시 북구 용봉동,경상사고,0,0,1,0,차대차 - 기타,안전운전불이행,건조,맑음,단일로 - 기타,승용,남,24세,상해없음,이륜,남,37세,경상
2020070100100188,2020년 7월 1일 10시,수요일,광주광역시 북구 유동,경상사고,0,0,1,0,차대차 - 측면충돌,안전운전불이행,건조,맑음,교차로 - 교차로안,개인형이동수단(PM),여,38세,경상,승용,남,70세,상해없음
2020070100100189,2020년 7월 1일 10시,수요일,광주광역시 북구 두암동,경상사고,0,0,1,0,차대차 - 기타,안전운전불이행,건조,맑음,단일로 - 기타,승용,남,64세,상해없음,화물,남,43세,경상
2020070100100220,2020년 7월 1일 11시,수요일,광주광역시 북구 운암동,부상신고사고,0,0,0,1,차대차 - 기타,교차로운행방법위반,건조,맑음,교차로 - 교차로안,승용,남,32세,상해없음,이륜,남,35세,부상신고
2020070100100221,2020년 7월 1일 11시,수요일,광주광역시 광산구 우산동,경상사고,0,0,1,0,차대차 - 추돌,안전운전불이행,건조,맑음,단일로 - 기타,승용,남,61세,상해없음,승용,남,28세,경상
2020070100100248,2020년 7월 1일 12시,수요일,광주광역시 서구 쌍촌동,경상사고,0,0,1,0,차대차 - 추돌,안전운전불이행,건조,맑음,교차로 - 교차로부근,승용,남,59세,상해없음,승용,남,33세,경상
2020070100100249,2020년 7월 1일 12시,수요일,광주광역시 북구 대촌동,경상사고,0,0,2,0,차대차 - 기타,안전운전불이행,건조,맑음,교차로 - 교차로부근,승용,여,51세,경상,화물,남,21세,경상
2020070100100303,2020년 7월 1일 14시,수요일,광주광역시 광산구 운남동,경상사고,0,0,1,0,차대차 - 측면충돌,차로위반,건조,맑음,단일로 - 기타,승용,여,28세,상해없음,화물,남,58세,경상
2020070100100360,2020년 7월 1일 16시,수요일,광주광역시 서구 광천동,경상사고,0,0,3,0,차대차 - 측면충돌,차로위반,건조,맑음,교차로 - 교차로부근,승용,남,69세,경상,승용,남,34세,경상
2020070100100361,2020년 7월 1일 16시,수요일,광주광역시 남구 주월동,중상사고,0,1,0,0,차대사람 - 횡단중,안전운전불이행,건조,맑음,단일로 - 기타,이륜,남,32세,상해없음,보행자,여,6세,중상
2020070100100395,2020년 7월 1일 17시,수요일,광주광역시 북구 용봉동,경상사고,0,0,2,0,차대차 - 기타,신호위반,건조,맑음,교차로 - 교차로안,이륜,남,17세,경상,개인형이동수단(PM),남,22세,경상
2020070200100020,2020년 7월 2일 01시,목요일,광주광역시 서구 내방동,경상사고,0,0,1,0,차대차 - 측면충돌,신호위반,건조,맑음,교차로 - 교차로안,승용,남,30세,상해없음,승용,남,52세,경상
2020070200100054,2020년 7월 2일 06시,목요일,광주광역시 광산구 운남동,경상사고,0,0,1,0,차대차 - 측면충돌,안전거리미확보,건조,맑음,교차로 - 교차로안,승용,남,71세,상해없음,승합,남,36세,경상
2020070200100124,2020년 7월 2일 08시,목요일,광주광역시 서구 유촌동,경상사고,0,0,1,0,차대차 - 측면충돌,안전거리미확보,건조,맑음,단일로 - 기타,승용,남,29세,상해없음,승용,남,41세,경상
2020070200100125,2020년 7월 2일 08시,목요일,광주광역시 서구 치평동,경상사고,0,0,1,0,차대차 - 측면충돌,신호위반,건조,맑음,교차로 - 교차로안,승용,남,61세,상해없음,승용,남,34세,경상
2020070200100126,2020년 7월 2일 08시,목요일,광주광역시 서구 농성동,경상사고,0,0,1,0,차대차 - 측면충돌,안전거리미확보,건조,맑음,단일로 - 기타,승용,남,31세,상해없음,이륜,남,29세,경상
2020070200100159,2020년 7월 2일 09시,목요일,광주광역시 동구 금남로5가,중상사고,0,1,0,0,차대차 - 측면충돌,안전운전불이행,건조,흐림,교차로 - 교차로안,화물,남,65세,상해없음,자전거,남,75세,중상
2020070200100160,2020년 7월 2일 09시,목요일,광주광역시 광산구 장수동,중상사고,0,1,1,0,차대차 - 측면충돌,신호위반,건조,맑음,교차로 - 교차로안,화물,남,44세,경상,승용,남,62세,중상
2020070200100252,2020년 7월 2일 12시,목요일,광주광역시 북구 중흥동,중상사고,0,1,0,0,차대차 - 측면충돌,신호위반,건조,맑음,교차로 - 교차로안,승용,남,30세,상해없음,이륜,남,26세,중상
2020070200100253,2020년 7월 2일 12시,목요일,광주광역시 광산구 수완동,경상사고,0,0,2,0,차대차 - 추돌,안전거리미확보,건조,맑음,단일로 - 기타,승용,여,54세,기타불명,승용,남,27세,경상
2020070200100325,2020년 7월 2일 14시,목요일,광주광역시 광산구 도천동,경상사고,0,0,1,0,차대차 - 측면충돌,교차로운행방법위반,건조,맑음,교차로 - 교차로안,화물,남,42세,상해없음,승용,남,66세,경상
2020070200100326,2020년 7월 2일 14시,목요일,광주광역시 광산구 옥동,중상사고,0,1,0,0,차대차 - 측면충돌,교차로운행방법위반,건조,맑음,교차로 - 교차로안,승용,여,63세,상해없음,이륜,남,73세,중상
2020070200100544,2020년 7월 2일 20시,목요일,광주광역시 동구 장동,부상신고사고,0,0,0,1,차대차 - 측면충돌,안전운전불이행,건조,맑음,교차로 - 교차로부근,승용,남,50세,상해없음,이륜,남,55세,부상신고
2020070300100026,2020년 7월 3일 01시,금요일,광주광역시 광산구 우산동,경상사고,0,0,2,0,차대차 - 추돌,안전운전불이행,건조,맑음,교차로 - 교차로부근,승용,남,51세,기타불명,승용,여,47세,경상
2020070300100137,2020년 7월 3일 08시,금요일,광주광역시 서구 덕흥동,경상사고,0,0,2,1,차대차 - 추돌,안전운전불이행,건조,맑음,단일로 - 기타,승용,남,24세,부상신고,승용,남,41세,경상
2020070300100168,2020년 7월 3일 09시,금요일,광주광역시 광산구 안청동,경상사고,0,0,1,0,차대차 - 측면충돌,신호위반,젖음/습기,비,교차로 - 교차로안,화물,남,57세,상해없음,화물,남,53세,경상
2020070300100262,2020년 7월 3일 12시,금요일,광주광역시 동구 학동,경상사고,0,0,2,0,차대차 - 측면충돌,안전거리미확보,건조,맑음,교차로 - 교차로부근,승용,남,62세,상해없음,승합,남,41세,경상
2020070300100263,2020년 7월 3일 12시,금요일,광주광역시 광산구 송정동,경상사고,0,0,1,0,차대차 - 측면충돌,안전운전불이행,건조,맑음,교차로 - 교차로안,승용,남,58세,상해없음,승용,남,67세,경상
2020070300100289,2020년 7월 3일 13시,금요일,광주광역시 동구 학동,경상사고,0,0,1,0,차대사람 - 기타,안전운전불이행,건조,흐림,단일로 - 기타,승용,남,63세,상해없음,보행자,남,37세,경상
2020070300100290,2020년 7월 3일 13시,금요일,광주광역시 북구 신안동,중상사고,0,1,0,0,차대사람 - 기타,안전운전불이행,젖음/습기,비,교차로 - 교차로안,승용,남,59세,상해없음,보행자,여,64세,중상
2020070300100360,2020년 7월 3일 15시,금요일,광주광역시 광산구 운남동,경상사고,0,0,1,0,차대차 - 기타,안전운전불이행,건조,맑음,단일로 - 기타,기타불명,기타불명,미분류,기타불명,승합,여,62세,경상
2020070300100361,2020년 7월 3일 15시,금요일,광주광역시 광산구 장록동,경상사고,0,0,1,0,차대차 - 기타,안전거리미확보,건조,맑음,단일로 - 기타,승용,남,41세,상해없음,화물,남,49세,경상
2020070300100459,2020년 7월 3일 17시,금요일,광주광역시 북구 운암동,중상사고,0,1,0,0,차대사람 - 기타,안전운전불이행,젖음/습기,비,교차로 - 교차로안,승용,여,43세,상해없음,보행자,남,72세,중상
2020070300100460,2020년 7월 3일 17시,금요일,광주광역시 광산구 안청동,경상사고,0,0,1,0,차대차 - 기타,안전운전불이행,젖음/습기,비,단일로 - 기타,원동기,남,30세,경상,승용,남,37세,상해없음
2020070300100503,2020년 7월 3일 18시,금요일,광주광역시 서구 벽진동,경상사고,0,0,2,0,차대차 - 추돌,안전거리미확보,젖음/습기,흐림,교차로 - 교차로부근,화물,남,45세,상해없음,승용,여,39세,경상
2020070300100504,2020년 7월 3일 18시,금요일,광주광역시 북구 신안동,부상신고사고,0,0,0,1,차대차 - 기타,직진우회전진행방해,건조,맑음,교차로 - 교차로안,이륜,남,34세,상해없음,자전거,남,47세,부상신고
2020070300100505,2020년 7월 3일 18시,금요일,광주광역시 북구 용봉동,중상사고,0,1,0,0,차대차 - 기타,중앙선침범,건조,맑음,단일로 - 기타,승용,남,68세,상해없음,이륜,남,40세,중상
2020070300100531,2020년 7월 3일 19시,금요일,광주광역시 서구 양동,중상사고,0,1,7,0,차대차 - 기타,안전거리미확보,젖음/습기,비,교차로 - 교차로부근,승용,남,58세,상해없음,승용,남,62세,경상
2020070300100532,2020년 7월 3일 19시,금요일,광주광역시 남구 방림동,중상사고,0,1,0,0,차대사람 - 횡단중,안전운전불이행,젖음/습기,비,단일로 - 기타,승용,여,57세,상해없음,보행자,여,73세,중상
2020070300100657,2020년 7월 3일 22시,금요일,광주광역시 서구 금호동,중상사고,0,1,1,0,차대차 - 추돌,안전운전불이행,건조,맑음,교차로 - 교차로부근,승용,남,31세,중상,승용,여,40세,경상
2020070300100658,2020년 7월 3일 22시,금요일,광주광역시 남구 주월동,부상신고사고,0,0,0,1,차대차 - 측면충돌,안전운전불이행,건조,맑음,교차로 - 교차로안,승용,남,63세,상해없음,이륜,남,34세,부상신고
2020070300100687,2020년 7월 3일 23시,금요일,광주광역시 서구 치평동,경상사고,0,0,3,0,차대차 - 측면충돌,차로위반,건조,흐림,단일로 - 기타,승용,남,64세,상해없음,승용,남,25세,경상
2020070300100688,2020년 7월 3일 23시,금요일,광주광역시 북구 두암동,경상사고,0,0,1,0,차량단독 - 기타,안전운전불이행,건조,맑음,교차로 - 교차로안,승용,남,67세,상해없음,,,,
2020070300100689,2020년 7월 3일 23시,금요일,광주광역시 광산구 우산동,경상사고,0,0,1,0,차대차 - 추돌,안전운전불이행,건조,맑음,교차로 - 교차로안,승용,남,40세,상해없음,승용,여,28세,경상
2020070400100105,2020년 7월 4일 05시,토요일,광주광역시 광산구 우산동,경상사고,0,0,2,0,차대차 - 추돌,안전운전불이행,건조,맑음,단일로 - 기타,승용,남,26세,상해없음,승용,남,52세,경상
2020070400100125,2020년 7월 4일 06시,토요일,광주광역시 서구 매월동,경상사고,0,0,2,0,차대차 - 측면충돌,안전운전불이행,건조,맑음,단일로 - 기타,화물,남,67세,상해없음,화물,남,63세,경상
2020070400100137,2020년 7월 4일 07시,토요일,광주광역시 북구 용봉동,경상사고,0,0,2,0,차대차 - 추돌,안전운전불이행,건조,맑음,교차로 - 교차로부근,승용,남,36세,상해없음,화물,남,47세,경상
2020070400100138,2020년 7월 4일 07시,토요일,광주광역시 광산구 신가동,중상사고,0,1,0,0,차대사람 - 횡단중,안전운전불이행,건조,맑음,단일로 - 기타,승용,남,71세,상해없음,보행자,여,78세,중상
2020070400100180,2020년 7월 4일 09시,토요일,광주광역시 광산구 월곡동,경상사고,0,0,1,0,차대차 - 추돌,안전운전불이행,건조,맑음,교차로 - 교차로부근,승용,여,44세,상해없음,원동기,남,71세,경상
2020070400100209,2020년 7월 4일 10시,토요일,광주광역시 북구 오치동,중상사고,0,1,0,0,차대사람 - 기타,신호위반,건조,맑음,단일로 - 기타,이륜,남,51세,상해없음,보행자,여,29세,중상
2020070400100279,2020년 7월 4일 12시,토요일,광주광역시 북구 연제동,경상사고,0,0,2,0,차대차 - 기타,직진우회전진행방해,건조,맑음,단일로 - 기타,승용,남,64세,상해없음,승용,여,34세,경상
2020070400100321,2020년 7월 4일 13시,토요일,광주광역시 북구 두암동,경상사고,0,0,4,0,차대차 - 추돌,안전운전불이행,기타,기타,단일로 - 기타,승용,남,55세,상해없음,승용,여,40세,경상
2020070400100364,2020년 7월 4일 14시,토요일,광주광역시 북구 연제동,중상사고,0,1,3,0,차대차 - 추돌,안전운전불이행,건조,맑음,단일로 - 기타,승용,남,43세,상해없음,승용,여,56세,경상
2020070400100365,2020년 7월 4일 14시,토요일,광주광역시 광산구 운남동,경상사고,0,0,1,0,차대사람 - 기타,안전운전불이행,건조,맑음,교차로 - 교차로안,화물,남,25세,상해없음,보행자,남,54세,경상
2020070400100512,2020년 7월 4일 18시,토요일,광주광역시 광산구 쌍암동,경상사고,0,0,1,0,차대차 - 기타,안전운전불이행,젖음/습기,비,교차로 - 교차로안,승용,남,52세,상해없음,자전거,남,47세,경상
2020070400100538,2020년 7월 4일 19시,토요일,광주광역시 광산구 월계동,경상사고,0,0,1,0,차대차 - 정면충돌,안전운전불이행,젖음/습기,흐림,단일로 - 기타,승용,남,58세,상해없음,화물,남,48세,경상
2020070400100572,2020년 7월 4일 20시,토요일,광주광역시 서구 화정동,중상사고,0,1,3,0,차대차 - 기타,안전운전불이행,젖음/습기,비,교차로 - 교차로안,승용,남,65세,상해없음,승용,남,32세,경상
2020070400100573,2020년 7월 4일 20시,토요일,광주광역시 북구 용봉동,경상사고,0,0,1,0,차대차 - 기타,교차로운행방법위반,건조,맑음,교차로 - 교차로안,승용,남,68세,상해없음,자전거,남,65세,경상
2020070400100574,2020년 7월 4일 20시,토요일,광주광역시 광산구 선암동,중상사고,0,1,1,1,차대차 - 측면충돌,신호위반,젖음/습기,흐림,교차로 - 교차로안,승용,여,40세,부상신고,승용,남,27세,중상
2020070400100601,2020년 7월 4일 21시,토요일,광주광역시 북구 오치동,중상사고,0,1,1,0,차대차 - 추돌,안전운전불이행,젖음/습기,흐림,교차로 - 교차로부근,승용,남,24세,기타불명,승용,남,33세,경상
2020070400100649,2020년 7월 4일 23시,토요일,광주광역시 서구 쌍촌동,부상신고사고,0,0,0,1,차대사람 - 보도통행중,안전운전불이행,건조,맑음,단일로 - 기타,기타불명,기타불명,미분류,기타불명,보행자,남,29세,부상신고
2020070500100020,2020년 7월 5일 00시,일요일,광주광역시 북구 문흥동,경상사고,0,0,1,0,차대차 - 추돌,안전운전불이행,젖음/습기,흐림,단일로 - 기타,기타불명,기타불명,미분류,기타불명,승용,여,25세,경상
2020070500100062,2020년 7월 5일 04시,일요일,광주광역시 광산구 우산동,경상사고,0,0,1,0,차대차 - 측면충돌,안전거리미확보,건조,맑음,단일로 - 기타,승용,남,19세,상해없음,승용,여,50세,경상
2020070500100070,2020년 7월 5일 05시,일요일,광주광역시 서구 치평동,경상사고,0,0,1,0,차대차 - 정면충돌,안전운전불이행,건조,맑음,단일로 - 기타,승용,남,21세,상해없음,승용,남,59세,경상
2020070500100152,2020년 7월 5일 11시,일요일,광주광역시 광산구 하남동,경상사고,0,0,1,1,차대차 - 측면충돌,과속,건조,맑음,교차로 - 교차로안,승용,남,20세,부상신고,승용,여,38세,경상
2020070500100298,2020년 7월 5일 16시,일요일,광주광역시 서구 양동,중상사고,0,1,0,0,차대사람 - 횡단중,보행자보호의무위반,건조,맑음,단일로 - 기타,승용,여,27세,상해없음,보행자,여,84세,중상
2020070500100299,2020년 7월 5일 16시,일요일,광주광역시 서구 쌍촌동,경상사고,0,0,2,1,차대차 - 기타,교차로운행방법위반,건조,맑음,교차로 - 교차로안,승용,남,26세,부상신고,승용,남,61세,경상
2020070500100329,2020년 7월 5일 17시,일요일,광주광역시 서구 쌍촌동,중상사고,0,1,0,0,차대차 - 측면충돌,교차로운행방법위반,건조,맑음,교차로 - 교차로안,승용,여,50세,상해없음,이륜,남,19세,중상
2020070500100357,2020년 7월 5일 18시,일요일,광주광역시 광산구 장덕동,경상사고,0,0,1,0,차대차 - 측면충돌,중앙선침범,건조,맑음,교차로 - 교차로부근,승용,여,54세,상해없음,승용,남,39세,경상
2020070500100421,2020년 7월 5일 21시,일요일,광주광역시 광산구 수완동,경상사고,0,0,3,0,차대차 - 측면충돌,신호위반,건조,맑음,교차로 - 교차로안,승용,여,53세,상해없음,승용,남,55세,경상
2020070500100422,2020년 7월 5일 21시,일요일,광주광역시 광산구 신가동,경상사고,0,0,1,0,차대차 - 추돌,안전운전불이행,건조,맑음,교차로 - 교차로부근,화물,남,58세,상해없음,승용,여,28세,경상
2020070600100020,2020년 7월 6일 02시,월요일,광주광역시 서구 치평동,중상사고,0,1,0,0,차대차 - 측면충돌,신호위반,건조,맑음,교차로 - 교차로안,승용,남,62세,상해없음,이륜,남,27세,중상
2020070600100025,2020년 7월 6일 03시,월요일,광주광역시 동구 광산동,경상사고,0,0,1,0,차대사람 - 기타,신호위반,건조,맑음,단일로 - 기타,승용,남,23세,상해없음,보행자,여,21세,경상
2020070600100069,2020년 7월 6일 07시,월요일,광주광역시 광산구 하남동,경상사고,0,0,2,0,차대차 - 측면충돌,안전운전불이행,건조,맑음,단일로 - 기타,화물,남,51세,경상,승용,남,57세,경상
2020070600100116,2020년 7월 6일 08시,월요일,광주광역시 북구 오치동,중상사고,0,1,0,0,차대차 - 측면충돌,안전운전불이행,건조,맑음,교차로 - 교차로안,승용,남,29세,상해없음,자전거,남,52세,중상
2020070600100147,2020년 7월 6일 09시,월요일,광주광역시 동구 호남동,중상사고,0,1,0,0,차대차 - 측면충돌,안전거리미확보,건조,맑음,단일로 - 기타,승용,여,45세,상해없음,승용,여,43세,중상
2020070600100148,2020년 7월 6일 09시,월요일,광주광역시 광산구 쌍암동,경상사고,0,0,2,0,차대차 - 측면충돌,직진우회전진행방해,건조,맑음,교차로 - 교차로안,승용,남,50세,경상,승용,남,62세,경상
2020070600100149,2020년 7월 6일 09시,월요일,광주광역시 광산구 운남동,경상사고,0,0,2,0,차대차 - 측면충돌,직진우회전진행방해,건조,맑음,교차로 - 교차로안,승용,남,47세,경상,승용,여,48세,경상
2020070600100179,2020년 7월 6일 10시,월요일,광주광역시 서구 광천동,중상사고,0,2,0,0,차대차 - 추돌,안전운전불이행,젖음/습기,비,단일로 - 기타,화물,남,38세,상해없음,승용,남,58세,중상
2020070600100218,2020년 7월 6일 11시,월요일,광주광역시 서구 화정동,경상사고,0,0,1,0,차대차 - 측면충돌,신호위반,젖음/습기,비,교차로 - 교차로안,승용,여,47세,상해없음,승용,여,37세,경상
2020070600100219,2020년 7월 6일 11시,월요일,광주광역시 서구 농성동,경상사고,0,0,1,0,차대차 - 측면충돌,안전운전불이행,건조,맑음,단일로 - 기타,승용,남,64세,상해없음,승용,남,61세,경상
2020070600100220,2020년 7월 6일 11시,월요일,광주광역시 남구 송하동,경상사고,0,0,1,0,차대차 - 측면충돌,안전운전불이행,젖음/습기,비,교차로 - 교차로부근,승용,남,47세,상해없음,승용,여,54세,경상
2020070600100221,2020년 7월 6일 11시,월요일,광주광역시 광산구 신가동,경상사고,0,0,1,0,차대차 - 측면충돌,교차로운행방법위반,젖음/습기,비,교차로 - 교차로안,승용,남,41세,상해없음,화물,남,52세,경상
2020070600100254,2020년 7월 6일 12시,월요일,광주광역시 광산구 고룡동,경상사고,0,0,1,0,차대차 - 기타,중앙선침범,건조,흐림,단일로 - 기타,승합,남,67세,상해없음,건설기계,남,31세,경상
2020070600100282,2020년 7월 6일 13시,월요일,광주광역시 서구 농성동,경상사고,0,0,1,0,차대차 - 기타,안전운전불이행,건조,맑음,교차로 - 교차로안,이륜,남,41세,경상,이륜,남,43세,상해없음
2020070600100283,2020년 7월 6일 13시,월요일,광주광역시 남구 송하동,경상사고,0,0,4,0,차대차 - 측면충돌,차로위반,건조,맑음,교차로 - 교차로안,승용,남,75세,상해없음,승용,남,19세,경상
2020070600100429,2020년 7월 6일 17시,월요일,광주광역시 광산구 운남동,부상신고사고,0,0,0,1,차대차 - 추돌,안전거리미확보,건조,맑음,단일로 - 기타,이륜,남,62세,부상신고,승용,남,55세,상해없음
2020070600100496,2020년 7월 6일 19시,월요일,광주광역시 광산구 장덕동,중상사고,0,1,0,0,차대차 - 측면충돌,신호위반,건조,맑음,교차로 - 교차로안,승용,남,49세,상해없음,이륜,남,17세,중상
2020070600100497,2020년 7월 6일 19시,월요일,광주광역시 광산구 월곡동,경상사고,0,0,2,0,차대차 - 측면충돌,안전운전불이행,건조,맑음,교차로 - 교차로안,화물,남,45세,상해없음,승용,남,36세,경상
2020070600100568,2020년 7월 6일 22시,월요일,광주광역시 남구 백운동,경상사고,0,0,6,0,차대차 - 측면충돌,교차로운행방법위반,건조,맑음,교차로 - 교차로안,승용,남,26세,기타불명,승용,남,23세,경상
2020070600100578,2020년 7월 6일 23시,월요일,광주광역시 서구 동천동,경상사고,0,0,2,0,차대차 - 기타,직진우회전진행방해,건조,맑음,교차로 - 교차로안,승합,남,30세,상해없음,승용,남,45세,경상
2020070600100579,2020년 7월 6일 23시,월요일,광주광역시 남구 진월동,경상사고,0,0,1,0,차대차 - 측면충돌,안전운전불이행,건조,맑음,교차로 - 교차로부근,승용,남,53세,상해없음,승용,여,57세,경상
2020070700100010,2020년 7월 7일 00시,화요일,광주광역시 남구 양촌동,사망사고,1,0,1,0,차대차 - 추돌,안전운전불이행,건조,흐림,단일로 - 기타,승용,남,56세,경상,승용,남,67세,사망
2020070700100025,2020년 7월 7일 02시,화요일,광주광역시 서구 치평동,경상사고,0,0,1,0,차대차 - 추돌,안전운전불이행,건조,맑음,교차로 - 교차로부근,승용,남,39세,상해없음,승용,남,24세,경상
2020070700100044,2020년 7월 7일 05시,화요일,광주광역시 광산구 도천동,중상사고,0,1,1,0,차대차 - 측면충돌,신호위반,건조,맑음,교차로 - 교차로안,승용,여,46세,경상,승용,여,36세,중상
2020070700100080,2020년 7월 7일 07시,화요일,광주광역시 광산구 월계동,경상사고,0,0,1,0,차대사람 - 횡단중,보행자보호의무위반,건조,맑음,단일로 - 기타,승용,남,57세,상해없음,보행자,여,20세,경상
2020070700100123,2020년 7월 7일 08시,화요일,광주광역시 광산구 장덕동,경상사고,0,0,1,0,차대차 - 기타,안전운전불이행,건조,맑음,단일로 - 기타,승용,남,38세,상해없음,자전거,여,38세,경상
2020070700100124,2020년 7월 7일 08시,화요일,광주광역시 광산구 산정동,경상사고,0,0,3,0,차대차 - 측면충돌,안전운전불이행,건조,맑음,단일로 - 기타,승용,남,65세,상해없음,승용,여,25세,경상
2020070700100144,2020년 7월 7일 09시,화요일,광주광역시 동구 학동,경상사고,0,0,1,0,차량단독 - 기타,안전운전불이행,건조,맑음,기타 - 기타,승합,남,55세,상해없음,,,,
2020070700100202,2020년 7월 7일 11시,화요일,광주광역시 북구 두암동,경상사고,0,0,1,0,차대사람 - 횡단중,안전운전불이행,건조,맑음,교차로 - 교차로안,화물,남,58세,상해없음,보행자,여,63세,경상
2020070700100233,2020년 7월 7일 12시,화요일,광주광역시 서구 치평동,경상사고,0,0,3,0,차대차 - 기타,교차로운행방법위반,건조,맑음,교차로 - 교차로안,승용,남,39세,상해없음,승용,여,29세,경상
2020070700100268,2020년 7월 7일 13시,화요일,광주광역시 광산구 소촌동,경상사고,0,0,1,0,차대차 - 측면충돌,차로위반,건조,맑음,단일로 - 기타,승용,여,53세,상해없음,승용,남,59세,경상
2020070700100297,2020년 7월 7일 14시,화요일,광주광역시 북구 연제동,경상사고,0,0,1,0,차대차 - 후진중충돌,안전운전불이행,건조,맑음,단일로 - 기타,화물,남,45세,상해없음,승용,여,20세,경상
2020070700100331,2020년 7월 7일 15시,화요일,광주광역시 서구 치평동,경상사고,0,0,1,0,차대차 - 측면충돌,안전운전불이행,건조,맑음,교차로 - 교차로부근,승용,남,61세,상해없음,승용,남,27세,경상
2020070700100370,2020년 7월 7일 16시,화요일,광주광역시 남구 방림동,경상사고,0,0,2,0,차대차 - 기타,교차로운행방법위반,건조,맑음,교차로 - 교차로안,승용,남,65세,상해없음,승용,여,36세,경상
2020070700100414,2020년 7월 7일 17시,화요일,광주광역시 서구 금호동,경상사고,0,0,2,0,차대차 - 측면충돌,안전운전불이행,건조,맑음,단일로 - 기타,화물,남,51세,상해없음,승합,남,56세,경상
2020070700100415,2020년 7월 7일 17시,화요일,광주광역시 남구 주월동,경상사고,0,0,1,0,차대차 - 측면충돌,교차로운행방법위반,건조,맑음,교차로 - 교차로안,승합,남,60세,상해없음,이륜,남,53세,경상
2020070700100416,2020년 7월 7일 17시,화요일,광주광역시 북구 망월동,경상사고,0,0,2,0,차대차 - 측면충돌,신호위반,건조,맑음,교차로 - 교차로안,승용,남,88세,경상,승용,남,30세,경상
2020070700100471,2020년 7월 7일 18시,화요일,광주광역시 동구 계림동,경상사고,0,0,1,0,차대차 - 기타,불법유턴,건조,맑음,교차로 - 교차로부근,자전거,남,31세,경상,승용,남,58세,상해없음
2020070700100472,2020년 7월 7일 18시,화요일,광주광역시 남구 봉선동,중상사고,0,1,0,0,차대차 - 측면충돌,교차로운행방법위반,건조,맑음,교차로 - 교차로안,승용,남,25세,상해없음,이륜,남,51세,중상