사고번호,사고일시,요일,시군구,사고내용,사망자수,중상자수,경상자수,부상신고자수,사고유형,법규위반,노면상태,기상상태,도로형태,가해운전자 차종,가해운전자 성별,가해운전자 연령,가해운전자 상해정도,피해운전자 차종,피해운전자 성별,피해운전자 연령,피해운전자 상해정도
2020071400100578,2020년 7월 14일 21시,화요일,광주광역시 광산구 신창동,경상사고,0,0,1,0,차대차 - 측면충돌,안전운전불이행,젖음/습기,비,단일로 - 기타,화물,남,40세,상해없음,승용,남,38세,경상
2020071400100586,2020년 7월 14일 21시,화요일,광주광역시 서구 치평동,경상사고,0,0,1,0,차대사람 - 횡단중,신호위반,젖음/습기,비,교차로 - 교차로안,기타불명,기타불명,미분류,기타불명,보행자,여,28세,경상
2020071400100587,2020년 7월 14일 21시,화요일,광주광역시 광산구 선암동,경상사고,0,0,3,0,차대차 - 측면충돌,교차로운행방법위반,젖음/습기,비,교차로 - 교차로안,승용,남,26세,경상,승용,남,29세,경상
2020071400100618,2020년 7월 14일 22시,화요일,광주광역시 북구 신안동,경상사고,0,0,3,0,차대차 - 측면충돌,중앙선침범,건조,맑음,교차로 - 교차로안,승용,남,59세,상해없음,승용,여,27세,경상
2020071500100068,2020년 7월 15일 06시,수요일,광주광역시 광산구 장덕동,경상사고,0,0,1,0,차대차 - 측면충돌,안전운전불이행,젖음/습기,맑음,교차로 - 교차로부근,승용,남,23세,기타불명,승용,남,28세,경상
2020071500100113,2020년 7월 15일 08시,수요일,광주광역시 동구 계림동,중상사고,0,1,0,0,차대사람 - 횡단중,신호위반,건조,맑음,교차로 - 교차로횡단보도내,이륜,남,28세,상해없음,보행자,남,37세,중상
2020071500100115,2020년 7월 15일 08시,수요일,광주광역시 광산구 소촌동,경상사고,0,0,1,0,차대차 - 기타,안전운전불이행,건조,맑음,단일로 - 기타,승용,여,39세,상해없음,화물,남,26세,경상
2020071500100150,2020년 7월 15일 09시,수요일,광주광역시 북구 양산동,경상사고,0,0,1,0,차대차 - 측면충돌,신호위반,건조,맑음,교차로 - 교차로부근,승용,남,62세,기타불명,화물,남,27세,경상
2020071500100179,2020년 7월 15일 10시,수요일,광주광역시 동구 학동,경상사고,0,0,1,0,차대차 - 기타,신호위반,건조,맑음,교차로 - 교차로안,승용,남,54세,상해없음,승합,남,60세,경상
2020071500100180,2020년 7월 15일 10시,수요일,광주광역시 서구 유촌동,경상사고,0,0,1,0,차대사람 - 기타,안전운전불이행,건조,맑음,단일로 - 기타,승용,남,31세,상해없음,보행자,남,63세,경상
2020071500100210,2020년 7월 15일 11시,수요일,광주광역시 북구 양산동,경상사고,0,0,4,0,차대차 - 기타,안전운전불이행,건조,맑음,단일로 - 기타,승용,남,53세,경상,승용,남,44세,경상
2020071500100307,2020년 7월 15일 14시,수요일,광주광역시 남구 주월동,경상사고,0,0,2,0,차대차 - 기타,교차로운행방법위반,건조,맑음,교차로 - 교차로안,승용,여,62세,기타불명,승용,여,52세,경상
2020071500100387,2020년 7월 15일 16시,수요일,광주광역시 광산구 월계동,경상사고,0,0,1,0,차대차 - 측면충돌,교차로운행방법위반,건조,맑음,교차로 - 교차로안,승용,여,29세,상해없음,자전거,남,13세,경상
2020071500100432,2020년 7월 15일 17시,수요일,광주광역시 서구 쌍촌동,중상사고,0,1,0,0,차대사람 - 길가장자리구역통행중,안전운전불이행,젖음/습기,비,단일로 - 기타,이륜,남,36세,상해없음,보행자,여,24세,중상
2020071500100486,2020년 7월 15일 18시,수요일,광주광역시 서구 쌍촌동,경상사고,0,0,1,0,차대차 - 기타,기타,젖음/습기,비,단일로 - 기타,승용,남,48세,상해없음,자전거,남,27세,경상
2020071500100487,2020년 7월 15일 18시,수요일,광주광역시 북구 용두동,중상사고,0,1,0,0,차대사람 - 기타,안전운전불이행,젖음/습기,비,교차로 - 교차로횡단보도내,승용,남,33세,상해없음,보행자,여,15세,중상
2020071500100488,2020년 7월 15일 18시,수요일,광주광역시 북구 임동,경상사고,0,0,3,0,차대차 - 측면충돌,교차로운행방법위반,젖음/습기,비,교차로 - 교차로안,승용,남,50세,경상,승용,남,65세,경상
2020071500100489,2020년 7월 15일 18시,수요일,광주광역시 광산구 송정동,경상사고,0,0,3,0,차대차 - 측면충돌,안전운전불이행,건조,맑음,단일로 - 기타,승용,남,76세,경상,승용,남,38세,경상
2020071500100560,2020년 7월 15일 20시,수요일,광주광역시 광산구 신창동,경상사고,0,0,2,0,차대차 - 기타,신호위반,젖음/습기,비,교차로 - 교차로안,승용,여,54세,상해없음,승용,남,71세,경상
2020071500100610,2020년 7월 15일 22시,수요일,광주광역시 서구 금호동,중상사고,0,1,0,0,차대차 - 기타,안전운전불이행,젖음/습기,비,교차로 - 교차로부근,이륜,남,54세,중상,승용,여,52세,상해없음
2020071500100611,2020년 7월 15일 22시,수요일,광주광역시 광산구 우산동,경상사고,0,0,1,0,차대차 - 기타,안전운전불이행,건조,흐림,교차로 - 교차로안,승용,여,55세,상해없음,승용,남,31세,경상
2020071500100624,2020년 7월 15일 23시,수요일,광주광역시 광산구 우산동,경상사고,0,0,3,0,차대차 - 측면충돌,교차로운행방법위반,건조,맑음,교차로 - 교차로안,화물,남,56세,경상,승용,남,29세,경상
2020071600100086,2020년 7월 16일 07시,목요일,광주광역시 동구 학동,경상사고,0,0,1,0,차대차 - 기타,차로위반,건조,맑음,교차로 - 교차로안,승용,남,74세,상해없음,승용,여,54세,경상
2020071600100121,2020년 7월 16일 08시,목요일,광주광역시 북구 누문동,경상사고,0,0,1,0,차대차 - 기타,교차로운행방법위반,건조,맑음,교차로 - 교차로안,승용,남,51세,상해없음,승용,여,36세,경상
2020071600100153,2020년 7월 16일 09시,목요일,광주광역시 북구 일곡동,경상사고,0,0,4,0,차대차 - 측면충돌,중앙선침범,건조,맑음,교차로 - 교차로부근,승용,남,43세,경상,화물,남,43세,경상
2020071600100198,2020년 7월 16일 10시,목요일,광주광역시 북구 본촌동,경상사고,0,0,2,0,차대차 - 측면충돌,안전운전불이행,건조,맑음,교차로 - 교차로부근,승용,남,31세,상해없음,승용,남,53세,경상
2020071600100232,2020년 7월 16일 11시,목요일,광주광역시 동구 동명동,경상사고,0,0,1,0,차대차 - 추돌,안전운전불이행,건조,맑음,단일로 - 기타,승용,남,61세,상해없음,승용,남,26세,경상
2020071600100233,2020년 7월 16일 11시,목요일,광주광역시 서구 치평동,경상사고,0,0,1,0,차대차 - 기타,안전거리미확보,건조,맑음,단일로 - 기타,승합,남,46세,상해없음,승용,남,62세,상해없음
2020071600100265,2020년 7월 16일 12시,목요일,광주광역시 서구 쌍촌동,경상사고,0,0,1,0,차대차 - 추돌,안전거리미확보,건조,맑음,교차로 - 교차로부근,승용,여,62세,상해없음,승용,여,27세,경상
2020071600100301,2020년 7월 16일 13시,목요일,광주광역시 광산구 장덕동,부상신고사고,0,0,0,1,차대차 - 측면충돌,안전운전불이행,건조,맑음,단일로 - 기타,원동기,남,54세,부상신고,화물,남,42세,상해없음
2020071600100378,2020년 7월 16일 15시,목요일,광주광역시 광산구 산월동,경상사고,0,0,1,0,차대사람 - 횡단중,안전운전불이행,건조,맑음,교차로 - 교차로부근,이륜,남,32세,상해없음,보행자,남,11세,경상
2020071600100420,2020년 7월 16일 16시,목요일,광주광역시 서구 유촌동,경상사고,0,0,1,0,차대사람 - 횡단중,신호위반,건조,맑음,교차로 - 교차로부근,이륜,남,27세,기타불명,보행자,남,31세,경상
2020071600100532,2020년 7월 16일 18시,목요일,광주광역시 남구 지석동,경상사고,0,0,1,0,차대차 - 측면충돌,안전운전불이행,건조,맑음,교차로 - 교차로안,승용,여,42세,상해없음,승용,남,37세,경상
2020071600100533,2020년 7월 16일 18시,목요일,광주광역시 남구 월산동,중상사고,0,1,0,0,차대사람 - 횡단중,보행자보호의무위반,건조,맑음,단일로 - 기타,승용,남,53세,상해없음,보행자,여,27세,중상
2020071600100556,2020년 7월 16일 19시,목요일,광주광역시 광산구 쌍암동,경상사고,0,0,1,0,차대차 - 측면충돌,교차로운행방법위반,건조,맑음,교차로 - 교차로안,승용,여,22세,기타불명,승용,남,49세,경상
2020071600100585,2020년 7월 16일 20시,목요일,광주광역시 광산구 월계동,경상사고,0,0,1,1,차대차 - 측면충돌,안전거리미확보,건조,맑음,단일로 - 기타,승용,남,65세,부상신고,승용,남,41세,경상
2020071600100616,2020년 7월 16일 21시,목요일,광주광역시 남구 백운동,경상사고,0,0,2,0,차대차 - 측면충돌,안전거리미확보,건조,맑음,교차로 - 교차로안,승용,남,51세,기타불명,승용,여,29세,경상
2020071700100038,2020년 7월 17일 04시,금요일,광주광역시 서구 양동,중상사고,0,1,0,0,차대차 - 추돌,안전운전불이행,건조,맑음,단일로 - 기타,승용,남,63세,상해없음,승합,남,46세,기타불명
2020071700100114,2020년 7월 17일 08시,금요일,광주광역시 광산구 신가동,경상사고,0,0,1,0,차대차 - 측면충돌,안전운전불이행,건조,맑음,교차로 - 교차로부근,자전거,남,21세,경상,승용,여,44세,상해없음
2020071700100147,2020년 7월 17일 09시,금요일,광주광역시 광산구 신창동,경상사고,0,0,1,0,차대차 - 기타,안전운전불이행,건조,맑음,단일로 - 기타,승용,남,27세,상해없음,승용,남,49세,경상
2020071700100201,2020년 7월 17일 11시,금요일,광주광역시 광산구 신가동,경상사고,0,0,2,0,차대차 - 기타,안전운전불이행,건조,맑음,단일로 - 기타,이륜,남,40세,경상,승용,여,41세,경상
2020071700100322,2020년 7월 17일 14시,금요일,광주광역시 서구 화정동,경상사고,0,0,1,0,차대차 - 측면충돌,안전거리미확보,건조,맑음,교차로 - 교차로부근,승용,여,30세,기타불명,승용,여,34세,경상
2020071700100323,2020년 7월 17일 14시,금요일,광주광역시 광산구 옥동,경상사고,0,0,1,0,차대차 - 기타,안전운전불이행,건조,맑음,교차로 - 교차로부근,원동기,남,75세,경상,승용,여,29세,상해없음
2020071700100324,2020년 7월 17일 14시,금요일,광주광역시 광산구 산정동,경상사고,0,0,2,0,차대차 - 기타,안전거리미확보,건조,맑음,단일로 - 기타,승용,여,46세,상해없음,승용,남,49세,경상
2020071700100357,2020년 7월 17일 15시,금요일,광주광역시 북구 운암동,경상사고,0,0,1,0,차대차 - 추돌,안전거리미확보,건조,맑음,단일로 - 교량,승용,여,43세,기타불명,승용,남,26세,경상
2020071700100414,2020년 7월 17일 16시,금요일,광주광역시 동구 대인동,중상사고,0,1,0,0,차대사람 - 기타,안전운전불이행,건조,맑음,기타 - 기타,승용,남,70세,상해없음,보행자,여,66세,중상
2020071700100415,2020년 7월 17일 16시,금요일,광주광역시 북구 두암동,경상사고,0,0,1,0,차량단독 - 기타,안전운전불이행,건조,맑음,단일로 - 기타,승용,남,54세,상해없음,,,,
2020071700100416,2020년 7월 17일 16시,금요일,광주광역시 광산구 비아동,부상신고사고,0,0,0,1,차대사람 - 기타,안전운전불이행,건조,맑음,단일로 - 기타,기타불명,기타불명,미분류,기타불명,보행자,여,23세,부상신고
2020071700100476,2020년 7월 17일 17시,금요일,광주광역시 남구 봉선동,경상사고,0,0,2,0,차대차 - 추돌,안전거리미확보,건조,맑음,단일로 - 기타,승용,남,31세,상해없음,승용,남,55세,경상
2020071700100477,2020년 7월 17일 17시,금요일,광주광역시 북구 두암동,경상사고,0,0,1,0,차대사람 - 기타,안전운전불이행,건조,맑음,단일로 - 기타,승용,여,66세,상해없음,보행자,남,54세,경상
2020071700100478,2020년 7월 17일 17시,금요일,광주광역시 북구 우산동,경상사고,0,0,1,0,차대사람 - 기타,안전운전불이행,건조,맑음,단일로 - 기타,화물,남,63세,상해없음,보행자,남,44세,경상
2020071700100530,2020년 7월 17일 18시,금요일,광주광역시 광산구 신가동,경상사고,0,0,1,0,차대차 - 기타,안전운전불이행,건조,맑음,단일로 - 기타,승용,남,54세,상해없음,승용,남,31세,경상
2020071700100531,2020년 7월 17일 18시,금요일,광주광역시 광산구 우산동,경상사고,0,0,3,0,차대차 - 추돌,안전운전불이행,건조,맑음,단일로 - 기타,화물,남,64세,상해없음,승용,남,29세,경상
2020071700100656,2020년 7월 17일 21시,금요일,광주광역시 남구 백운동,경상사고,0,0,1,0,차대차 - 측면충돌,안전거리미확보,건조,맑음,단일로 - 기타,승용,여,46세,상해없음,승용,남,23세,경상
2020071700100709,2020년 7월 17일 23시,금요일,광주광역시 북구 용봉동,중상사고,0,1,0,0,차대사람 - 횡단중,안전운전불이행,건조,맑음,단일로 - 기타,승용,남,58세,상해없음,보행자,남,53세,중상
2020071800100026,2020년 7월 18일 01시,토요일,광주광역시 동구 금동,경상사고,0,0,1,0,차대차 - 기타,교차로운행방법위반,건조,맑음,교차로 - 교차로안,승용,남,27세,상해없음,이륜,남,32세,경상
2020071800100083,2020년 7월 18일 06시,토요일,광주광역시 광산구 장수동,경상사고,0,0,1,0,차대차 - 측면충돌,직진우회전진행방해,건조,맑음,교차로 - 교차로안,원동기,남,72세,경상,승용,남,31세,상해없음
2020071800100098,2020년 7월 18일 07시,토요일,광주광역시 광산구 안청동,경상사고,0,0,3,0,차대차 - 측면충돌,신호위반,건조,맑음,교차로 - 교차로안,승용,여,51세,경상,승용,남,59세,경상
2020071800100139,2020년 7월 18일 09시,토요일,광주광역시 서구 화정동,중상사고,0,1,0,0,차량단독 - 기타,기타,건조,맑음,단일로 - 기타,승합,남,56세,상해없음,,,,
2020071800100140,2020년 7월 18일 09시,토요일,광주광역시 북구 용전동,중상사고,0,1,2,0,차대차 - 기타,안전운전불이행,건조,맑음,교차로 - 교차로안,승용,남,61세,경상,승용,남,27세,중상
2020071800100141,2020년 7월 18일 09시,토요일,광주광역시 광산구 옥동,경상사고,0,0,1,0,차대차 - 기타,중앙선침범,건조,맑음,단일로 - 기타,건설기계,남,55세,상해없음,승용,남,48세,경상
2020071800100373,2020년 7월 18일 15시,토요일,광주광역시 남구 봉선동,중상사고,0,1,0,0,차대사람 - 횡단중,안전운전불이행,건조,맑음,교차로 - 교차로안,승용,남,43세,상해없음,보행자,여,91세,중상
2020071800100374,2020년 7월 18일 15시,토요일,광주광역시 광산구 장덕동,경상사고,0,0,3,0,차대차 - 측면충돌,교차로운행방법위반,건조,맑음,교차로 - 교차로안,화물,남,46세,경상,승용,남,40세,경상
2020071800100406,2020년 7월 18일 16시,토요일,광주광역시 서구 치평동,경상사고,0,0,4,0,차대차 - 측면충돌,안전운전불이행,건조,맑음,교차로 - 교차로안,승용,남,28세,경상,승용,남,55세,경상
2020071800100480,2020년 7월 18일 18시,토요일,광주광역시 북구 오치동,경상사고,0,0,1,0,차대차 - 추돌,안전운전불이행,건조,흐림,교차로 - 교차로안,승용,남,58세,상해없음,원동기,남,41세,경상
2020071800100481,2020년 7월 18일 18시,토요일,광주광역시 광산구 신가동,경상사고,0,0,1,0,차량단독 - 기타,안전운전불이행,건조,맑음,단일로 - 기타,개인형이동수단(PM),남,26세,경상,,,,
2020071800100511,2020년 7월 18일 19시,토요일,광주광역시 북구 지야동,중상사고,0,1,1,0,차대차 - 기타,안전운전불이행,젖음/습기,흐림,단일로 - 기타,자전거,남,12세,중상,자전거,남,47세,경상
2020071800100544,2020년 7월 18일 20시,토요일,광주광역시 북구 일곡동,경상사고,0,0,2,0,차대사람 - 횡단중,안전운전불이행,건조,맑음,교차로 - 교차로안,원동기,남,22세,기타불명,보행자,남,7세,경상
2020071800100579,2020년 7월 18일 21시,토요일,광주광역시 서구 광천동,경상사고,0,0,1,0,차대차 - 기타,안전운전불이행,건조,맑음,단일로 - 기타,승용,여,43세,경상,승용,남,57세,상해없음
2020071800100580,2020년 7월 18일 21시,토요일,광주광역시 광산구 수완동,경상사고,0,0,6,0,차대차 - 측면충돌,직진우회전진행방해,건조,흐림,교차로 - 교차로안,승용,남,43세,경상,승용,여,49세,경상
2020071800100606,2020년 7월 18일 22시,토요일,광주광역시 서구 치평동,경상사고,0,0,3,0,차대차 - 측면충돌,안전운전불이행,건조,맑음,교차로 - 교차로안,승용,여,60세,경상,승용,남,25세,경상
2020071800100630,2020년 7월 18일 23시,토요일,광주광역시 북구 운암동,경상사고,0,0,1,0,차대사람 - 횡단중,신호위반,건조,맑음,교차로 - 교차로안,승용,남,55세,상해없음,보행자,남,23세,경상
2020071800100631,2020년 7월 18일 23시,토요일,광주광역시 광산구 송정동,중상사고,0,1,0,0,차대사람 - 차도통행중,안전운전불이행,젖음/습기,비,교차로 - 교차로부근,기타불명,기타불명,미분류,기타불명,보행자,남,45세,중상
2020071900100072,2020년 7월 19일 05시,일요일,광주광역시 서구 쌍촌동,경상사고,0,0,1,0,차대차 - 후진중충돌,안전운전불이행,건조,맑음,단일로 - 기타,승용,남,20세,상해없음,승용,남,24세,경상
2020071900100101,2020년 7월 19일 08시,일요일,광주광역시 광산구 쌍암동,경상사고,0,0,1,0,차대차 - 측면충돌,신호위반,건조,맑음,교차로 - 교차로안,승용,남,21세,상해없음,승용,남,32세,경상
2020071900100108,2020년 7월 19일 09시,일요일,광주광역시 북구 용전동,중상사고,0,1,0,0,차대차 - 측면충돌,안전운전불이행,건조,맑음,주차장 - 주차장,승용,여,52세,상해없음,이륜,남,82세,중상
2020071900100145,2020년 7월 19일 11시,일요일,광주광역시 광산구 우산동,중상사고,0,1,1,0,차대차 - 추돌,안전운전불이행,건조,맑음,교차로 - 교차로부근,승용,남,48세,상해없음,승용,남,68세,중상
2020071900100167,2020년 7월 19일 12시,일요일,광주광역시 광산구 송정동,중상사고,0,1,0,0,차대차 - 측면충돌,중앙선침범,건조,맑음,단일로 - 기타,자전거,남,44세,중상,승용,여,53세,상해없음
2020071900100195,2020년 7월 19일 13시,일요일,광주광역시 북구 일곡동,경상사고,0,0,1,0,차대차 - 기타,안전운전불이행,건조,맑음,교차로 - 교차로안,승용,여,52세,기타불명,승용,여,49세,경상
2020071900100291,2020년 7월 19일 17시,일요일,광주광역시 서구 쌍촌동,부상신고사고,0,0,0,1,차대사람 - 보도통행중,안전운전불이행,건조,맑음,단일로 - 기타,기타불명,기타불명,미분류,기타불명,보행자,여,18세,부상신고
2020071900100382,2020년 7월 19일 20시,일요일,광주광역시 서구 쌍촌동,경상사고,0,0,1,0,차량단독 - 공작물충돌,안전운전불이행,건조,맑음,단일로 - 기타,승용,남,68세,상해없음,,,,
2020071900100383,2020년 7월 19일 20시,일요일,광주광역시 서구 농성동,경상사고,0,0,1,0,차량단독 - 기타,안전운전불이행,건조,맑음,단일로 - 기타,자전거,남,47세,상해없음,,,,
2020071900100431,2020년 7월 19일 23시,일요일,광주광역시 동구 학동,경상사고,0,0,1,0,차대차 - 추돌,안전운전불이행,건조,흐림,교차로 - 교차로부근,화물,남,33세,상해없음,승용,여,55세,경상
2020072000100033,2020년 7월 20일 04시,월요일,광주광역시 북구 북동,경상사고,0,0,1,0,차대차 - 추돌,안전운전불이행,건조,맑음,단일로 - 기타,승용,남,40세,상해없음,승용,여,23세,경상
2020072000100069,2020년 7월 20일 07시,월요일,광주광역시 동구 계림동,부상신고사고,0,0,0,1,차대차 - 측면충돌,차로위반,건조,맑음,단일로 - 기타,승용,남,71세,상해없음,승용,남,55세,상해없음
2020072000100146,2020년 7월 20일 09시,월요일,광주광역시 북구 운암동,경상사고,0,0,5,0,차대차 - 측면충돌,차로위반,건조,흐림,단일로 - 기타,화물,남,57세,상해없음,승용,남,18세,경상
2020072000100147,2020년 7월 20일 09시,월요일,광주광역시 북구 신안동,경상사고,0,0,1,0,차대차 - 기타,교차로운행방법위반,젖음/습기,맑음,교차로 - 교차로안,승용,남,75세,상해없음,이륜,남,40세,경상
2020072000100148,2020년 7월 20일 09시,월요일,광주광역시 광산구 월계동,중상사고,0,1,0,0,차대차 - 측면충돌,안전운전불이행,건조,흐림,단일로 - 기타,승용,여,51세,상해없음,원동기,남,63세,중상
2020072000100173,2020년 7월 20일 10시,월요일,광주광역시 동구 계림동,경상사고,0,0,2,0,차대차 - 기타,신호위반,건조,맑음,교차로 - 교차로안,승용,여,43세,경상,승용,여,19세,경상
2020072000100174,2020년 7월 20일 10시,월요일,광주광역시 광산구 산정동,경상사고,0,0,1,2,차대차 - 추돌,안전운전불이행,건조,맑음,교차로 - 교차로부근,승용,남,52세,상해없음,승용,여,40세,경상
2020072000100204,2020년 7월 20일 11시,월요일,광주광역시 서구 화정동,경상사고,0,0,3,0,차대차 - 측면충돌,안전운전불이행,건조,맑음,단일로 - 기타,이륜,남,38세,경상,승용,여,49세,경상
2020072000100205,2020년 7월 20일 11시,월요일,광주광역시 광산구 신창동,경상사고,0,0,1,0,차대차 - 추돌,안전거리미확보,건조,맑음,단일로 - 기타,화물,남,40세,경상,특수,남,36세,상해없음
2020072000100206,2020년 7월 20일 11시,월요일,광주광역시 광산구 도천동,경상사고,0,0,1,0,차대차 - 기타,안전운전불이행,건조,맑음,단일로 - 기타,승용,남,60세,상해없음,화물,남,59세,경상
2020072000100298,2020년 7월 20일 14시,월요일,광주광역시 서구 동천동,경상사고,0,0,1,0,차대차 - 후진중충돌,안전운전불이행,건조,맑음,교차로 - 교차로안,승용,남,68세,상해없음,승용,남,30세,경상
2020072000100299,2020년 7월 20일 14시,월요일,광주광역시 북구 용봉동,경상사고,0,0,1,0,차대차 - 추돌,안전거리미확보,건조,맑음,교차로 - 교차로안,승용,남,57세,상해없음,승용,남,32세,상해없음
2020072000100300,2020년 7월 20일 14시,월요일,광주광역시 광산구 장덕동,경상사고,0,0,1,0,차대차 - 기타,안전운전불이행,건조,맑음,교차로 - 교차로부근,자전거,남,62세,경상,승용,여,41세,상해없음
2020072000100323,2020년 7월 20일 15시,월요일,광주광역시 서구 내방동,경상사고,0,0,1,0,차대차 - 측면충돌,안전운전불이행,건조,맑음,단일로 - 기타,승용,남,41세,상해없음,승용,남,40세,경상
2020072000100324,2020년 7월 20일 15시,월요일,광주광역시 북구 신안동,사망사고,1,0,0,0,차대차 - 측면충돌,교차로운행방법위반,건조,맑음,교차로 - 교차로안,승용,남,47세,상해없음,이륜,남,25세,사망
2020072000100325,2020년 7월 20일 15시,월요일,광주광역시 광산구 수완동,경상사고,0,0,1,4,차대차 - 측면충돌,안전거리미확보,건조,맑음,단일로 - 기타,승용,남,45세,경상,승용,남,19세,부상신고
2020072000100396,2020년 7월 20일 17시,월요일,광주광역시 서구 풍암동,경상사고,0,0,1,0,차대차 - 측면충돌,차로위반,건조,맑음,단일로 - 기타,승용,여,62세,상해없음,승용,남,39세,경상
2020072000100397,2020년 7월 20일 17시,월요일,광주광역시 광산구 소촌동,부상신고사고,0,0,0,1,차대차 - 정면충돌,안전운전불이행,건조,맑음,교차로 - 교차로부근,승용,남,29세,상해없음,자전거,남,68세,부상신고
2020072000100435,2020년 7월 20일 18시,월요일,광주광역시 서구 금호동,경상사고,0,0,1,0,차대차 - 추돌,안전운전불이행,건조,맑음,교차로 - 교차로부근,승용,남,43세,상해없음,이륜,남,24세,경상
2020072000100436,2020년 7월 20일 18시,월요일,광주광역시 남구 송하동,경상사고,0,0,3,0,차대차 - 추돌,안전거리미확보,건조,맑음,단일로 - 기타,승용,여,19세,상해없음,승용,여,60세,경상
2020072000100465,2020년 7월 20일 19시,월요일,광주광역시 남구 송하동,경상사고,0,0,1,0,차대차 - 측면충돌,교차로운행방법위반,건조,맑음,교차로 - 교차로안,승용,남,58세,상해없음,승용,남,29세,경상
2020072000100514,2020년 7월 20일 21시,월요일,광주광역시 동구 계림동,경상사고,0,0,1,0,차대차 - 정면충돌,신호위반,건조,맑음,교차로 - 교차로안,이륜,남,17세,경상,승용,남,22세,상해없음
2020072000100515,2020년 7월 20일 21시,월요일,광주광역시 광산구 월계동,중상사고,0,1,1,0,차대사람 - 횡단중,보행자보호의무위반,건조,흐림,교차로 - 교차로횡단보도내,승용,여,58세,상해없음,보행자,여,28세,경상
2020072000100532,2020년 7월 20일 22시,월요일,광주광역시 광산구 장록동,경상사고,0,0,1,0,차대차 - 추돌,안전운전불이행,젖음/습기,비,교차로 - 교차로부근,화물,남,25세,상해없음,화물,남,48세,경상
2020072100100050,2020년 7월 21일 03시,화요일,광주광역시 동구 학동,중상사고,0,1,1,0,차대차 - 기타,신호위반,건조,맑음,교차로 - 교차로안,화물,남,54세,상해없음,승용,남,51세,경상
2020072100100051,2020년 7월 21일 03시,화요일,광주광역시 서구 치평동,경상사고,0,0,2,0,차대차 - 측면충돌,신호위반,건조,흐림,교차로 - 교차로안,승용,남,17세,상해없음,승용,남,43세,경상
2020072100100052,2020년 7월 21일 03시,화요일,광주광역시 남구 월산동,경상사고,0,0,2,0,차대차 - 추돌,안전운전불이행,건조,맑음,교차로 - 교차로부근,승용,여,37세,상해없음,승용,남,68세,경상
2020072100100092,2020년 7월 21일 07시,화요일,광주광역시 북구 삼각동,부상신고사고,0,0,0,1,차대차 - 기타,안전운전불이행,건조,맑음,기타 - 기타,승용,남,28세,부상신고,화물,남,42세,기타불명
2020072100100122,2020년 7월 21일 08시,화요일,광주광역시 광산구 흑석동,경상사고,0,0,3,0,차대차 - 측면충돌,교차로운행방법위반,건조,맑음,교차로 - 교차로안,승용,여,39세,경상,승용,남,29세,경상
2020072100100148,2020년 7월 21일 09시,화요일,광주광역시 광산구 오선동,경상사고,0,0,1,0,차대차 - 후진중충돌,안전운전불이행,건조,맑음,교차로 - 교차로부근,승용,여,58세,상해없음,승용,남,39세,경상
2020072100100149,2020년 7월 21일 09시,화요일,광주광역시 광산구 우산동,경상사고,0,0,4,0,차대차 - 측면충돌,안전거리미확보,건조,맑음,단일로 - 터널,승용,여,46세,상해없음,승용,여,20세,경상
2020072100100181,2020년 7월 21일 10시,화요일,광주광역시 동구 산수동,경상사고,0,0,2,0,차대차 - 기타,안전운전불이행,건조,맑음,단일로 - 기타,승용,여,45세,상해없음,승용,여,50세,경상
2020072100100182,2020년 7월 21일 10시,화요일,광주광역시 북구 문흥동,경상사고,0,0,3,0,차대차 - 측면충돌,안전거리미확보,건조,맑음,교차로 - 교차로부근,승용,여,66세,상해없음,특수,남,31세,경상
2020072100100228,2020년 7월 21일 11시,화요일,광주광역시 남구 월산동,경상사고,0,0,3,0,차대차 - 추돌,안전운전불이행,건조,맑음,단일로 - 기타,승합,남,47세,상해없음,승용,남,33세,경상
2020072100100229,2020년 7월 21일 11시,화요일,광주광역시 북구 망월동,경상사고,0,0,5,0,차대차 - 추돌,안전운전불이행,건조,맑음,교차로 - 교차로안,승용,남,74세,경상,건설기계,남,56세,경상
2020072100100334,2020년 7월 21일 14시,화요일,광주광역시 동구 용산동,경상사고,0,0,1,0,차대사람 - 횡단중,신호위반,건조,맑음,교차로 - 교차로횡단보도내,이륜,여,42세,상해없음,보행자,남,29세,경상
2020072100100335,2020년 7월 21일 14시,화요일,광주광역시 서구 매월동,경상사고,0,0,3,0,차대차 - 측면충돌,안전운전불이행,건조,맑음,교차로 - 교차로부근,승용,남,63세,경상,화물,남,61세,경상
2020072100100336,2020년 7월 21일 14시,화요일,광주광역시 남구 월산동,경상사고,0,0,1,0,차대차 - 추돌,안전거리미확보,건조,맑음,교차로 - 교차로부근,승용,여,50세,상해없음,승용,여,43세,경상
2020072100100366,2020년 7월 21일 15시,화요일,광주광역시 남구 구동,경상사고,0,0,1,0,차대사람 - 기타,불법유턴,건조,맑음,단일로 - 기타,승용,여,48세,상해없음,보행자,여,30세,경상
2020072100100444,2020년 7월 21일 17시,화요일,광주광역시 광산구 소촌동,중상사고,0,1,0,0,차대사람 - 횡단중,안전운전불이행,건조,맑음,교차로 - 교차로안,승용,여,34세,상해없음,보행자,남,83세,중상
2020072100100494,2020년 7월 21일 18시,화요일,광주광역시 광산구 월곡동,경상사고,0,0,2,0,차대차 - 측면충돌,안전운전불이행,건조,맑음,교차로 - 교차로부근,이륜,남,16세,기타불명,승용,여,33세,경상