사고번호,사고일시,요일,시군구,사고내용,사망자수,중상자수,경상자수,부상신고자수,사고유형,법규위반,노면상태,기상상태,도로형태,가해운전자 차종,가해운전자 성별,가해운전자 연령,가해운전자 상해정도,피해운전자 차종,피해운전자 성별,피해운전자 연령,피해운전자 상해정도
2020072100100529,2020년 7월 21일 19시,화요일,광주광역시 서구 금호동,경상사고,0,0,2,1,차대차 - 정면충돌,중앙선침범,건조,맑음,단일로 - 기타,승용,남,48세,부상신고,승용,남,25세,경상
2020072100100554,2020년 7월 21일 20시,화요일,광주광역시 서구 내방동,경상사고,0,0,1,0,차대사람 - 횡단중,신호위반,젖음/습기,비,단일로 - 기타,이륜,남,31세,상해없음,보행자,여,15세,경상
2020072100100555,2020년 7월 21일 20시,화요일,광주광역시 남구 봉선동,경상사고,0,0,2,0,차대차 - 측면충돌,교차로운행방법위반,건조,맑음,교차로 - 교차로안,승용,여,39세,기타불명,승용,여,62세,경상
2020072100100556,2020년 7월 21일 20시,화요일,광주광역시 북구 일곡동,경상사고,0,0,1,0,차대사람 - 기타,기타,젖음/습기,비,기타 - 기타,개인형이동수단(PM),남,61세,상해없음,보행자,남,37세,경상
2020072100100580,2020년 7월 21일 21시,화요일,광주광역시 북구 중흥동,중상사고,0,1,0,0,차대사람 - 횡단중,보행자보호의무위반,젖음/습기,비,교차로 - 교차로횡단보도내,승용,여,38세,상해없음,보행자,여,48세,중상
2020072100100581,2020년 7월 21일 21시,화요일,광주광역시 광산구 우산동,경상사고,0,0,1,0,차대사람 - 보도통행중,신호위반,젖음/습기,비,교차로 - 교차로횡단보도내,기타불명,기타불명,미분류,기타불명,보행자,남,34세,경상
2020072100100602,2020년 7월 21일 22시,화요일,광주광역시 서구 쌍촌동,경상사고,0,0,5,0,차대차 - 측면충돌,기타,젖음/습기,비,교차로 - 교차로안,승용,남,26세,경상,승용,남,20세,경상
2020072100100603,2020년 7월 21일 22시,화요일,광주광역시 북구 운암동,경상사고,0,0,2,0,차대차 - 측면충돌,신호위반,젖음/습기,비,교차로 - 교차로안,승합,남,70세,상해없음,승합,남,59세,경상
2020072100100604,2020년 7월 21일 22시,화요일,광주광역시 북구 운암동,경상사고,0,0,2,0,차대차 - 추돌,안전운전불이행,젖음/습기,비,교차로 - 교차로부근,승용,남,35세,상해없음,승합,남,64세,경상
2020072200100012,2020년 7월 22일 00시,수요일,광주광역시 북구 문흥동,경상사고,0,0,1,0,차대차 - 측면충돌,안전운전불이행,젖음/습기,비,기타 - 기타,화물,남,43세,상해없음,이륜,남,35세,경상
2020072200100064,2020년 7월 22일 05시,수요일,광주광역시 서구 화정동,경상사고,0,0,1,0,차대차 - 추돌,안전운전불이행,기타,기타,단일로 - 기타,승용,여,45세,상해없음,승용,남,23세,경상
2020072200100105,2020년 7월 22일 07시,수요일,광주광역시 남구 월산동,부상신고사고,0,0,0,1,차대사람 - 기타,안전운전불이행,젖음/습기,비,단일로 - 기타,승용,남,61세,상해없음,보행자,남,79세,부상신고
2020072200100191,2020년 7월 22일 09시,수요일,광주광역시 서구 화정동,경상사고,0,0,1,0,차대차 - 측면충돌,안전운전불이행,건조,맑음,단일로 - 기타,승용,남,58세,상해없음,승용,남,29세,경상
2020072200100288,2020년 7월 22일 12시,수요일,광주광역시 서구 치평동,경상사고,0,0,2,0,차대차 - 기타,신호위반,젖음/습기,비,교차로 - 교차로안,승용,여,59세,상해없음,승용,여,46세,경상
2020072200100289,2020년 7월 22일 12시,수요일,광주광역시 북구 오치동,중상사고,0,1,1,0,차대차 - 기타,안전운전불이행,젖음/습기,비,교차로 - 교차로안,이륜,남,39세,중상,승용,여,59세,경상
2020072200100314,2020년 7월 22일 13시,수요일,광주광역시 남구 백운동,경상사고,0,0,1,0,차대사람 - 기타,안전운전불이행,젖음/습기,비,단일로 - 기타,승용,남,57세,상해없음,보행자,여,8세,경상
2020072200100315,2020년 7월 22일 13시,수요일,광주광역시 광산구 소촌동,경상사고,0,0,1,0,차대차 - 추돌,안전운전불이행,젖음/습기,비,단일로 - 기타,승용,남,57세,상해없음,승용,여,40세,경상
2020072200100345,2020년 7월 22일 14시,수요일,광주광역시 서구 덕흥동,경상사고,0,0,2,0,차대차 - 측면충돌,안전운전불이행,건조,맑음,단일로 - 지하차도(도로)내,승용,남,26세,경상,승용,남,62세,경상
2020072200100386,2020년 7월 22일 15시,수요일,광주광역시 서구 유촌동,경상사고,0,0,1,0,차대차 - 측면충돌,교차로운행방법위반,젖음/습기,비,교차로 - 교차로안,승합,남,19세,상해없음,승용,남,39세,경상
2020072200100412,2020년 7월 22일 16시,수요일,광주광역시 서구 광천동,경상사고,0,0,1,0,차대차 - 측면충돌,교차로운행방법위반,건조,맑음,교차로 - 교차로안,승용,남,36세,상해없음,승용,남,18세,경상
2020072200100413,2020년 7월 22일 16시,수요일,광주광역시 서구 치평동,경상사고,0,0,3,0,차대차 - 측면충돌,안전운전불이행,젖음/습기,비,단일로 - 기타,승용,남,34세,경상,승용,남,34세,경상
2020072200100414,2020년 7월 22일 16시,수요일,광주광역시 서구 광천동,경상사고,0,0,1,0,차대차 - 측면충돌,교차로운행방법위반,젖음/습기,비,교차로 - 교차로안,화물,남,62세,상해없음,승용,여,40세,경상
2020072200100415,2020년 7월 22일 16시,수요일,광주광역시 남구 양림동,경상사고,0,0,2,0,차대차 - 측면충돌,교차로운행방법위반,건조,맑음,교차로 - 교차로안,승용,여,21세,상해없음,승용,여,47세,경상
2020072200100416,2020년 7월 22일 16시,수요일,광주광역시 북구 동림동,경상사고,0,0,1,0,차대차 - 기타,안전운전불이행,건조,맑음,단일로 - 기타,승용,남,38세,상해없음,승용,남,38세,경상
2020072200100462,2020년 7월 22일 17시,수요일,광주광역시 광산구 우산동,경상사고,0,0,1,0,차대차 - 측면충돌,안전거리미확보,건조,맑음,단일로 - 기타,승용,남,62세,기타불명,승용,남,60세,경상
2020072200100507,2020년 7월 22일 18시,수요일,광주광역시 서구 유촌동,경상사고,0,0,1,0,차대차 - 측면충돌,안전운전불이행,건조,맑음,교차로 - 교차로부근,화물,남,53세,상해없음,승용,여,60세,경상
2020072200100508,2020년 7월 22일 18시,수요일,광주광역시 광산구 쌍암동,경상사고,0,0,2,1,차대차 - 측면충돌,안전운전불이행,건조,맑음,교차로 - 교차로부근,승용,남,50세,부상신고,화물,남,19세,경상
2020072200100552,2020년 7월 22일 19시,수요일,광주광역시 북구 월출동,중상사고,0,1,1,0,차대차 - 측면충돌,안전운전불이행,건조,맑음,단일로 - 기타,화물,남,59세,경상,화물,남,61세,중상
2020072200100553,2020년 7월 22일 19시,수요일,광주광역시 북구 장등동,경상사고,0,0,1,0,차대차 - 측면충돌,중앙선침범,건조,맑음,교차로 - 교차로부근,승용,남,35세,상해없음,승용,여,22세,경상
2020072200100614,2020년 7월 22일 21시,수요일,광주광역시 서구 양동,경상사고,0,0,1,0,차대차 - 기타,안전운전불이행,건조,맑음,교차로 - 교차로안,기타불명,기타불명,미분류,기타불명,승용,남,61세,상해없음
2020072200100615,2020년 7월 22일 21시,수요일,광주광역시 북구 용봉동,경상사고,0,0,1,0,차대차 - 기타,안전운전불이행,젖음/습기,흐림,단일로 - 기타,승용,남,23세,상해없음,이륜,남,22세,경상
2020072200100616,2020년 7월 22일 21시,수요일,광주광역시 광산구 신가동,경상사고,0,0,3,0,차대차 - 기타,안전거리미확보,젖음/습기,비,단일로 - 기타,승용,남,41세,경상,승용,여,56세,경상
2020072200100642,2020년 7월 22일 22시,수요일,광주광역시 광산구 송정동,경상사고,0,0,1,0,차대차 - 측면충돌,교차로운행방법위반,젖음/습기,흐림,교차로 - 교차로안,승용,여,50세,상해없음,이륜,남,21세,경상
2020072200100643,2020년 7월 22일 22시,수요일,광주광역시 광산구 신가동,경상사고,0,0,1,0,차대차 - 추돌,안전운전불이행,젖음/습기,비,단일로 - 기타,기타불명,기타불명,미분류,기타불명,승용,여,49세,경상
2020072200100670,2020년 7월 22일 23시,수요일,광주광역시 서구 동천동,경상사고,0,0,2,0,차대차 - 추돌,안전운전불이행,건조,맑음,교차로 - 교차로부근,승용,여,48세,상해없음,승용,남,62세,경상
2020072300100015,2020년 7월 23일 00시,목요일,광주광역시 북구 각화동,경상사고,0,0,1,0,차대차 - 측면충돌,안전운전불이행,건조,맑음,교차로 - 교차로안,승용,남,61세,상해없음,승용,남,24세,경상
2020072300100016,2020년 7월 23일 00시,목요일,광주광역시 광산구 삼거동,경상사고,0,0,1,0,차량단독 - 공작물충돌,안전운전불이행,젖음/습기,비,단일로 - 기타,승용,남,29세,경상,,,,
2020072300100036,2020년 7월 23일 02시,목요일,광주광역시 서구 화정동,중상사고,0,1,1,0,차대차 - 정면충돌,신호위반,건조,맑음,교차로 - 교차로안,승용,남,24세,중상,승용,남,50세,경상
2020072300100069,2020년 7월 23일 06시,목요일,광주광역시 광산구 월계동,경상사고,0,0,1,0,차대차 - 기타,안전운전불이행,젖음/습기,맑음,단일로 - 기타,승용,남,21세,상해없음,승용,남,36세,경상
2020072300100092,2020년 7월 23일 07시,목요일,광주광역시 서구 풍암동,경상사고,0,0,1,0,차대차 - 측면충돌,교차로운행방법위반,건조,맑음,교차로 - 교차로안,승용,여,41세,상해없음,화물,남,53세,경상
2020072300100093,2020년 7월 23일 07시,목요일,광주광역시 광산구 진곡동,경상사고,0,0,1,0,차대차 - 추돌,안전운전불이행,젖음/습기,비,교차로 - 교차로부근,승용,남,24세,상해없음,승용,남,24세,경상
2020072300100178,2020년 7월 23일 10시,목요일,광주광역시 서구 쌍촌동,중상사고,0,1,1,0,차대차 - 기타,안전운전불이행,젖음/습기,비,단일로 - 기타,승용,남,38세,상해없음,승용,남,49세,경상
2020072300100179,2020년 7월 23일 10시,목요일,광주광역시 서구 치평동,경상사고,0,0,3,0,차대차 - 측면충돌,교차로운행방법위반,젖음/습기,비,교차로 - 교차로안,승용,남,65세,경상,승용,남,52세,경상
2020072300100180,2020년 7월 23일 10시,목요일,광주광역시 광산구 신가동,경상사고,0,0,1,1,차대차 - 측면충돌,신호위반,젖음/습기,비,교차로 - 교차로안,승용,여,33세,부상신고,화물,남,38세,경상
2020072300100181,2020년 7월 23일 10시,목요일,광주광역시 광산구 월전동,경상사고,0,0,1,0,차대차 - 정면충돌,교차로운행방법위반,젖음/습기,비,교차로 - 교차로안,승용,남,57세,상해없음,승용,남,49세,경상
2020072300100198,2020년 7월 23일 11시,목요일,광주광역시 서구 풍암동,경상사고,0,0,2,0,차대차 - 측면충돌,안전운전불이행,건조,맑음,단일로 - 기타,승용,여,59세,상해없음,승용,여,34세,경상
2020072300100262,2020년 7월 23일 13시,목요일,광주광역시 동구 서석동,중상사고,0,1,0,0,차대사람 - 횡단중,안전운전불이행,건조,맑음,교차로 - 교차로안,승용,남,45세,상해없음,보행자,남,45세,중상
2020072300100263,2020년 7월 23일 13시,목요일,광주광역시 북구 오치동,경상사고,0,0,1,0,차대사람 - 차도통행중,보행자보호의무위반,젖음/습기,비,교차로 - 교차로안,이륜,남,36세,상해없음,보행자,남,70세,경상
2020072300100361,2020년 7월 23일 16시,목요일,광주광역시 동구 금남로5가,경상사고,0,0,1,0,차대차 - 후진중충돌,안전운전불이행,건조,맑음,단일로 - 기타,승용,남,65세,상해없음,승용,남,41세,경상
2020072300100362,2020년 7월 23일 16시,목요일,광주광역시 북구 문흥동,경상사고,0,0,2,0,차대차 - 측면충돌,교차로운행방법위반,젖음/습기,비,교차로 - 교차로안,승용,여,50세,경상,승용,여,43세,상해없음
2020072300100458,2020년 7월 23일 18시,목요일,광주광역시 동구 학동,중상사고,0,1,0,0,차대차 - 기타,신호위반,건조,맑음,교차로 - 교차로안,승용,여,44세,상해없음,승용,여,59세,중상
2020072300100459,2020년 7월 23일 18시,목요일,광주광역시 북구 용봉동,경상사고,0,0,1,0,차대차 - 측면충돌,안전운전불이행,젖음/습기,비,단일로 - 기타,승용,남,69세,상해없음,이륜,남,28세,경상
2020072300100460,2020년 7월 23일 18시,목요일,광주광역시 북구 문흥동,경상사고,0,0,3,0,차대사람 - 기타,안전운전불이행,젖음/습기,비,기타 - 기타,승용,남,70세,기타불명,보행자,여,64세,경상
2020072300100504,2020년 7월 23일 19시,목요일,광주광역시 서구 마륵동,부상신고사고,0,0,0,1,차량단독 - 공작물충돌,안전운전불이행,젖음/습기,흐림,단일로 - 지하차도(도로)내,화물,남,38세,부상신고,,,,
2020072300100505,2020년 7월 23일 19시,목요일,광주광역시 남구 월산동,경상사고,0,0,1,1,차대차 - 측면충돌,신호위반,젖음/습기,비,교차로 - 교차로안,이륜,남,72세,부상신고,승용,남,67세,경상
2020072300100506,2020년 7월 23일 19시,목요일,광주광역시 광산구 월전동,경상사고,0,0,1,0,차대차 - 측면충돌,차로위반,젖음/습기,비,단일로 - 기타,화물,남,43세,상해없음,승용,남,20세,경상
2020072300100564,2020년 7월 23일 20시,목요일,광주광역시 광산구 우산동,경상사고,0,0,1,0,차대사람 - 기타,안전운전불이행,젖음/습기,비,단일로 - 기타,승용,여,46세,상해없음,보행자,남,47세,경상
2020072300100610,2020년 7월 23일 21시,목요일,광주광역시 서구 유촌동,경상사고,0,0,1,0,차대차 - 측면충돌,신호위반,건조,흐림,교차로 - 교차로안,승용,남,61세,상해없음,승용,남,23세,경상
2020072300100611,2020년 7월 23일 21시,목요일,광주광역시 북구 오치동,중상사고,0,1,0,0,차대사람 - 기타,보행자보호의무위반,젖음/습기,비,교차로 - 교차로횡단보도내,승용,남,63세,상해없음,보행자,여,55세,중상
2020072300100661,2020년 7월 23일 22시,목요일,광주광역시 서구 쌍촌동,중상사고,0,1,0,0,차대차 - 측면충돌,안전운전불이행,건조,맑음,교차로 - 교차로안,승용,남,31세,상해없음,이륜,남,34세,중상
2020072400100017,2020년 7월 24일 00시,금요일,광주광역시 서구 농성동,경상사고,0,0,1,0,차대차 - 기타,안전운전불이행,건조,맑음,교차로 - 교차로안,승용,남,60세,상해없음,자전거,남,56세,경상
2020072400100018,2020년 7월 24일 00시,금요일,광주광역시 남구 주월동,중상사고,0,1,0,0,차대사람 - 기타,안전운전불이행,젖음/습기,비,단일로 - 기타,승용,남,36세,상해없음,보행자,남,22세,중상
2020072400100046,2020년 7월 24일 03시,금요일,광주광역시 북구 생용동,경상사고,0,0,1,0,차량단독 - 공작물충돌,안전운전불이행,건조,맑음,단일로 - 기타,승용,남,19세,경상,,,,
2020072400100080,2020년 7월 24일 07시,금요일,광주광역시 북구 유동,경상사고,0,0,5,0,차대차 - 기타,신호위반,젖음/습기,비,교차로 - 교차로안,화물,남,19세,경상,승용,남,60세,경상
2020072400100106,2020년 7월 24일 08시,금요일,광주광역시 남구 월산동,경상사고,0,0,1,0,차대차 - 측면충돌,교차로운행방법위반,건조,맑음,교차로 - 교차로안,승용,여,59세,상해없음,승용,여,55세,경상
2020072400100133,2020년 7월 24일 09시,금요일,광주광역시 서구 광천동,경상사고,0,0,1,0,차대차 - 기타,안전운전불이행,젖음/습기,비,단일로 - 기타,화물,남,56세,상해없음,승용,남,30세,경상
2020072400100134,2020년 7월 24일 09시,금요일,광주광역시 남구 월산동,경상사고,0,0,4,0,차대차 - 측면충돌,안전거리미확보,젖음/습기,맑음,단일로 - 기타,승용,여,65세,경상,승용,남,64세,경상
2020072400100193,2020년 7월 24일 11시,금요일,광주광역시 서구 양동,경상사고,0,0,1,0,차대차 - 측면충돌,안전거리미확보,건조,맑음,단일로 - 기타,승용,남,54세,기타불명,승용,남,53세,경상
2020072400100194,2020년 7월 24일 11시,금요일,광주광역시 북구 각화동,경상사고,0,0,3,0,차대차 - 기타,안전운전불이행,건조,맑음,단일로 - 기타,이륜,남,44세,상해없음,승용,남,55세,경상
2020072400100253,2020년 7월 24일 13시,금요일,광주광역시 남구 월산동,경상사고,0,0,1,0,차대차 - 측면충돌,신호위반,젖음/습기,비,교차로 - 교차로안,원동기,여,29세,경상,승용,남,60세,상해없음
2020072400100315,2020년 7월 24일 15시,금요일,광주광역시 동구 계림동,경상사고,0,0,1,0,차대차 - 추돌,안전운전불이행,젖음/습기,흐림,단일로 - 기타,승용,남,59세,상해없음,승용,남,58세,상해없음
2020072400100316,2020년 7월 24일 15시,금요일,광주광역시 광산구 신창동,중상사고,0,1,0,0,차대사람 - 횡단중,보행자보호의무위반,젖음/습기,비,교차로 - 교차로횡단보도내,승용,남,37세,상해없음,보행자,남,68세,중상
2020072400100354,2020년 7월 24일 16시,금요일,광주광역시 서구 쌍촌동,중상사고,0,1,1,0,차대차 - 측면충돌,교차로운행방법위반,건조,맑음,교차로 - 교차로안,이륜,남,41세,중상,승용,남,47세,경상
2020072400100393,2020년 7월 24일 17시,금요일,광주광역시 서구 화정동,경상사고,0,0,1,0,차대차 - 측면충돌,안전거리미확보,건조,맑음,단일로 - 기타,승용,남,23세,상해없음,이륜,남,60세,경상
2020072400100394,2020년 7월 24일 17시,금요일,광주광역시 서구 풍암동,경상사고,0,0,2,0,차대차 - 측면충돌,안전운전불이행,젖음/습기,비,교차로 - 교차로부근,승용,남,54세,상해없음,승용,남,23세,경상
2020072400100395,2020년 7월 24일 17시,금요일,광주광역시 남구 양림동,경상사고,0,0,2,0,차대차 - 추돌,안전운전불이행,건조,맑음,교차로 - 교차로안,승용,남,77세,상해없음,승용,남,62세,경상
2020072400100396,2020년 7월 24일 17시,금요일,광주광역시 북구 신안동,경상사고,0,0,1,0,차대차 - 기타,안전운전불이행,젖음/습기,비,단일로 - 기타,승용,남,33세,상해없음,자전거,남,81세,경상
2020072400100455,2020년 7월 24일 18시,금요일,광주광역시 서구 치평동,경상사고,0,0,1,0,차대사람 - 기타,안전운전불이행,건조,맑음,기타 - 기타,승합,남,58세,기타불명,보행자,남,73세,경상
2020072400100456,2020년 7월 24일 18시,금요일,광주광역시 북구 양산동,경상사고,0,0,1,0,차대차 - 추돌,안전운전불이행,건조,맑음,교차로 - 교차로부근,승용,여,27세,상해없음,승용,남,36세,상해없음
2020072400100532,2020년 7월 24일 20시,금요일,광주광역시 광산구 우산동,중상사고,0,1,0,0,차대차 - 정면충돌,교차로운행방법위반,젖음/습기,비,교차로 - 교차로안,승용,남,20세,상해없음,이륜,남,44세,중상
2020072400100533,2020년 7월 24일 20시,금요일,광주광역시 광산구 신가동,경상사고,0,0,2,0,차대차 - 측면충돌,교차로운행방법위반,건조,맑음,교차로 - 교차로안,승용,남,24세,경상,원동기,남,35세,경상
2020072400100577,2020년 7월 24일 21시,금요일,광주광역시 북구 삼각동,중상사고,0,1,0,0,차대차 - 추돌,안전운전불이행,젖음/습기,비,교차로 - 교차로안,승용,여,64세,상해없음,이륜,남,53세,중상
2020072400100618,2020년 7월 24일 22시,금요일,광주광역시 서구 쌍촌동,경상사고,0,0,1,0,차대차 - 기타,중앙선침범,젖음/습기,비,단일로 - 기타,승용,남,46세,상해없음,이륜,남,33세,경상
2020072400100619,2020년 7월 24일 22시,금요일,광주광역시 서구 농성동,경상사고,0,0,1,0,차대사람 - 횡단중,안전운전불이행,건조,맑음,교차로 - 교차로안,승용,남,41세,상해없음,보행자,남,48세,경상
2020072400100620,2020년 7월 24일 22시,금요일,광주광역시 광산구 지평동,경상사고,0,0,2,0,차대차 - 측면충돌,안전운전불이행,건조,맑음,단일로 - 기타,승용,여,35세,경상,화물,남,45세,경상
2020072400100649,2020년 7월 24일 23시,금요일,광주광역시 서구 유촌동,부상신고사고,0,0,0,1,차대차 - 정면충돌,안전운전불이행,건조,맑음,단일로 - 기타,승용,여,50세,상해없음,승용,남,36세,부상신고
2020072400100650,2020년 7월 24일 23시,금요일,광주광역시 남구 주월동,경상사고,0,0,1,0,차대차 - 측면충돌,신호위반,젖음/습기,비,교차로 - 교차로안,승용,여,55세,상해없음,승용,남,50세,경상
2020072400100651,2020년 7월 24일 23시,금요일,광주광역시 광산구 송정동,경상사고,0,0,1,0,차대차 - 측면충돌,안전거리미확보,건조,맑음,교차로 - 교차로안,승용,여,59세,기타불명,승용,여,27세,경상
2020072500100046,2020년 7월 25일 01시,토요일,광주광역시 서구 풍암동,경상사고,0,0,3,0,차대차 - 추돌,안전운전불이행,건조,맑음,교차로 - 교차로부근,승용,여,56세,상해없음,승용,남,55세,경상
2020072500100047,2020년 7월 25일 01시,토요일,광주광역시 광산구 운남동,경상사고,0,0,3,0,차대차 - 추돌,안전운전불이행,건조,흐림,교차로 - 교차로부근,승용,남,35세,기타불명,승용,남,51세,경상
2020072500100085,2020년 7월 25일 04시,토요일,광주광역시 광산구 흑석동,중상사고,0,1,0,0,차대사람 - 횡단중,안전운전불이행,젖음/습기,비,교차로 - 교차로안,승용,남,23세,상해없음,보행자,여,42세,중상
2020072500100110,2020년 7월 25일 06시,토요일,광주광역시 광산구 운남동,중상사고,0,1,0,0,차대차 - 측면충돌,안전운전불이행,젖음/습기,비,단일로 - 기타,자전거,남,73세,중상,승합,남,53세,상해없음
2020072500100121,2020년 7월 25일 07시,토요일,광주광역시 서구 양동,경상사고,0,0,6,0,차대차 - 추돌,안전운전불이행,젖음/습기,비,단일로 - 기타,승용,남,21세,경상,화물,남,70세,경상
2020072500100167,2020년 7월 25일 09시,토요일,광주광역시 북구 동림동,사망사고,1,0,0,0,차대차 - 기타,안전거리미확보,젖음/습기,흐림,단일로 - 기타,승용,남,37세,상해없음,이륜,남,26세,사망
2020072500100196,2020년 7월 25일 10시,토요일,광주광역시 북구 운암동,중상사고,0,1,0,0,차대차 - 측면충돌,안전운전불이행,건조,맑음,교차로 - 교차로안,승용,여,57세,상해없음,승용,여,58세,중상
2020072500100226,2020년 7월 25일 11시,토요일,광주광역시 광산구 도산동,경상사고,0,0,3,0,차대차 - 측면충돌,안전운전불이행,건조,맑음,교차로 - 교차로안,승용,여,44세,경상,승용,남,63세,상해없음
2020072500100261,2020년 7월 25일 12시,토요일,광주광역시 북구 두암동,경상사고,0,0,2,0,차대차 - 측면충돌,직진우회전진행방해,젖음/습기,비,교차로 - 교차로안,승용,남,72세,경상,승용,남,63세,경상
2020072500100301,2020년 7월 25일 13시,토요일,광주광역시 북구 우산동,경상사고,0,0,1,0,차대차 - 측면충돌,안전운전불이행,건조,흐림,단일로 - 기타,승합,남,49세,상해없음,승용,여,52세,경상
2020072500100340,2020년 7월 25일 14시,토요일,광주광역시 서구 광천동,경상사고,0,0,2,0,차대차 - 측면충돌,차로위반,건조,맑음,단일로 - 기타,승용,남,61세,상해없음,승용,남,29세,경상
2020072500100413,2020년 7월 25일 16시,토요일,광주광역시 북구 운암동,중상사고,0,1,0,0,차대사람 - 횡단중,안전운전불이행,건조,맑음,단일로 - 기타,원동기,남,17세,상해없음,보행자,여,72세,중상
2020072500100516,2020년 7월 25일 19시,토요일,광주광역시 광산구 수완동,경상사고,0,0,1,0,차대차 - 측면충돌,신호위반,건조,맑음,교차로 - 교차로부근,기타불명,기타불명,미분류,기타불명,자전거,남,10세,경상
2020072500100557,2020년 7월 25일 20시,토요일,광주광역시 서구 농성동,경상사고,0,0,1,0,차대차 - 기타,안전운전불이행,건조,맑음,단일로 - 기타,승용,남,29세,상해없음,자전거,남,62세,경상
2020072500100558,2020년 7월 25일 20시,토요일,광주광역시 북구 장등동,경상사고,0,0,5,0,차대차 - 측면충돌,신호위반,젖음/습기,비,교차로 - 교차로안,승용,남,59세,상해없음,승용,남,31세,경상
2020072500100559,2020년 7월 25일 20시,토요일,광주광역시 북구 오치동,경상사고,0,0,1,0,차량단독 - 기타,기타,젖음/습기,흐림,단일로 - 기타,승합,남,70세,상해없음,,,,
2020072500100584,2020년 7월 25일 21시,토요일,광주광역시 광산구 신가동,경상사고,0,0,1,0,차대사람 - 횡단중,보행자보호의무위반,젖음/습기,비,교차로 - 교차로안,승용,남,73세,상해없음,보행자,여,21세,경상
2020072500100615,2020년 7월 25일 22시,토요일,광주광역시 북구 운암동,경상사고,0,0,1,0,차량단독 - 공작물충돌,안전운전불이행,젖음/습기,맑음,교차로 - 교차로안,승용,여,51세,경상,,,,
2020072500100638,2020년 7월 25일 23시,토요일,광주광역시 북구 두암동,경상사고,0,0,1,0,차대사람 - 기타,안전운전불이행,젖음/습기,비,단일로 - 기타,승용,남,23세,상해없음,보행자,여,45세,경상
2020072600100018,2020년 7월 26일 00시,일요일,광주광역시 북구 용전동,중상사고,0,1,0,0,차량단독 - 공작물충돌,안전운전불이행,건조,맑음,교차로 - 교차로안,승용,남,43세,중상,,,,
2020072600100040,2020년 7월 26일 02시,일요일,광주광역시 광산구 서봉동,경상사고,0,0,3,0,차대차 - 추돌,안전거리미확보,젖음/습기,흐림,기타 - 기타,승용,남,52세,경상,승용,남,51세,경상
2020072600100077,2020년 7월 26일 06시,일요일,광주광역시 광산구 비아동,중상사고,0,1,0,0,차대차 - 측면충돌,중앙선침범,건조,맑음,단일로 - 기타,승용,여,36세,기타불명,승용,남,47세,중상
2020072600100108,2020년 7월 26일 09시,일요일,광주광역시 남구 주월동,경상사고,0,0,2,0,차대차 - 측면충돌,교차로운행방법위반,건조,맑음,교차로 - 교차로안,승합,남,63세,상해없음,승용,여,46세,경상
2020072600100109,2020년 7월 26일 09시,일요일,광주광역시 광산구 월곡동,중상사고,0,1,0,1,차대차 - 측면충돌,안전거리미확보,건조,맑음,교차로 - 교차로안,승용,남,60세,부상신고,이륜,남,33세,중상
2020072600100175,2020년 7월 26일 12시,일요일,광주광역시 남구 방림동,경상사고,0,0,1,0,차대차 - 기타,안전운전불이행,건조,맑음,기타 - 기타,기타불명,기타불명,미분류,기타불명,자전거,여,52세,경상
2020072600100241,2020년 7월 26일 14시,일요일,광주광역시 동구 대의동,경상사고,0,0,3,0,차대차 - 측면충돌,안전운전불이행,건조,맑음,단일로 - 기타,승용,남,78세,상해없음,승용,남,39세,상해없음
2020072600100307,2020년 7월 26일 16시,일요일,광주광역시 광산구 산월동,경상사고,0,0,1,1,차대차 - 측면충돌,안전운전불이행,건조,맑음,단일로 - 기타,자전거,여,50세,부상신고,자전거,남,69세,경상
2020072600100362,2020년 7월 26일 18시,일요일,광주광역시 광산구 운남동,경상사고,0,0,2,0,차대차 - 측면충돌,안전운전불이행,건조,맑음,교차로 - 교차로안,승용,남,68세,상해없음,승용,남,28세,경상
2020072600100410,2020년 7월 26일 20시,일요일,광주광역시 서구 농성동,경상사고,0,0,1,0,차대차 - 후진중충돌,안전운전불이행,건조,맑음,교차로 - 교차로부근,승용,남,64세,상해없음,승용,남,23세,경상
2020072600100436,2020년 7월 26일 22시,일요일,광주광역시 북구 두암동,경상사고,0,0,1,0,차대차 - 측면충돌,안전운전불이행,건조,흐림,교차로 - 교차로안,승용,남,45세,기타불명,원동기,여,24세,경상
2020072700100183,2020년 7월 27일 10시,월요일,광주광역시 서구 쌍촌동,경상사고,0,0,1,0,차량단독 - 기타,안전운전불이행,건조,맑음,단일로 - 기타,승합,남,72세,상해없음,,,,
2020072700100184,2020년 7월 27일 10시,월요일,광주광역시 북구 각화동,중상사고,0,1,0,0,차대사람 - 기타,안전운전불이행,건조,맑음,단일로 - 기타,승용,남,43세,상해없음,보행자,남,76세,중상
2020072700100294,2020년 7월 27일 13시,월요일,광주광역시 북구 운암동,중상사고,0,1,0,0,차대사람 - 횡단중,안전운전불이행,건조,맑음,단일로 - 기타,승용,여,47세,상해없음,보행자,여,89세,중상
2020072700100334,2020년 7월 27일 14시,월요일,광주광역시 북구 동림동,중상사고,0,1,0,0,차대차 - 측면충돌,안전운전불이행,건조,맑음,단일로 - 기타,화물,남,52세,상해없음,이륜,남,36세,중상
2020072700100335,2020년 7월 27일 14시,월요일,광주광역시 북구 신안동,경상사고,0,0,1,0,차대차 - 측면충돌,안전운전불이행,건조,흐림,교차로 - 교차로안,화물,남,42세,상해없음,승용,남,28세,경상
2020072700100336,2020년 7월 27일 14시,월요일,광주광역시 광산구 쌍암동,경상사고,0,0,2,0,차대차 - 측면충돌,안전운전불이행,건조,맑음,기타 - 기타,승용,남,21세,상해없음,승용,여,52세,경상