사고번호,사고일시,요일,시군구,사고내용,사망자수,중상자수,경상자수,부상신고자수,사고유형,법규위반,노면상태,기상상태,도로형태,가해운전자 차종,가해운전자 성별,가해운전자 연령,가해운전자 상해정도,피해운전자 차종,피해운전자 성별,피해운전자 연령,피해운전자 상해정도
2020072700100374,2020년 7월 27일 15시,월요일,광주광역시 광산구 산정동,경상사고,0,0,2,0,차대차 - 기타,안전운전불이행,젖음/습기,비,단일로 - 기타,이륜,남,61세,상해없음,승용,남,24세,경상
2020072700100410,2020년 7월 27일 16시,월요일,광주광역시 동구 대인동,경상사고,0,0,1,0,차대차 - 기타,안전운전불이행,젖음/습기,비,교차로 - 교차로안,화물,남,53세,상해없음,승용,남,41세,경상
2020072700100411,2020년 7월 27일 16시,월요일,광주광역시 북구 중흥동,경상사고,0,0,1,0,차대사람 - 기타,안전운전불이행,젖음/습기,비,단일로 - 기타,승용,남,65세,상해없음,보행자,남,31세,경상
2020072700100449,2020년 7월 27일 17시,월요일,광주광역시 남구 송하동,중상사고,0,1,3,0,차대차 - 추돌,안전운전불이행,젖음/습기,비,단일로 - 기타,승용,남,21세,상해없음,승합,남,58세,경상
2020072700100487,2020년 7월 27일 18시,월요일,광주광역시 광산구 신촌동,경상사고,0,0,5,0,차대차 - 추돌,안전운전불이행,젖음/습기,흐림,단일로 - 기타,화물,남,78세,경상,승용,남,29세,경상
2020072700100488,2020년 7월 27일 18시,월요일,광주광역시 광산구 신가동,경상사고,0,0,2,0,차대차 - 기타,안전거리미확보,건조,맑음,단일로 - 기타,승용,남,60세,상해없음,승용,남,20세,경상
2020072700100516,2020년 7월 27일 19시,월요일,광주광역시 남구 진월동,경상사고,0,0,1,0,차대차 - 측면충돌,차로위반,젖음/습기,흐림,교차로 - 교차로부근,승용,남,58세,기타불명,이륜,남,18세,경상
2020072700100552,2020년 7월 27일 20시,월요일,광주광역시 북구 오치동,경상사고,0,0,2,0,차대차 - 기타,안전운전불이행,건조,맑음,교차로 - 교차로안,승용,남,52세,경상,승용,남,32세,경상
2020072700100553,2020년 7월 27일 20시,월요일,광주광역시 광산구 비아동,중상사고,0,1,0,0,차대차 - 측면충돌,신호위반,젖음/습기,비,교차로 - 교차로안,승용,남,41세,상해없음,이륜,남,32세,중상
2020072700100554,2020년 7월 27일 20시,월요일,광주광역시 광산구 수완동,경상사고,0,0,2,0,차대차 - 후진중충돌,안전운전불이행,젖음/습기,비,단일로 - 기타,승용,여,43세,상해없음,승용,남,30세,경상
2020072700100599,2020년 7월 27일 22시,월요일,광주광역시 북구 용봉동,경상사고,0,0,1,0,차대차 - 후진중충돌,안전운전불이행,건조,맑음,단일로 - 기타,승용,남,53세,상해없음,개인형이동수단(PM),남,47세,경상
2020072700100600,2020년 7월 27일 22시,월요일,광주광역시 북구 본촌동,경상사고,0,0,3,0,차대차 - 추돌,안전운전불이행,젖음/습기,비,단일로 - 기타,승용,남,26세,경상,승용,여,37세,경상
2020072800100066,2020년 7월 28일 06시,화요일,광주광역시 북구 우산동,경상사고,0,0,1,0,차대차 - 추돌,안전운전불이행,건조,맑음,교차로 - 교차로부근,승용,남,63세,기타불명,승용,여,28세,경상
2020072800100085,2020년 7월 28일 07시,화요일,광주광역시 남구 구동,경상사고,0,0,1,0,차대차 - 추돌,안전운전불이행,건조,맑음,단일로 - 기타,승용,남,19세,상해없음,승용,여,41세,경상
2020072800100136,2020년 7월 28일 09시,화요일,광주광역시 서구 유촌동,경상사고,0,0,1,0,차대차 - 추돌,안전운전불이행,건조,맑음,단일로 - 기타,승용,남,51세,상해없음,승용,여,50세,경상
2020072800100159,2020년 7월 28일 10시,화요일,광주광역시 북구 문흥동,중상사고,0,1,0,0,차대사람 - 횡단중,안전운전불이행,건조,맑음,단일로 - 기타,승용,남,57세,상해없음,보행자,여,78세,중상
2020072800100238,2020년 7월 28일 13시,화요일,광주광역시 북구 각화동,경상사고,0,0,3,0,차대차 - 측면충돌,안전운전불이행,건조,맑음,교차로 - 교차로부근,승용,여,72세,상해없음,승용,여,41세,경상
2020072800100260,2020년 7월 28일 14시,화요일,광주광역시 남구 송하동,경상사고,0,0,1,0,차대차 - 기타,차로위반,건조,맑음,단일로 - 기타,승용,여,70세,기타불명,승용,남,24세,경상
2020072800100261,2020년 7월 28일 14시,화요일,광주광역시 광산구 하남동,경상사고,0,0,2,0,차대차 - 추돌,안전운전불이행,젖음/습기,비,단일로 - 기타,승용,남,43세,상해없음,승용,여,43세,경상
2020072800100333,2020년 7월 28일 16시,화요일,광주광역시 서구 유촌동,경상사고,0,0,2,0,차대차 - 측면충돌,안전운전불이행,건조,맑음,교차로 - 교차로안,승용,남,63세,상해없음,승용,남,27세,경상
2020072800100334,2020년 7월 28일 16시,화요일,광주광역시 북구 신용동,경상사고,0,0,1,0,차대차 - 기타,신호위반,건조,맑음,단일로 - 기타,이륜,남,59세,기타불명,승용,남,37세,경상
2020072800100376,2020년 7월 28일 17시,화요일,광주광역시 광산구 우산동,경상사고,0,0,2,0,차대차 - 측면충돌,안전거리미확보,건조,맑음,단일로 - 기타,화물,남,62세,경상,승용,남,24세,경상
2020072800100423,2020년 7월 28일 18시,화요일,광주광역시 서구 동천동,경상사고,0,0,2,0,차대차 - 측면충돌,안전운전불이행,건조,맑음,교차로 - 교차로안,승용,여,39세,경상,승용,남,39세,경상
2020072800100424,2020년 7월 28일 18시,화요일,광주광역시 서구 치평동,경상사고,0,0,1,0,차대차 - 기타,안전거리미확보,건조,맑음,교차로 - 교차로부근,승용,남,52세,상해없음,승용,남,58세,경상
2020072800100425,2020년 7월 28일 18시,화요일,광주광역시 서구 치평동,경상사고,0,0,1,0,차대차 - 측면충돌,안전운전불이행,건조,맑음,단일로 - 기타,승용,남,62세,상해없음,승용,남,49세,경상
2020072800100462,2020년 7월 28일 19시,화요일,광주광역시 북구 중흥동,경상사고,0,0,1,0,차대차 - 측면충돌,안전거리미확보,젖음/습기,비,교차로 - 교차로부근,승용,여,29세,상해없음,승용,남,30세,경상
2020072800100463,2020년 7월 28일 19시,화요일,광주광역시 광산구 월곡동,경상사고,0,0,2,0,차대차 - 기타,안전운전불이행,젖음/습기,비,기타 - 기타,화물,남,60세,상해없음,승용,남,42세,경상
2020072800100464,2020년 7월 28일 19시,화요일,광주광역시 광산구 쌍암동,경상사고,0,0,1,0,차대사람 - 기타,안전운전불이행,젖음/습기,비,단일로 - 기타,기타불명,기타불명,미분류,기타불명,보행자,남,27세,경상
2020072800100510,2020년 7월 28일 20시,화요일,광주광역시 북구 동림동,경상사고,0,0,1,0,차대차 - 정면충돌,중앙선침범,젖음/습기,비,단일로 - 기타,승용,남,29세,상해없음,이륜,남,23세,경상
2020072800100511,2020년 7월 28일 20시,화요일,광주광역시 북구 신용동,경상사고,0,0,1,0,차대차 - 측면충돌,불법유턴,젖음/습기,비,교차로 - 교차로부근,승용,남,47세,기타불명,승용,여,57세,경상
2020072800100541,2020년 7월 28일 21시,화요일,광주광역시 서구 풍암동,경상사고,0,0,1,0,차대차 - 측면충돌,안전거리미확보,젖음/습기,비,단일로 - 기타,승용,여,44세,상해없음,승용,여,57세,경상
2020072800100542,2020년 7월 28일 21시,화요일,광주광역시 남구 주월동,경상사고,0,0,1,0,차대차 - 추돌,안전거리미확보,젖음/습기,비,단일로 - 기타,승용,남,65세,상해없음,승용,여,28세,경상
2020072800100567,2020년 7월 28일 22시,화요일,광주광역시 남구 백운동,경상사고,0,0,1,0,차대차 - 추돌,안전운전불이행,젖음/습기,비,교차로 - 교차로부근,승용,남,35세,상해없음,승용,여,33세,경상
2020072900100119,2020년 7월 29일 08시,수요일,광주광역시 서구 풍암동,경상사고,0,0,1,0,차대차 - 기타,안전운전불이행,건조,맑음,교차로 - 교차로부근,승용,여,37세,상해없음,승용,여,52세,경상
2020072900100120,2020년 7월 29일 08시,수요일,광주광역시 남구 월산동,경상사고,0,0,1,0,차대차 - 기타,안전운전불이행,건조,맑음,단일로 - 기타,승용,남,57세,상해없음,승용,남,35세,경상
2020072900100121,2020년 7월 29일 08시,수요일,광주광역시 남구 월산동,경상사고,0,0,2,0,차대차 - 측면충돌,교차로운행방법위반,건조,맑음,교차로 - 교차로안,승용,여,42세,경상,승용,여,51세,경상
2020072900100122,2020년 7월 29일 08시,수요일,광주광역시 북구 운암동,경상사고,0,0,1,0,차대차 - 측면충돌,안전운전불이행,젖음/습기,비,교차로 - 교차로안,화물,남,60세,상해없음,승용,여,40세,경상
2020072900100153,2020년 7월 29일 09시,수요일,광주광역시 서구 농성동,경상사고,0,0,2,0,차대차 - 추돌,안전거리미확보,젖음/습기,비,단일로 - 기타,승용,남,39세,상해없음,승용,여,63세,상해없음
2020072900100250,2020년 7월 29일 12시,수요일,광주광역시 동구 학동,경상사고,0,0,1,0,차대차 - 측면충돌,안전운전불이행,젖음/습기,비,교차로 - 교차로안,승용,남,54세,상해없음,승용,여,63세,경상
2020072900100251,2020년 7월 29일 12시,수요일,광주광역시 서구 매월동,경상사고,0,0,1,0,차대차 - 측면충돌,안전운전불이행,젖음/습기,비,교차로 - 교차로안,승용,남,42세,상해없음,승용,남,38세,경상
2020072900100283,2020년 7월 29일 13시,수요일,광주광역시 서구 금호동,경상사고,0,0,4,0,차대차 - 기타,안전운전불이행,젖음/습기,비,교차로 - 교차로부근,승합,남,41세,상해없음,승용,남,35세,경상
2020072900100458,2020년 7월 29일 18시,수요일,광주광역시 광산구 월곡동,경상사고,0,0,2,0,차대차 - 측면충돌,안전운전불이행,건조,맑음,교차로 - 교차로안,승용,남,70세,상해없음,승용,남,44세,경상
2020072900100524,2020년 7월 29일 20시,수요일,광주광역시 남구 방림동,경상사고,0,0,1,0,차대차 - 측면충돌,교차로운행방법위반,건조,맑음,교차로 - 교차로안,승용,남,27세,상해없음,승합,남,50세,경상
2020072900100572,2020년 7월 29일 22시,수요일,광주광역시 남구 주월동,경상사고,0,0,1,0,차대차 - 측면충돌,안전운전불이행,젖음/습기,흐림,교차로 - 교차로안,승용,남,58세,상해없음,이륜,남,25세,경상
2020073000100018,2020년 7월 30일 00시,목요일,광주광역시 서구 화정동,중상사고,0,1,0,0,차대사람 - 횡단중,안전운전불이행,젖음/습기,비,단일로 - 기타,승용,남,70세,상해없음,보행자,남,51세,중상
2020073000100034,2020년 7월 30일 01시,목요일,광주광역시 광산구 신가동,경상사고,0,0,1,0,차량단독 - 공작물충돌,안전운전불이행,건조,흐림,교차로 - 교차로안,승용,남,25세,상해없음,,,,
2020073000100035,2020년 7월 30일 01시,목요일,광주광역시 광산구 수완동,경상사고,0,0,1,0,차대차 - 측면충돌,안전거리미확보,젖음/습기,흐림,단일로 - 기타,승용,남,60세,상해없음,승용,남,25세,경상
2020073000100055,2020년 7월 30일 04시,목요일,광주광역시 남구 방림동,경상사고,0,0,1,0,차대차 - 측면충돌,안전운전불이행,젖음/습기,비,단일로 - 기타,화물,남,26세,상해없음,승용,여,43세,경상
2020073000100069,2020년 7월 30일 06시,목요일,광주광역시 남구 월산동,중상사고,0,1,0,0,차대사람 - 횡단중,안전운전불이행,건조,맑음,단일로 - 기타,승합,남,61세,상해없음,보행자,여,74세,중상
2020073000100070,2020년 7월 30일 06시,목요일,광주광역시 북구 임동,경상사고,0,0,1,0,차대차 - 측면충돌,교차로운행방법위반,건조,맑음,교차로 - 교차로안,승용,남,33세,기타불명,승용,남,38세,경상
2020073000100093,2020년 7월 30일 07시,목요일,광주광역시 광산구 소촌동,중상사고,0,1,0,0,차대사람 - 횡단중,신호위반,젖음/습기,비,단일로 - 기타,승용,남,36세,상해없음,보행자,여,56세,중상
2020073000100119,2020년 7월 30일 08시,목요일,광주광역시 서구 농성동,경상사고,0,0,1,0,차대차 - 추돌,안전운전불이행,젖음/습기,비,단일로 - 기타,승용,남,25세,상해없음,승용,여,31세,경상
2020073000100120,2020년 7월 30일 08시,목요일,광주광역시 광산구 산정동,경상사고,0,0,2,0,차대차 - 측면충돌,직진우회전진행방해,건조,맑음,교차로 - 교차로안,승용,남,54세,기타불명,원동기,남,59세,경상
2020073000100138,2020년 7월 30일 09시,목요일,광주광역시 북구 두암동,중상사고,0,1,0,0,차대사람 - 횡단중,안전운전불이행,젖음/습기,비,단일로 - 기타,승용,남,73세,상해없음,보행자,여,73세,중상
2020073000100139,2020년 7월 30일 09시,목요일,광주광역시 광산구 수완동,경상사고,0,0,1,0,차대차 - 측면충돌,신호위반,젖음/습기,비,교차로 - 교차로안,승용,남,73세,상해없음,승용,여,40세,경상
2020073000100162,2020년 7월 30일 10시,목요일,광주광역시 북구 오치동,경상사고,0,0,1,0,차대사람 - 차도통행중,안전운전불이행,젖음/습기,비,단일로 - 기타,승용,남,57세,상해없음,보행자,여,36세,경상
2020073000100186,2020년 7월 30일 11시,목요일,광주광역시 서구 매월동,경상사고,0,0,2,0,차대차 - 측면충돌,직진우회전진행방해,건조,맑음,교차로 - 교차로안,승용,남,59세,상해없음,승용,여,73세,경상
2020073000100187,2020년 7월 30일 11시,목요일,광주광역시 남구 월산동,경상사고,0,0,2,0,차대차 - 측면충돌,차로위반,건조,맑음,단일로 - 기타,승용,여,60세,기타불명,화물,남,49세,경상
2020073000100229,2020년 7월 30일 12시,목요일,광주광역시 남구 월산동,경상사고,0,0,1,0,차대차 - 측면충돌,교차로운행방법위반,건조,맑음,교차로 - 교차로안,승용,남,29세,상해없음,승용,남,48세,경상
2020073000100308,2020년 7월 30일 14시,목요일,광주광역시 광산구 옥동,경상사고,0,0,2,0,차대차 - 측면충돌,안전운전불이행,건조,맑음,교차로 - 교차로부근,승용,남,42세,상해없음,화물,남,30세,경상
2020073000100335,2020년 7월 30일 15시,목요일,광주광역시 남구 백운동,경상사고,0,0,1,0,차대차 - 측면충돌,안전운전불이행,건조,맑음,단일로 - 기타,승용,남,66세,상해없음,승용,남,39세,경상
2020073000100336,2020년 7월 30일 15시,목요일,광주광역시 북구 신용동,경상사고,0,0,5,0,차대차 - 측면충돌,안전거리미확보,건조,맑음,단일로 - 기타,이륜,남,55세,경상,승용,여,66세,경상
2020073000100374,2020년 7월 30일 16시,목요일,광주광역시 서구 쌍촌동,경상사고,0,0,1,0,차대차 - 측면충돌,교차로운행방법위반,젖음/습기,비,교차로 - 교차로부근,승용,남,53세,상해없음,승용,남,59세,경상
2020073000100457,2020년 7월 30일 18시,목요일,광주광역시 남구 방림동,중상사고,0,1,0,0,차대사람 - 기타,신호위반,건조,맑음,교차로 - 교차로부근,승용,남,36세,상해없음,보행자,여,70세,중상
2020073000100492,2020년 7월 30일 19시,목요일,광주광역시 광산구 수완동,경상사고,0,0,1,0,차대사람 - 보도통행중,기타,젖음/습기,비,단일로 - 기타,원동기,남,57세,상해없음,보행자,남,10세,경상
2020073000100527,2020년 7월 30일 20시,목요일,광주광역시 남구 주월동,경상사고,0,0,5,0,차대차 - 측면충돌,안전운전불이행,건조,맑음,단일로 - 기타,이륜,남,51세,상해없음,승용,남,34세,경상
2020073000100528,2020년 7월 30일 20시,목요일,광주광역시 남구 주월동,중상사고,0,1,0,0,차대사람 - 기타,보행자보호의무위반,건조,맑음,교차로 - 교차로부근,승용,여,46세,상해없음,보행자,남,19세,중상
2020073000100562,2020년 7월 30일 21시,목요일,광주광역시 북구 삼각동,경상사고,0,0,2,0,차대차 - 기타,안전운전불이행,건조,맑음,교차로 - 교차로부근,승용,남,38세,상해없음,승용,남,60세,경상
2020073000100563,2020년 7월 30일 21시,목요일,광주광역시 광산구 우산동,중상사고,0,1,0,0,차대사람 - 길가장자리구역통행중,안전운전불이행,건조,맑음,단일로 - 기타,승용,여,42세,상해없음,보행자,남,57세,중상
2020073100100013,2020년 7월 31일 00시,금요일,광주광역시 북구 동림동,중상사고,0,3,0,0,차대차 - 정면충돌,중앙선침범,건조,흐림,단일로 - 기타,승용,남,28세,중상,승용,남,60세,중상
2020073100100060,2020년 7월 31일 05시,금요일,광주광역시 서구 쌍촌동,경상사고,0,0,1,0,차대사람 - 기타,안전운전불이행,건조,맑음,교차로 - 교차로안,승용,남,46세,상해없음,보행자,남,70세,경상
2020073100100085,2020년 7월 31일 07시,금요일,광주광역시 광산구 산정동,경상사고,0,0,1,0,차대차 - 측면충돌,안전거리미확보,건조,맑음,단일로 - 기타,화물,남,51세,상해없음,승용,남,57세,경상
2020073100100114,2020년 7월 31일 08시,금요일,광주광역시 남구 백운동,경상사고,0,0,2,0,차대차 - 측면충돌,기타,건조,맑음,교차로 - 교차로안,승용,여,34세,상해없음,원동기,남,90세,경상
2020073100100141,2020년 7월 31일 09시,금요일,광주광역시 남구 주월동,경상사고,0,0,1,0,차대차 - 측면충돌,교차로운행방법위반,건조,맑음,교차로 - 교차로안,승용,남,67세,상해없음,승용,여,49세,경상
2020073100100218,2020년 7월 31일 12시,금요일,광주광역시 남구 송하동,경상사고,0,0,3,0,차대차 - 기타,차로위반,건조,맑음,단일로 - 기타,승용,남,46세,기타불명,승용,여,39세,경상
2020073100100219,2020년 7월 31일 12시,금요일,광주광역시 북구 중흥동,경상사고,0,0,1,0,차대차 - 기타,중앙선침범,건조,맑음,단일로 - 기타,승용,여,51세,상해없음,이륜,남,47세,경상
2020073100100220,2020년 7월 31일 12시,금요일,광주광역시 북구 일곡동,경상사고,0,0,3,1,차대차 - 기타,안전운전불이행,건조,맑음,교차로 - 교차로안,승용,남,20세,기타불명,승용,여,39세,경상
2020073100100264,2020년 7월 31일 13시,금요일,광주광역시 서구 광천동,경상사고,0,0,1,1,차대차 - 추돌,안전거리미확보,건조,맑음,단일로 - 기타,화물,남,61세,상해없음,승용,남,44세,경상
2020073100100313,2020년 7월 31일 14시,금요일,광주광역시 서구 쌍촌동,경상사고,0,0,1,0,차대사람 - 기타,기타,건조,맑음,단일로 - 기타,화물,남,35세,상해없음,보행자,여,51세,경상
2020073100100344,2020년 7월 31일 15시,금요일,광주광역시 광산구 월계동,경상사고,0,0,3,0,차대차 - 측면충돌,안전거리미확보,건조,맑음,교차로 - 교차로부근,승용,남,57세,상해없음,승용,남,33세,경상
2020073100100387,2020년 7월 31일 16시,금요일,광주광역시 서구 화정동,부상신고사고,0,0,0,1,차대차 - 기타,직진우회전진행방해,건조,맑음,교차로 - 교차로안,승합,남,54세,상해없음,원동기,남,37세,부상신고
2020073100100388,2020년 7월 31일 16시,금요일,광주광역시 북구 월출동,중상사고,0,1,2,0,차대차 - 측면충돌,직진우회전진행방해,건조,맑음,교차로 - 교차로안,승용,여,47세,상해없음,승용,남,33세,중상
2020073100100434,2020년 7월 31일 17시,금요일,광주광역시 광산구 송정동,경상사고,0,0,1,0,차대차 - 측면충돌,안전운전불이행,건조,흐림,교차로 - 교차로횡단보도내,승용,남,54세,상해없음,승용,남,42세,경상
2020073100100494,2020년 7월 31일 18시,금요일,광주광역시 서구 쌍촌동,경상사고,0,0,2,0,차대차 - 기타,안전운전불이행,건조,맑음,교차로 - 교차로안,승용,남,36세,경상,승용,남,26세,경상
2020073100100569,2020년 7월 31일 20시,금요일,광주광역시 서구 풍암동,경상사고,0,0,1,0,차대사람 - 차도통행중,안전운전불이행,건조,맑음,단일로 - 기타,이륜,남,57세,상해없음,보행자,남,51세,경상
2020073100100570,2020년 7월 31일 20시,금요일,광주광역시 서구 유촌동,경상사고,0,0,2,0,차대차 - 기타,안전거리미확보,건조,맑음,단일로 - 기타,승용,남,20세,상해없음,승용,남,23세,경상
2020073100100571,2020년 7월 31일 20시,금요일,광주광역시 광산구 우산동,경상사고,0,0,1,0,차대사람 - 횡단중,보행자보호의무위반,건조,맑음,교차로 - 교차로횡단보도내,화물,남,59세,상해없음,보행자,남,56세,경상
2020073100100572,2020년 7월 31일 20시,금요일,광주광역시 광산구 산정동,경상사고,0,0,1,0,차대차 - 정면충돌,안전운전불이행,건조,흐림,교차로 - 교차로부근,승용,남,51세,상해없음,승용,여,29세,경상
2020073100100599,2020년 7월 31일 21시,금요일,광주광역시 광산구 우산동,경상사고,0,0,1,0,차대차 - 추돌,안전운전불이행,건조,맑음,단일로 - 기타,승용,남,21세,상해없음,승용,남,58세,경상
2020073100100652,2020년 7월 31일 23시,금요일,광주광역시 광산구 운남동,중상사고,0,1,0,0,차대차 - 측면충돌,안전운전불이행,건조,맑음,교차로 - 교차로부근,기타불명,기타불명,미분류,기타불명,이륜,남,28세,중상
2020080100100018,2020년 8월 1일 00시,토요일,광주광역시 북구 동림동,중상사고,0,1,2,0,차대차 - 측면충돌,차로위반,건조,맑음,단일로 - 기타,승용,남,22세,경상,승용,남,63세,상해없음
2020080100100130,2020년 8월 1일 09시,토요일,광주광역시 광산구 신촌동,경상사고,0,0,4,0,차대차 - 측면충돌,교차로운행방법위반,건조,맑음,교차로 - 교차로안,승합,남,63세,상해없음,승용,여,28세,경상
2020080100100163,2020년 8월 1일 10시,토요일,광주광역시 남구 주월동,중상사고,0,1,0,0,차량단독 - 공작물충돌,안전운전불이행,건조,맑음,단일로 - 기타,승용,여,67세,상해없음,,,,
2020080100100197,2020년 8월 1일 11시,토요일,광주광역시 서구 금호동,중상사고,0,1,0,0,차대차 - 측면충돌,안전운전불이행,건조,맑음,단일로 - 기타,원동기,남,34세,중상,원동기,남,42세,상해없음
2020080100100198,2020년 8월 1일 11시,토요일,광주광역시 광산구 장덕동,경상사고,0,0,2,0,차대차 - 측면충돌,교차로운행방법위반,건조,맑음,교차로 - 교차로부근,승용,남,74세,경상,승용,여,40세,경상
2020080100100232,2020년 8월 1일 12시,토요일,광주광역시 광산구 수완동,경상사고,0,0,1,0,차대사람 - 기타,안전운전불이행,건조,맑음,교차로 - 교차로안,승용,여,19세,상해없음,보행자,남,31세,경상
2020080100100274,2020년 8월 1일 13시,토요일,광주광역시 광산구 신촌동,경상사고,0,0,6,0,차대차 - 기타,안전거리미확보,건조,흐림,교차로 - 교차로안,승용,여,52세,상해없음,승용,남,33세,경상
2020080100100312,2020년 8월 1일 14시,토요일,광주광역시 남구 봉선동,경상사고,0,0,2,0,차대차 - 측면충돌,안전거리미확보,건조,맑음,교차로 - 교차로부근,자전거,남,21세,경상,승용,남,55세,경상
2020080100100313,2020년 8월 1일 14시,토요일,광주광역시 남구 진월동,경상사고,0,0,1,0,차대차 - 측면충돌,신호위반,건조,맑음,교차로 - 교차로안,승용,남,53세,상해없음,승용,남,46세,경상
2020080100100385,2020년 8월 1일 16시,토요일,광주광역시 북구 신안동,중상사고,0,1,0,0,차대사람 - 횡단중,안전운전불이행,건조,맑음,교차로 - 교차로횡단보도내,승용,남,49세,상해없음,보행자,남,33세,중상
2020080100100428,2020년 8월 1일 17시,토요일,광주광역시 서구 치평동,경상사고,0,0,1,0,차대차 - 추돌,안전운전불이행,건조,맑음,기타 - 기타,승용,여,39세,상해없음,승용,여,45세,상해없음
2020080100100429,2020년 8월 1일 17시,토요일,광주광역시 북구 동림동,경상사고,0,0,1,0,차대차 - 기타,교차로운행방법위반,건조,맑음,교차로 - 교차로안,승용,남,62세,상해없음,이륜,남,17세,경상
2020080100100430,2020년 8월 1일 17시,토요일,광주광역시 광산구 수완동,중상사고,0,1,0,0,차대차 - 추돌,안전운전불이행,젖음/습기,흐림,단일로 - 기타,승용,남,21세,상해없음,이륜,남,53세,중상
2020080100100459,2020년 8월 1일 18시,토요일,광주광역시 서구 화정동,경상사고,0,0,1,0,차대차 - 측면충돌,안전운전불이행,건조,맑음,단일로 - 기타,승용,남,55세,상해없음,이륜,남,38세,경상
2020080100100460,2020년 8월 1일 18시,토요일,광주광역시 광산구 비아동,경상사고,0,0,1,0,차대차 - 기타,안전운전불이행,건조,맑음,교차로 - 교차로안,이륜,남,17세,경상,화물,남,43세,상해없음
2020080100100489,2020년 8월 1일 19시,토요일,광주광역시 북구 두암동,경상사고,0,0,1,0,차대차 - 측면충돌,교차로운행방법위반,건조,맑음,교차로 - 교차로안,승용,남,62세,상해없음,이륜,남,31세,경상
2020080100100547,2020년 8월 1일 21시,토요일,광주광역시 서구 화정동,경상사고,0,0,1,0,차대차 - 추돌,중앙선침범,건조,맑음,기타 - 기타,화물,남,62세,상해없음,이륜,남,60세,경상
2020080100100548,2020년 8월 1일 21시,토요일,광주광역시 광산구 도천동,중상사고,0,1,1,0,차대차 - 측면충돌,안전거리미확보,건조,맑음,단일로 - 기타,원동기,남,47세,중상,승용,여,49세,경상
2020080100100578,2020년 8월 1일 22시,토요일,광주광역시 광산구 하남동,중상사고,0,1,1,0,차대차 - 측면충돌,기타,건조,맑음,교차로 - 교차로안,원동기,남,18세,중상,승용,여,31세,경상
2020080100100579,2020년 8월 1일 22시,토요일,광주광역시 광산구 월곡동,경상사고,0,0,1,0,차대차 - 추돌,안전운전불이행,젖음/습기,흐림,교차로 - 교차로부근,승용,남,22세,상해없음,승용,남,43세,경상
2020080100100580,2020년 8월 1일 22시,토요일,광주광역시 광산구 신촌동,경상사고,0,0,2,0,차대차 - 측면충돌,안전운전불이행,젖음/습기,흐림,교차로 - 교차로부근,승용,남,28세,상해없음,승용,남,31세,경상
2020080100100606,2020년 8월 1일 23시,토요일,광주광역시 광산구 신창동,중상사고,0,2,1,0,차대차 - 정면충돌,신호위반,건조,맑음,교차로 - 교차로안,승용,남,33세,상해없음,승용,남,27세,중상
2020080200100016,2020년 8월 2일 01시,일요일,광주광역시 광산구 월계동,경상사고,0,0,2,0,차대차 - 후진중충돌,안전운전불이행,건조,흐림,단일로 - 기타,승용,남,34세,기타불명,승용,여,37세,경상
2020080200100053,2020년 8월 2일 05시,일요일,광주광역시 서구 화정동,경상사고,0,0,1,0,차대차 - 측면충돌,안전운전불이행,건조,맑음,교차로 - 교차로안,승용,여,36세,상해없음,승용,남,67세,경상
2020080200100099,2020년 8월 2일 10시,일요일,광주광역시 서구 덕흥동,경상사고,0,0,1,0,차대차 - 기타,안전운전불이행,건조,맑음,단일로 - 기타,자전거,남,63세,상해없음,자전거,여,44세,경상
2020080200100100,2020년 8월 2일 10시,일요일,광주광역시 광산구 신가동,경상사고,0,0,1,0,차대차 - 측면충돌,안전운전불이행,건조,맑음,단일로 - 기타,승용,남,73세,상해없음,승용,남,64세,경상
2020080200100119,2020년 8월 2일 11시,일요일,광주광역시 서구 화정동,경상사고,0,0,1,0,차대차 - 측면충돌,신호위반,건조,맑음,교차로 - 교차로안,이륜,남,43세,경상,승용,여,43세,상해없음
2020080200100120,2020년 8월 2일 11시,일요일,광주광역시 광산구 수완동,경상사고,0,0,2,0,차대차 - 기타,안전운전불이행,건조,맑음,기타 - 기타,이륜,남,19세,경상,승용,여,51세,경상
2020080200100192,2020년 8월 2일 14시,일요일,광주광역시 남구 진월동,경상사고,0,0,1,0,차대사람 - 횡단중,신호위반,젖음/습기,비,교차로 - 교차로횡단보도내,원동기,남,39세,상해없음,보행자,남,21세,경상
2020080200100193,2020년 8월 2일 14시,일요일,광주광역시 북구 용봉동,부상신고사고,0,0,0,1,차대차 - 측면충돌,안전운전불이행,건조,맑음,교차로 - 교차로안,승용,여,67세,부상신고,승용,여,46세,상해없음
2020080200100194,2020년 8월 2일 14시,일요일,광주광역시 북구 오치동,경상사고,0,0,2,0,차대차 - 추돌,안전거리미확보,건조,맑음,교차로 - 교차로부근,승용,남,38세,상해없음,승용,남,30세,경상
2020080200100223,2020년 8월 2일 15시,일요일,광주광역시 북구 양산동,경상사고,0,0,2,0,차대차 - 측면충돌,안전운전불이행,건조,맑음,단일로 - 기타,승용,여,47세,상해없음,승용,남,63세,경상
2020080200100273,2020년 8월 2일 17시,일요일,광주광역시 광산구 운수동,경상사고,0,0,3,0,차대차 - 기타,안전거리미확보,건조,맑음,기타 - 기타,화물,남,49세,상해없음,승용,여,32세,경상
2020080200100288,2020년 8월 2일 17시,일요일,광주광역시 광산구 산정동,경상사고,0,0,1,0,차대차 - 기타,안전거리미확보,건조,맑음,단일로 - 기타,승용,남,60세,상해없음,승용,여,24세,경상