사고번호,사고일시,요일,시군구,사고내용,사망자수,중상자수,경상자수,부상신고자수,사고유형,법규위반,노면상태,기상상태,도로형태,가해운전자 차종,가해운전자 성별,가해운전자 연령,가해운전자 상해정도,피해운전자 차종,피해운전자 성별,피해운전자 연령,피해운전자 상해정도
2020080200100382,2020년 8월 2일 21시,일요일,광주광역시 북구 운암동,경상사고,0,0,3,0,차대차 - 측면충돌,교차로운행방법위반,건조,맑음,교차로 - 교차로안,승용,남,23세,경상,승용,남,40세,경상
2020080300100109,2020년 8월 3일 08시,월요일,광주광역시 남구 주월동,경상사고,0,0,1,0,차대차 - 측면충돌,안전거리미확보,건조,맑음,단일로 - 기타,승용,남,52세,상해없음,이륜,남,49세,경상
2020080300100138,2020년 8월 3일 09시,월요일,광주광역시 북구 신안동,경상사고,0,0,1,0,차대차 - 기타,안전운전불이행,건조,맑음,교차로 - 교차로부근,승용,남,63세,상해없음,자전거,남,28세,경상
2020080300100323,2020년 8월 3일 14시,월요일,광주광역시 남구 주월동,중상사고,0,1,0,1,차대차 - 기타,교차로운행방법위반,건조,맑음,교차로 - 교차로안,승용,여,46세,상해없음,개인형이동수단(PM),남,11세,부상신고
2020080300100324,2020년 8월 3일 14시,월요일,광주광역시 광산구 도천동,경상사고,0,0,2,0,차대차 - 정면충돌,교차로운행방법위반,건조,맑음,교차로 - 교차로안,승용,여,43세,경상,승용,남,42세,상해없음
2020080300100352,2020년 8월 3일 15시,월요일,광주광역시 동구 동명동,경상사고,0,0,1,0,차대차 - 측면충돌,안전거리미확보,건조,맑음,단일로 - 기타,승용,남,78세,상해없음,승용,남,43세,경상
2020080300100353,2020년 8월 3일 15시,월요일,광주광역시 서구 매월동,경상사고,0,0,1,0,차대사람 - 기타,안전운전불이행,건조,맑음,단일로 - 기타,화물,남,61세,상해없음,보행자,여,51세,경상
2020080300100354,2020년 8월 3일 15시,월요일,광주광역시 광산구 운수동,경상사고,0,0,2,0,차대차 - 추돌,안전거리미확보,건조,맑음,단일로 - 기타,승용,남,56세,경상,화물,남,38세,상해없음
2020080300100388,2020년 8월 3일 16시,월요일,광주광역시 북구 각화동,경상사고,0,0,1,0,차대차 - 기타,안전운전불이행,건조,맑음,단일로 - 기타,승용,남,39세,상해없음,자전거,남,79세,경상
2020080300100389,2020년 8월 3일 16시,월요일,광주광역시 광산구 수완동,경상사고,0,0,1,0,차대차 - 측면충돌,교차로운행방법위반,건조,맑음,교차로 - 교차로안,승용,남,52세,상해없음,승용,여,26세,경상
2020080300100415,2020년 8월 3일 17시,월요일,광주광역시 북구 문흥동,사망사고,1,1,5,0,차대차 - 추돌,안전운전불이행,건조,맑음,단일로 - 기타,화물,남,31세,중상,승용,남,39세,경상
2020080300100425,2020년 8월 3일 17시,월요일,광주광역시 남구 주월동,경상사고,0,0,1,0,차대차 - 측면충돌,신호위반,건조,맑음,교차로 - 교차로안,승용,남,59세,상해없음,승용,남,73세,경상
2020080300100465,2020년 8월 3일 18시,월요일,광주광역시 광산구 쌍암동,경상사고,0,0,1,0,차대사람 - 횡단중,안전운전불이행,건조,맑음,교차로 - 교차로횡단보도내,기타불명,기타불명,미분류,기타불명,보행자,남,18세,경상
2020080300100492,2020년 8월 3일 19시,월요일,광주광역시 북구 우산동,경상사고,0,0,1,0,차대사람 - 횡단중,안전운전불이행,건조,맑음,교차로 - 교차로안,승용,여,33세,상해없음,보행자,여,35세,경상
2020080300100493,2020년 8월 3일 19시,월요일,광주광역시 북구 삼각동,경상사고,0,0,1,0,차대차 - 기타,안전거리미확보,건조,맑음,교차로 - 교차로부근,승용,남,36세,상해없음,승용,남,24세,경상
2020080300100526,2020년 8월 3일 20시,월요일,광주광역시 북구 운암동,경상사고,0,0,1,0,차대차 - 추돌,안전운전불이행,건조,맑음,교차로 - 교차로부근,승용,남,25세,상해없음,승용,남,59세,경상
2020080300100527,2020년 8월 3일 20시,월요일,광주광역시 광산구 장덕동,경상사고,0,0,1,0,차대차 - 측면충돌,신호위반,건조,맑음,교차로 - 교차로안,자전거,남,24세,경상,화물,남,38세,상해없음
2020080300100543,2020년 8월 3일 21시,월요일,광주광역시 서구 치평동,부상신고사고,0,0,0,1,차대차 - 기타,안전운전불이행,건조,맑음,기타 - 기타,기타불명,기타불명,미분류,기타불명,승용,남,20세,부상신고
2020080300100584,2020년 8월 3일 23시,월요일,광주광역시 광산구 신창동,경상사고,0,0,4,0,차대차 - 추돌,안전운전불이행,건조,맑음,단일로 - 기타,승용,남,28세,상해없음,승용,남,18세,경상
2020080400100101,2020년 8월 4일 08시,화요일,광주광역시 북구 양산동,경상사고,0,0,1,0,차대차 - 측면충돌,차로위반,건조,맑음,단일로 - 기타,승용,남,67세,상해없음,승용,남,28세,경상
2020080400100115,2020년 8월 4일 09시,화요일,광주광역시 북구 연제동,경상사고,0,0,1,0,차대차 - 측면충돌,안전운전불이행,건조,맑음,단일로 - 기타,화물,남,69세,상해없음,승용,여,53세,경상
2020080400100161,2020년 8월 4일 10시,화요일,광주광역시 광산구 월전동,경상사고,0,0,1,0,차대차 - 기타,안전운전불이행,건조,맑음,단일로 - 기타,화물,남,59세,상해없음,화물,남,43세,경상
2020080400100186,2020년 8월 4일 11시,화요일,광주광역시 서구 광천동,경상사고,0,0,1,0,차대차 - 측면충돌,차로위반,건조,맑음,단일로 - 기타,승용,남,25세,기타불명,승용,남,50세,경상
2020080400100187,2020년 8월 4일 11시,화요일,광주광역시 서구 유촌동,중상사고,0,2,8,0,차대차 - 추돌,안전운전불이행,건조,맑음,교차로 - 교차로부근,화물,남,58세,상해없음,승용,여,57세,경상
2020080400100217,2020년 8월 4일 12시,화요일,광주광역시 북구 운암동,경상사고,0,0,1,0,차대사람 - 차도통행중,안전운전불이행,건조,맑음,기타 - 기타,승용,여,67세,상해없음,보행자,남,33세,경상
2020080400100298,2020년 8월 4일 14시,화요일,광주광역시 광산구 본덕동,경상사고,0,0,1,1,차대차 - 측면충돌,안전거리미확보,건조,맑음,단일로 - 기타,승용,여,50세,부상신고,화물,남,33세,경상
2020080400100326,2020년 8월 4일 15시,화요일,광주광역시 북구 연제동,경상사고,0,0,1,0,차대차 - 측면충돌,안전운전불이행,건조,맑음,교차로 - 교차로횡단보도내,승용,여,40세,기타불명,자전거,여,20세,경상
2020080400100327,2020년 8월 4일 15시,화요일,광주광역시 광산구 쌍암동,경상사고,0,0,2,1,차대차 - 후진중충돌,안전운전불이행,건조,맑음,단일로 - 기타,승용,남,47세,상해없음,승용,여,41세,경상
2020080400100367,2020년 8월 4일 16시,화요일,광주광역시 광산구 월곡동,부상신고사고,0,0,0,1,차대차 - 측면충돌,안전운전불이행,건조,맑음,교차로 - 교차로부근,이륜,남,47세,부상신고,승용,남,45세,상해없음
2020080400100405,2020년 8월 4일 17시,화요일,광주광역시 서구 치평동,경상사고,0,0,1,0,차대차 - 측면충돌,안전운전불이행,건조,맑음,교차로 - 교차로안,승용,남,44세,상해없음,승용,남,64세,상해없음
2020080400100406,2020년 8월 4일 17시,화요일,광주광역시 서구 유촌동,경상사고,0,0,1,0,차대차 - 측면충돌,교차로운행방법위반,건조,맑음,단일로 - 기타,승용,남,39세,상해없음,특수,남,44세,경상
2020080400100439,2020년 8월 4일 18시,화요일,광주광역시 서구 쌍촌동,경상사고,0,0,1,0,차대차 - 측면충돌,안전운전불이행,건조,맑음,단일로 - 기타,승용,여,46세,상해없음,승용,남,29세,경상
2020080400100472,2020년 8월 4일 19시,화요일,광주광역시 광산구 신창동,경상사고,0,0,1,0,차대차 - 기타,신호위반,건조,맑음,교차로 - 교차로안,승용,남,73세,상해없음,이륜,남,23세,경상
2020080400100508,2020년 8월 4일 20시,화요일,광주광역시 서구 매월동,경상사고,0,0,1,0,차대차 - 기타,안전운전불이행,건조,맑음,단일로 - 기타,승용,여,52세,상해없음,승용,남,38세,경상
2020080400100509,2020년 8월 4일 20시,화요일,광주광역시 서구 용두동,중상사고,0,2,0,0,차대사람 - 기타,안전운전불이행,건조,맑음,단일로 - 기타,자전거,남,47세,기타불명,보행자,여,46세,중상
2020080500100021,2020년 8월 5일 01시,수요일,광주광역시 서구 화정동,부상신고사고,0,0,0,1,차대차 - 측면충돌,안전거리미확보,건조,맑음,단일로 - 기타,승용,여,58세,상해없음,원동기,남,28세,부상신고
2020080500100022,2020년 8월 5일 01시,수요일,광주광역시 북구 두암동,중상사고,0,2,0,0,차대차 - 기타,중앙선침범,건조,맑음,단일로 - 기타,승용,남,32세,상해없음,승용,남,28세,중상
2020080500100058,2020년 8월 5일 06시,수요일,광주광역시 북구 매곡동,경상사고,0,0,2,0,차대차 - 측면충돌,차로위반,건조,맑음,단일로 - 기타,승용,여,30세,경상,승용,남,55세,경상
2020080500100095,2020년 8월 5일 08시,수요일,광주광역시 서구 쌍촌동,경상사고,0,0,1,0,차대사람 - 기타,안전운전불이행,건조,맑음,단일로 - 기타,승합,남,70세,상해없음,보행자,여,28세,경상
2020080500100115,2020년 8월 5일 09시,수요일,광주광역시 서구 치평동,경상사고,0,0,2,0,차대차 - 측면충돌,차로위반,건조,맑음,단일로 - 기타,승용,여,62세,상해없음,승용,남,20세,경상
2020080500100149,2020년 8월 5일 10시,수요일,광주광역시 서구 쌍촌동,경상사고,0,0,1,0,차대차 - 추돌,불법유턴,젖음/습기,비,단일로 - 기타,승용,남,68세,상해없음,승용,여,37세,경상
2020080500100150,2020년 8월 5일 10시,수요일,광주광역시 북구 우산동,경상사고,0,0,2,0,차대차 - 기타,불법유턴,젖음/습기,비,기타 - 기타,승용,여,66세,상해없음,승용,남,35세,경상
2020080500100151,2020년 8월 5일 10시,수요일,광주광역시 광산구 송촌동,중상사고,0,1,1,1,차대차 - 추돌,안전운전불이행,젖음/습기,흐림,교차로 - 교차로부근,화물,남,65세,부상신고,승용,여,33세,경상
2020080500100176,2020년 8월 5일 11시,수요일,광주광역시 남구 봉선동,경상사고,0,0,1,0,차대사람 - 차도통행중,안전운전불이행,젖음/습기,비,단일로 - 기타,승용,여,65세,상해없음,보행자,여,36세,경상
2020080500100210,2020년 8월 5일 12시,수요일,광주광역시 남구 백운동,경상사고,0,0,2,0,차대차 - 측면충돌,안전거리미확보,젖음/습기,비,기타 - 기타,승용,남,73세,상해없음,승용,여,38세,경상
2020080500100211,2020년 8월 5일 12시,수요일,광주광역시 광산구 월계동,경상사고,0,0,1,0,차대차 - 측면충돌,신호위반,젖음/습기,비,교차로 - 교차로안,원동기,남,17세,경상,승용,여,52세,상해없음
2020080500100248,2020년 8월 5일 13시,수요일,광주광역시 남구 행암동,경상사고,0,0,2,0,차대차 - 기타,안전거리미확보,건조,맑음,단일로 - 기타,승용,여,29세,상해없음,승용,여,37세,경상
2020080500100280,2020년 8월 5일 14시,수요일,광주광역시 광산구 월계동,경상사고,0,0,1,0,차대차 - 기타,신호위반,젖음/습기,흐림,교차로 - 교차로안,승합,남,40세,상해없음,이륜,남,32세,경상
2020080500100281,2020년 8월 5일 14시,수요일,광주광역시 광산구 운수동,중상사고,0,1,0,0,차대차 - 추돌,안전운전불이행,건조,흐림,단일로 - 기타,승용,여,50세,상해없음,자전거,남,70세,중상
2020080500100341,2020년 8월 5일 16시,수요일,광주광역시 서구 내방동,중상사고,0,1,0,0,차대사람 - 횡단중,신호위반,건조,맑음,교차로 - 교차로안,화물,남,59세,상해없음,보행자,여,26세,중상
2020080500100342,2020년 8월 5일 16시,수요일,광주광역시 북구 용봉동,경상사고,0,0,1,0,차대차 - 기타,안전운전불이행,건조,맑음,교차로 - 교차로안,승용,여,52세,상해없음,승용,여,26세,경상
2020080500100377,2020년 8월 5일 17시,수요일,광주광역시 남구 양림동,경상사고,0,0,2,0,차대차 - 측면충돌,신호위반,건조,맑음,교차로 - 교차로안,승용,남,71세,상해없음,승용,여,39세,경상
2020080500100378,2020년 8월 5일 17시,수요일,광주광역시 북구 오치동,경상사고,0,0,1,0,차대차 - 추돌,안전거리미확보,건조,맑음,단일로 - 기타,승용,남,53세,상해없음,승용,여,51세,경상
2020080500100418,2020년 8월 5일 18시,수요일,광주광역시 서구 농성동,경상사고,0,0,1,0,차대차 - 측면충돌,차로위반,건조,맑음,교차로 - 교차로부근,승용,남,55세,상해없음,승용,남,59세,상해없음
2020080500100420,2020년 8월 5일 18시,수요일,광주광역시 광산구 수완동,경상사고,0,0,1,0,차대차 - 측면충돌,안전거리미확보,건조,맑음,단일로 - 기타,승용,여,25세,상해없음,승용,남,37세,경상
2020080500100460,2020년 8월 5일 19시,수요일,광주광역시 동구 금남로3가,경상사고,0,0,1,0,차대차 - 추돌,안전운전불이행,건조,맑음,단일로 - 기타,승용,남,27세,기타불명,승용,남,27세,경상
2020080500100461,2020년 8월 5일 19시,수요일,광주광역시 광산구 우산동,경상사고,0,0,1,0,차대차 - 측면충돌,신호위반,건조,맑음,교차로 - 교차로안,승용,여,49세,상해없음,이륜,남,29세,경상
2020080500100489,2020년 8월 5일 20시,수요일,광주광역시 북구 운정동,중상사고,0,1,0,0,차량단독 - 기타,안전운전불이행,젖음/습기,비,단일로 - 기타,농기계,남,87세,중상,,,,
2020080500100522,2020년 8월 5일 21시,수요일,광주광역시 북구 문흥동,경상사고,0,0,2,0,차대차 - 추돌,안전운전불이행,건조,흐림,교차로 - 교차로부근,승용,남,59세,상해없음,승용,여,48세,경상
2020080500100523,2020년 8월 5일 21시,수요일,광주광역시 광산구 쌍암동,경상사고,0,0,1,0,차대차 - 측면충돌,중앙선침범,건조,맑음,단일로 - 기타,승용,남,71세,상해없음,이륜,남,42세,경상
2020080500100560,2020년 8월 5일 22시,수요일,광주광역시 서구 금호동,경상사고,0,0,1,0,차량단독 - 공작물충돌,안전운전불이행,건조,맑음,단일로 - 기타,승용,남,50세,상해없음,,,,
2020080500100561,2020년 8월 5일 22시,수요일,광주광역시 광산구 신창동,중상사고,0,1,0,0,차량단독 - 공작물충돌,안전운전불이행,건조,맑음,단일로 - 기타,개인형이동수단(PM),남,55세,중상,,,,
2020080500100562,2020년 8월 5일 22시,수요일,광주광역시 북구 장등동,중상사고,0,3,2,0,차량단독 - 기타,안전운전불이행,건조,흐림,단일로 - 기타,승용,남,21세,경상,,,,
2020080600100018,2020년 8월 6일 00시,목요일,광주광역시 남구 구동,경상사고,0,0,1,0,차대차 - 측면충돌,신호위반,건조,맑음,교차로 - 교차로안,승용,여,32세,상해없음,승용,남,58세,경상
2020080600100039,2020년 8월 6일 01시,목요일,광주광역시 서구 치평동,경상사고,0,0,1,0,차대차 - 후진중충돌,안전운전불이행,젖음/습기,비,교차로 - 교차로안,승용,남,77세,상해없음,승용,남,26세,경상
2020080600100051,2020년 8월 6일 02시,목요일,광주광역시 서구 치평동,경상사고,0,0,2,0,차대차 - 측면충돌,중앙선침범,젖음/습기,비,단일로 - 기타,승용,남,40세,상해없음,승용,남,34세,경상
2020080600100052,2020년 8월 6일 02시,목요일,광주광역시 북구 용봉동,중상사고,0,1,0,0,차대사람 - 차도통행중,안전운전불이행,젖음/습기,비,단일로 - 기타,승용,남,19세,상해없음,보행자,남,24세,중상
2020080600100095,2020년 8월 6일 07시,목요일,광주광역시 광산구 도천동,경상사고,0,0,1,0,차대차 - 측면충돌,차로위반,젖음/습기,비,교차로 - 교차로부근,승용,남,51세,상해없음,화물,여,36세,경상
2020080600100131,2020년 8월 6일 08시,목요일,광주광역시 서구 쌍촌동,경상사고,0,0,1,0,차대차 - 추돌,안전거리미확보,건조,맑음,단일로 - 기타,승용,남,62세,상해없음,승용,여,29세,경상
2020080600100132,2020년 8월 6일 08시,목요일,광주광역시 서구 치평동,경상사고,0,0,1,0,차대차 - 추돌,안전운전불이행,젖음/습기,비,단일로 - 기타,승용,남,63세,상해없음,승용,남,59세,상해없음
2020080600100133,2020년 8월 6일 08시,목요일,광주광역시 서구 내방동,경상사고,0,0,1,0,차대차 - 측면충돌,안전운전불이행,젖음/습기,비,단일로 - 기타,승용,남,63세,상해없음,화물,남,63세,경상
2020080600100134,2020년 8월 6일 08시,목요일,광주광역시 북구 양산동,경상사고,0,0,1,0,차대차 - 측면충돌,안전운전불이행,건조,맑음,교차로 - 교차로안,화물,남,26세,상해없음,승용,여,32세,경상
2020080600100190,2020년 8월 6일 10시,목요일,광주광역시 북구 양산동,경상사고,0,0,2,0,차대차 - 추돌,안전거리미확보,젖음/습기,흐림,교차로 - 교차로부근,승용,남,45세,상해없음,화물,남,31세,경상
2020080600100191,2020년 8월 6일 10시,목요일,광주광역시 광산구 월계동,경상사고,0,0,2,0,차대차 - 측면충돌,신호위반,젖음/습기,비,교차로 - 교차로안,승용,남,32세,경상,승용,여,46세,경상
2020080600100221,2020년 8월 6일 11시,목요일,광주광역시 동구 서석동,부상신고사고,0,0,0,1,차대차 - 기타,안전운전불이행,젖음/습기,비,교차로 - 교차로안,화물,남,32세,기타불명,승용,여,29세,부상신고
2020080600100222,2020년 8월 6일 11시,목요일,광주광역시 서구 마륵동,경상사고,0,0,1,0,차대사람 - 기타,안전운전불이행,건조,맑음,단일로 - 기타,승용,여,46세,상해없음,보행자,남,20세,경상
2020080600100223,2020년 8월 6일 11시,목요일,광주광역시 북구 삼각동,경상사고,0,0,1,0,차대사람 - 횡단중,신호위반,젖음/습기,비,교차로 - 교차로부근,승용,여,76세,상해없음,보행자,여,8세,경상
2020080600100250,2020년 8월 6일 12시,목요일,광주광역시 북구 용봉동,경상사고,0,0,1,0,차대차 - 기타,안전거리미확보,건조,맑음,교차로 - 교차로안,이륜,남,27세,상해없음,이륜,남,46세,경상
2020080600100283,2020년 8월 6일 13시,목요일,광주광역시 북구 오치동,중상사고,0,1,0,0,차대차 - 기타,신호위반,건조,흐림,교차로 - 교차로부근,이륜,남,38세,중상,승용,여,53세,상해없음
2020080600100322,2020년 8월 6일 14시,목요일,광주광역시 동구 용산동,경상사고,0,0,1,0,차대차 - 측면충돌,안전운전불이행,건조,맑음,기타 - 기타,승용,남,63세,상해없음,이륜,남,39세,경상
2020080600100323,2020년 8월 6일 14시,목요일,광주광역시 서구 치평동,중상사고,0,1,0,0,차대차 - 측면충돌,차로위반,건조,맑음,단일로 - 기타,승용,여,39세,상해없음,이륜,남,53세,중상
2020080600100324,2020년 8월 6일 14시,목요일,광주광역시 서구 매월동,경상사고,0,0,1,0,차대차 - 측면충돌,신호위반,건조,맑음,교차로 - 교차로안,승용,남,30세,상해없음,승용,여,35세,경상
2020080600100325,2020년 8월 6일 14시,목요일,광주광역시 광산구 우산동,경상사고,0,0,4,0,차대차 - 기타,안전운전불이행,젖음/습기,흐림,단일로 - 기타,승용,남,18세,경상,특수,남,58세,경상
2020080600100364,2020년 8월 6일 15시,목요일,광주광역시 서구 쌍촌동,경상사고,0,0,1,0,차대차 - 기타,차로위반,건조,맑음,단일로 - 기타,승용,남,64세,상해없음,이륜,남,24세,경상
2020080600100404,2020년 8월 6일 16시,목요일,광주광역시 서구 치평동,경상사고,0,0,2,0,차대차 - 측면충돌,안전운전불이행,건조,맑음,교차로 - 교차로안,승용,여,52세,경상,승용,남,39세,경상
2020080600100405,2020년 8월 6일 16시,목요일,광주광역시 광산구 월계동,경상사고,0,0,1,0,차대사람 - 횡단중,보행자보호의무위반,건조,맑음,단일로 - 기타,승용,여,47세,상해없음,보행자,여,38세,경상
2020080600100438,2020년 8월 6일 17시,목요일,광주광역시 광산구 운수동,경상사고,0,0,1,0,차대차 - 측면충돌,교차로운행방법위반,건조,맑음,교차로 - 교차로안,승용,남,54세,상해없음,승용,남,54세,경상
2020080600100518,2020년 8월 6일 20시,목요일,광주광역시 서구 치평동,부상신고사고,0,0,0,4,차대차 - 측면충돌,안전거리미확보,건조,맑음,단일로 - 기타,승용,여,27세,상해없음,승용,남,19세,부상신고
2020080600100519,2020년 8월 6일 20시,목요일,광주광역시 광산구 우산동,경상사고,0,0,5,0,차대차 - 측면충돌,교차로운행방법위반,건조,맑음,교차로 - 교차로안,화물,남,36세,경상,승용,남,20세,경상
2020080600100569,2020년 8월 6일 22시,목요일,광주광역시 북구 오치동,중상사고,0,1,0,0,차대사람 - 횡단중,보행자보호의무위반,젖음/습기,비,교차로 - 교차로횡단보도내,승용,여,30세,상해없음,보행자,여,54세,중상
2020080600100570,2020년 8월 6일 22시,목요일,광주광역시 북구 오치동,경상사고,0,0,3,0,차대차 - 추돌,안전거리미확보,젖음/습기,흐림,단일로 - 기타,승용,여,50세,경상,승용,남,60세,경상
2020080600100571,2020년 8월 6일 22시,목요일,광주광역시 북구 운암동,중상사고,0,1,0,0,차대차 - 측면충돌,안전운전불이행,젖음/습기,비,교차로 - 교차로안,승용,남,32세,상해없음,자전거,남,37세,중상
2020080600100589,2020년 8월 6일 23시,목요일,광주광역시 광산구 우산동,경상사고,0,0,3,0,차대차 - 추돌,안전운전불이행,젖음/습기,비,교차로 - 교차로부근,승용,남,42세,상해없음,승용,여,43세,경상
2020080700100019,2020년 8월 7일 00시,금요일,광주광역시 북구 운암동,경상사고,0,0,4,0,차대차 - 측면충돌,안전운전불이행,젖음/습기,흐림,교차로 - 교차로안,승용,남,48세,경상,승용,남,64세,경상
2020080700100052,2020년 8월 7일 04시,금요일,광주광역시 동구 계림동,중상사고,0,1,0,0,차대차 - 기타,신호위반,젖음/습기,비,교차로 - 교차로안,원동기,남,79세,중상,승용,남,67세,상해없음
2020080700100083,2020년 8월 7일 07시,금요일,광주광역시 광산구 월곡동,경상사고,0,0,2,0,차대차 - 측면충돌,직진우회전진행방해,젖음/습기,흐림,교차로 - 교차로안,승용,남,44세,경상,승용,남,27세,경상
2020080700100084,2020년 8월 7일 07시,금요일,광주광역시 광산구 신촌동,부상신고사고,0,0,0,1,차대차 - 측면충돌,안전운전불이행,젖음/습기,맑음,단일로 - 기타,자전거,남,58세,부상신고,승용,남,66세,상해없음
2020080700100117,2020년 8월 7일 08시,금요일,광주광역시 서구 화정동,경상사고,0,0,1,0,차대차 - 기타,안전운전불이행,젖음/습기,비,교차로 - 교차로안,기타불명,기타불명,미분류,기타불명,이륜,남,22세,경상
2020080700100118,2020년 8월 7일 08시,금요일,광주광역시 남구 백운동,경상사고,0,0,1,0,차대사람 - 길가장자리구역통행중,안전운전불이행,건조,맑음,단일로 - 기타,기타불명,기타불명,미분류,기타불명,보행자,남,17세,경상
2020080700100150,2020년 8월 7일 09시,금요일,광주광역시 북구 운암동,경상사고,0,0,1,0,차대차 - 추돌,안전운전불이행,건조,맑음,주차장 - 주차장,승용,남,66세,상해없음,승용,남,63세,경상
2020080700100151,2020년 8월 7일 09시,금요일,광주광역시 광산구 신가동,경상사고,0,0,1,0,차대차 - 기타,안전운전불이행,젖음/습기,비,교차로 - 교차로횡단보도내,승용,여,62세,상해없음,자전거,남,50세,경상
2020080700100183,2020년 8월 7일 10시,금요일,광주광역시 남구 진월동,경상사고,0,0,2,1,차대차 - 추돌,안전운전불이행,젖음/습기,비,단일로 - 기타,승용,남,60세,상해없음,승용,여,51세,부상신고
2020080700100184,2020년 8월 7일 10시,금요일,광주광역시 북구 운암동,경상사고,0,0,1,0,차대차 - 기타,불법유턴,젖음/습기,비,단일로 - 기타,승용,남,59세,상해없음,이륜,남,37세,경상
2020080700100239,2020년 8월 7일 12시,금요일,광주광역시 북구 매곡동,경상사고,0,0,2,0,차대차 - 추돌,안전운전불이행,젖음/습기,비,단일로 - 기타,승용,남,18세,상해없음,승용,남,26세,경상
2020080700100268,2020년 8월 7일 13시,금요일,광주광역시 북구 두암동,경상사고,0,0,1,0,차대차 - 추돌,안전운전불이행,젖음/습기,비,단일로 - 기타,승용,남,53세,상해없음,화물,남,56세,경상
2020080700100300,2020년 8월 7일 14시,금요일,광주광역시 남구 방림동,경상사고,0,0,1,0,차대사람 - 횡단중,신호위반,젖음/습기,비,교차로 - 교차로횡단보도내,승용,여,61세,상해없음,보행자,남,7세,경상
2020080700100346,2020년 8월 7일 15시,금요일,광주광역시 북구 각화동,경상사고,0,0,1,0,차대차 - 측면충돌,안전운전불이행,젖음/습기,비,단일로 - 기타,승용,여,57세,상해없음,승용,여,38세,경상
2020080700100418,2020년 8월 7일 17시,금요일,광주광역시 서구 벽진동,경상사고,0,0,1,0,차대차 - 측면충돌,신호위반,젖음/습기,비,교차로 - 교차로안,이륜,남,79세,경상,승용,남,47세,상해없음
2020080700100419,2020년 8월 7일 17시,금요일,광주광역시 남구 월산동,경상사고,0,0,1,0,차대차 - 측면충돌,신호위반,건조,맑음,교차로 - 교차로안,승용,남,65세,상해없음,승용,여,38세,경상
2020080700100420,2020년 8월 7일 17시,금요일,광주광역시 북구 두암동,경상사고,0,0,7,0,차대차 - 측면충돌,교차로운행방법위반,젖음/습기,비,교차로 - 교차로안,승용,남,56세,경상,승용,남,19세,경상
2020080700100421,2020년 8월 7일 17시,금요일,광주광역시 광산구 신창동,경상사고,0,0,1,0,차대차 - 기타,신호위반,젖음/습기,비,교차로 - 교차로안,승용,남,43세,상해없음,이륜,남,18세,경상
2020080700100422,2020년 8월 7일 17시,금요일,광주광역시 광산구 우산동,경상사고,0,0,1,0,차대사람 - 횡단중,안전운전불이행,젖음/습기,비,교차로 - 교차로안,승용,남,62세,상해없음,보행자,여,24세,경상
2020080700100465,2020년 8월 7일 18시,금요일,광주광역시 서구 유촌동,중상사고,0,1,2,0,차대차 - 측면충돌,안전운전불이행,건조,맑음,단일로 - 기타,승용,남,63세,상해없음,승용,남,59세,경상
2020080700100466,2020년 8월 7일 18시,금요일,광주광역시 서구 광천동,경상사고,0,0,1,0,차대차 - 측면충돌,차로위반,젖음/습기,흐림,단일로 - 기타,승용,남,57세,상해없음,승용,남,61세,경상
2020080700100467,2020년 8월 7일 18시,금요일,광주광역시 북구 동림동,경상사고,0,0,1,0,차대사람 - 차도통행중,안전운전불이행,젖음/습기,비,교차로 - 교차로안,승용,남,44세,기타불명,보행자,여,26세,경상
2020080700100603,2020년 8월 7일 22시,금요일,광주광역시 서구 치평동,경상사고,0,0,2,0,차대차 - 추돌,안전운전불이행,젖음/습기,비,교차로 - 교차로부근,승용,남,62세,경상,승용,여,56세,경상
2020080700100604,2020년 8월 7일 22시,금요일,광주광역시 남구 월산동,경상사고,0,0,2,0,차대차 - 기타,안전운전불이행,젖음/습기,비,단일로 - 기타,승용,남,77세,상해없음,승용,남,55세,경상
2020080800100013,2020년 8월 8일 00시,토요일,광주광역시 서구 매월동,경상사고,0,0,1,0,차대차 - 측면충돌,안전운전불이행,젖음/습기,비,단일로 - 기타,화물,남,35세,상해없음,승용,여,24세,경상
2020080800100014,2020년 8월 8일 00시,토요일,광주광역시 광산구 신창동,경상사고,0,0,2,0,차대차 - 추돌,안전운전불이행,젖음/습기,비,교차로 - 교차로부근,승용,남,34세,상해없음,승용,남,64세,경상
2020080800100015,2020년 8월 8일 00시,토요일,광주광역시 광산구 수완동,경상사고,0,0,2,0,차대차 - 후진중충돌,안전운전불이행,젖음/습기,비,단일로 - 기타,승용,남,52세,상해없음,승용,남,28세,경상
2020080800100032,2020년 8월 8일 01시,토요일,광주광역시 서구 쌍촌동,경상사고,0,0,3,0,차대차 - 추돌,안전운전불이행,젖음/습기,비,교차로 - 교차로부근,승용,여,36세,상해없음,승합,남,53세,경상
2020080800100061,2020년 8월 8일 03시,토요일,광주광역시 북구 문흥동,경상사고,0,0,1,0,차대차 - 측면충돌,교차로운행방법위반,젖음/습기,비,교차로 - 교차로안,승용,남,36세,상해없음,승용,남,23세,경상
2020080800100066,2020년 8월 8일 04시,토요일,광주광역시 서구 풍암동,중상사고,0,1,0,0,차량단독 - 공작물충돌,안전운전불이행,침수,비,단일로 - 기타,승용,여,50세,중상,,,,
2020080800100067,2020년 8월 8일 04시,토요일,광주광역시 북구 연제동,경상사고,0,0,2,0,차대차 - 측면충돌,안전운전불이행,젖음/습기,비,기타 - 기타,승용,남,36세,상해없음,승용,남,49세,경상
2020080800100074,2020년 8월 8일 05시,토요일,광주광역시 광산구 산정동,경상사고,0,0,3,0,차대차 - 추돌,안전운전불이행,젖음/습기,비,단일로 - 기타,승용,남,30세,상해없음,승용,여,46세,경상