사고번호,사고일시,요일,시군구,사고내용,사망자수,중상자수,경상자수,부상신고자수,사고유형,법규위반,노면상태,기상상태,도로형태,가해운전자 차종,가해운전자 성별,가해운전자 연령,가해운전자 상해정도,피해운전자 차종,피해운전자 성별,피해운전자 연령,피해운전자 상해정도
2020080800100088,2020년 8월 8일 06시,토요일,광주광역시 남구 월산동,경상사고,0,0,1,0,차대차 - 측면충돌,안전운전불이행,침수,맑음,단일로 - 기타,승용,남,68세,상해없음,승용,여,58세,경상
2020080800100126,2020년 8월 8일 08시,토요일,광주광역시 북구 운암동,경상사고,0,0,1,0,차대차 - 측면충돌,안전거리미확보,젖음/습기,비,단일로 - 기타,화물,남,52세,상해없음,승합,남,49세,기타불명
2020080800100145,2020년 8월 8일 09시,토요일,광주광역시 광산구 도천동,경상사고,0,0,2,0,차대차 - 측면충돌,교차로운행방법위반,젖음/습기,비,교차로 - 교차로안,승용,남,38세,경상,승용,여,47세,경상
2020080800100206,2020년 8월 8일 11시,토요일,광주광역시 광산구 송정동,경상사고,0,0,1,0,차대차 - 측면충돌,신호위반,젖음/습기,비,교차로 - 교차로안,자전거,여,62세,경상,승용,여,54세,상해없음
2020080800100237,2020년 8월 8일 12시,토요일,광주광역시 북구 오치동,경상사고,0,0,2,0,차대차 - 측면충돌,안전운전불이행,젖음/습기,비,교차로 - 교차로부근,승용,남,17세,상해없음,승용,남,59세,경상
2020080800100238,2020년 8월 8일 12시,토요일,광주광역시 북구 동림동,경상사고,0,0,2,0,차대차 - 기타,안전거리미확보,젖음/습기,흐림,단일로 - 기타,승용,남,61세,상해없음,화물,남,57세,상해없음
2020080800100272,2020년 8월 8일 13시,토요일,광주광역시 서구 치평동,경상사고,0,0,3,0,차대차 - 측면충돌,교차로운행방법위반,건조,맑음,교차로 - 교차로안,이륜,남,73세,경상,승용,남,57세,경상
2020080800100309,2020년 8월 8일 14시,토요일,광주광역시 북구 중흥동,경상사고,0,0,1,0,차대차 - 추돌,안전운전불이행,젖음/습기,흐림,단일로 - 기타,승용,남,52세,상해없음,승용,여,63세,경상
2020080800100310,2020년 8월 8일 14시,토요일,광주광역시 북구 두암동,중상사고,0,1,1,0,차대차 - 측면충돌,신호위반,건조,맑음,교차로 - 교차로안,화물,남,49세,기타불명,승용,여,53세,경상
2020080800100370,2020년 8월 8일 16시,토요일,광주광역시 북구 각화동,경상사고,0,0,2,0,차대차 - 기타,안전운전불이행,젖음/습기,흐림,단일로 - 기타,화물,남,60세,상해없음,승용,남,28세,경상
2020080800100422,2020년 8월 8일 18시,토요일,광주광역시 서구 금호동,경상사고,0,0,1,0,차대차 - 추돌,안전거리미확보,건조,흐림,교차로 - 교차로안,화물,남,36세,상해없음,승용,남,24세,경상
2020080800100423,2020년 8월 8일 18시,토요일,광주광역시 북구 용두동,중상사고,0,1,0,0,차대사람 - 보도통행중,기타,건조,맑음,기타 - 기타,승용,남,52세,상해없음,보행자,남,68세,중상
2020080800100462,2020년 8월 8일 19시,토요일,광주광역시 북구 두암동,경상사고,0,0,1,0,차대차 - 기타,안전운전불이행,건조,맑음,교차로 - 교차로안,화물,남,28세,상해없음,이륜,남,55세,경상
2020080800100535,2020년 8월 8일 21시,토요일,광주광역시 북구 유동,경상사고,0,0,5,0,차대차 - 기타,교차로운행방법위반,건조,맑음,교차로 - 교차로안,승용,여,52세,기타불명,승용,남,24세,경상
2020080800100560,2020년 8월 8일 22시,토요일,광주광역시 서구 금호동,경상사고,0,0,1,0,차대차 - 측면충돌,안전거리미확보,젖음/습기,비,교차로 - 교차로부근,승용,남,53세,상해없음,승용,남,28세,경상
2020080800100587,2020년 8월 8일 23시,토요일,광주광역시 북구 운암동,경상사고,0,0,2,0,차대차 - 기타,신호위반,젖음/습기,비,교차로 - 교차로안,승용,남,38세,상해없음,승용,남,29세,경상
2020080900100017,2020년 8월 9일 00시,일요일,광주광역시 서구 마륵동,경상사고,0,0,3,0,차대차 - 측면충돌,중앙선침범,젖음/습기,비,교차로 - 교차로부근,승용,여,31세,상해없음,승용,남,55세,경상
2020080900100051,2020년 8월 9일 03시,일요일,광주광역시 북구 동림동,경상사고,0,0,1,0,차대차 - 기타,안전운전불이행,젖음/습기,흐림,단일로 - 기타,승용,남,39세,경상,승용,남,25세,상해없음
2020080900100052,2020년 8월 9일 03시,일요일,광주광역시 광산구 산월동,경상사고,0,0,2,0,차대차 - 추돌,안전운전불이행,젖음/습기,맑음,교차로 - 교차로안,승용,남,27세,상해없음,승용,남,62세,경상
2020080900100155,2020년 8월 9일 12시,일요일,광주광역시 남구 서동,중상사고,0,1,0,0,차대차 - 측면충돌,안전거리미확보,건조,맑음,단일로 - 기타,자전거,남,78세,중상,화물,남,70세,상해없음
2020080900100156,2020년 8월 9일 12시,일요일,광주광역시 광산구 신촌동,경상사고,0,0,2,0,차대사람 - 기타,안전운전불이행,건조,맑음,단일로 - 기타,승용,남,50세,상해없음,보행자,여,23세,경상
2020080900100188,2020년 8월 9일 13시,일요일,광주광역시 동구 학동,부상신고사고,0,0,0,1,차대차 - 측면충돌,교차로운행방법위반,건조,맑음,교차로 - 교차로안,자전거,남,74세,부상신고,승용,여,45세,상해없음
2020080900100215,2020년 8월 9일 14시,일요일,광주광역시 광산구 수완동,경상사고,0,0,3,0,차대차 - 측면충돌,안전거리미확보,건조,맑음,단일로 - 기타,승용,남,22세,상해없음,승용,남,47세,경상
2020080900100239,2020년 8월 9일 15시,일요일,광주광역시 광산구 수완동,경상사고,0,0,2,0,차대차 - 측면충돌,안전거리미확보,건조,맑음,단일로 - 기타,승용,남,23세,상해없음,승용,남,27세,경상
2020080900100302,2020년 8월 9일 17시,일요일,광주광역시 북구 운암동,경상사고,0,0,2,0,차대차 - 측면충돌,안전거리미확보,건조,맑음,단일로 - 기타,승용,여,45세,상해없음,승용,남,60세,경상
2020080900100393,2020년 8월 9일 20시,일요일,광주광역시 북구 운암동,경상사고,0,0,1,0,차대차 - 측면충돌,안전운전불이행,건조,맑음,교차로 - 교차로횡단보도내,승용,남,45세,상해없음,승용,남,55세,경상
2020080900100394,2020년 8월 9일 20시,일요일,광주광역시 북구 중흥동,중상사고,0,1,0,0,차대차 - 측면충돌,안전운전불이행,건조,맑음,단일로 - 기타,이륜,남,22세,중상,승용,여,70세,상해없음
2020080900100395,2020년 8월 9일 20시,일요일,광주광역시 북구 중흥동,경상사고,0,0,2,0,차대차 - 측면충돌,안전거리미확보,건조,맑음,교차로 - 교차로부근,승용,남,61세,경상,승용,남,26세,경상
2020080900100417,2020년 8월 9일 21시,일요일,광주광역시 북구 신안동,경상사고,0,0,1,0,차대차 - 측면충돌,안전운전불이행,젖음/습기,흐림,단일로 - 기타,승용,남,23세,상해없음,이륜,남,18세,경상
2020080900100435,2020년 8월 9일 22시,일요일,광주광역시 광산구 신창동,경상사고,0,0,1,0,차대차 - 측면충돌,안전운전불이행,건조,맑음,교차로 - 교차로안,승용,여,46세,상해없음,승용,남,52세,경상
2020080900100451,2020년 8월 9일 23시,일요일,광주광역시 동구 대인동,부상신고사고,0,0,0,1,차대차 - 측면충돌,신호위반,건조,맑음,교차로 - 교차로안,이륜,남,22세,부상신고,승용,남,64세,상해없음
2020081000100088,2020년 8월 10일 08시,월요일,광주광역시 서구 벽진동,경상사고,0,0,1,0,차대차 - 측면충돌,교차로운행방법위반,건조,맑음,교차로 - 교차로부근,승용,남,30세,상해없음,승용,남,37세,경상
2020081000100090,2020년 8월 10일 08시,월요일,광주광역시 광산구 장덕동,경상사고,0,0,1,0,차대차 - 측면충돌,안전운전불이행,건조,맑음,교차로 - 교차로부근,화물,남,46세,상해없음,승용,남,56세,경상
2020081000100091,2020년 8월 10일 08시,월요일,광주광역시 광산구 하남동,경상사고,0,0,1,1,차대차 - 측면충돌,교차로운행방법위반,건조,맑음,교차로 - 교차로안,승용,남,66세,부상신고,승용,여,32세,경상
2020081000100127,2020년 8월 10일 09시,월요일,광주광역시 동구 계림동,경상사고,0,0,1,0,차대차 - 기타,안전운전불이행,건조,맑음,단일로 - 기타,승용,여,69세,상해없음,승용,남,29세,경상
2020081000100128,2020년 8월 10일 09시,월요일,광주광역시 광산구 도산동,경상사고,0,0,1,0,차대사람 - 기타,안전운전불이행,젖음/습기,비,단일로 - 기타,승용,남,46세,상해없음,보행자,여,23세,경상
2020081000100185,2020년 8월 10일 11시,월요일,광주광역시 광산구 월계동,경상사고,0,0,1,0,차대차 - 측면충돌,안전거리미확보,건조,맑음,단일로 - 기타,승용,여,32세,상해없음,승용,남,42세,경상
2020081000100220,2020년 8월 10일 12시,월요일,광주광역시 북구 신안동,중상사고,0,1,1,0,차대사람 - 기타,신호위반,젖음/습기,비,단일로 - 기타,이륜,남,23세,경상,보행자,남,52세,중상
2020081000100256,2020년 8월 10일 13시,월요일,광주광역시 동구 학동,중상사고,0,1,0,0,차대차 - 측면충돌,신호위반,젖음/습기,비,단일로 - 기타,승용,여,30세,상해없음,이륜,남,59세,중상
2020081000100257,2020년 8월 10일 13시,월요일,광주광역시 북구 오치동,경상사고,0,0,2,0,차대차 - 측면충돌,안전운전불이행,젖음/습기,비,단일로 - 기타,승용,여,38세,경상,이륜,남,53세,경상
2020081000100291,2020년 8월 10일 14시,월요일,광주광역시 동구 서석동,경상사고,0,0,1,0,차대차 - 추돌,안전운전불이행,젖음/습기,맑음,교차로 - 교차로부근,승용,남,41세,상해없음,승용,여,31세,경상
2020081000100292,2020년 8월 10일 14시,월요일,광주광역시 남구 백운동,경상사고,0,0,1,0,차대차 - 측면충돌,안전거리미확보,건조,맑음,단일로 - 기타,승용,여,71세,상해없음,승용,여,51세,경상
2020081000100293,2020년 8월 10일 14시,월요일,광주광역시 북구 본촌동,경상사고,0,0,1,0,차대차 - 측면충돌,안전운전불이행,건조,맑음,단일로 - 기타,승용,여,36세,상해없음,승용,남,61세,경상
2020081000100321,2020년 8월 10일 15시,월요일,광주광역시 서구 매월동,경상사고,0,0,3,0,차대차 - 추돌,안전운전불이행,젖음/습기,비,단일로 - 기타,화물,남,58세,상해없음,승용,남,59세,경상
2020081000100322,2020년 8월 10일 15시,월요일,광주광역시 광산구 신창동,경상사고,0,0,1,0,차대차 - 측면충돌,안전운전불이행,건조,맑음,단일로 - 기타,화물,남,59세,상해없음,승용,남,64세,상해없음
2020081000100354,2020년 8월 10일 16시,월요일,광주광역시 서구 치평동,경상사고,0,0,1,0,차대차 - 측면충돌,안전거리미확보,젖음/습기,비,교차로 - 교차로안,승용,남,49세,상해없음,승용,남,59세,경상
2020081000100355,2020년 8월 10일 16시,월요일,광주광역시 광산구 우산동,경상사고,0,0,2,0,차대차 - 측면충돌,안전운전불이행,건조,맑음,단일로 - 기타,승용,여,52세,상해없음,승용,남,62세,상해없음
2020081000100426,2020년 8월 10일 18시,월요일,광주광역시 광산구 송정동,경상사고,0,0,1,0,차대사람 - 길가장자리구역통행중,안전운전불이행,건조,흐림,단일로 - 기타,승용,여,43세,상해없음,보행자,여,23세,경상
2020081000100492,2020년 8월 10일 20시,월요일,광주광역시 남구 진월동,경상사고,0,0,2,0,차대차 - 측면충돌,신호위반,젖음/습기,비,교차로 - 교차로안,승용,남,60세,상해없음,승용,여,35세,경상
2020081000100493,2020년 8월 10일 20시,월요일,광주광역시 북구 중흥동,경상사고,0,0,1,0,차대사람 - 횡단중,신호위반,젖음/습기,비,단일로 - 기타,승용,남,55세,상해없음,보행자,남,20세,경상
2020081000100529,2020년 8월 10일 21시,월요일,광주광역시 광산구 수완동,경상사고,0,0,1,0,차대차 - 측면충돌,안전운전불이행,젖음/습기,비,단일로 - 기타,승용,남,25세,상해없음,승용,여,61세,기타불명
2020081000100559,2020년 8월 10일 22시,월요일,광주광역시 서구 쌍촌동,경상사고,0,0,2,0,차대차 - 추돌,안전운전불이행,건조,맑음,단일로 - 기타,승용,남,31세,상해없음,승용,남,47세,경상
2020081000100560,2020년 8월 10일 22시,월요일,광주광역시 서구 치평동,경상사고,0,0,3,0,차대차 - 측면충돌,안전운전불이행,건조,맑음,교차로 - 교차로안,승용,남,61세,상해없음,승용,남,51세,경상
2020081000100561,2020년 8월 10일 22시,월요일,광주광역시 광산구 우산동,중상사고,0,1,0,0,차대차 - 측면충돌,안전거리미확보,젖음/습기,비,단일로 - 기타,승용,남,32세,기타불명,승용,남,31세,중상
2020081000100590,2020년 8월 10일 23시,월요일,광주광역시 동구 산수동,경상사고,0,0,1,0,차대차 - 기타,안전운전불이행,젖음/습기,비,교차로 - 교차로안,승용,여,56세,상해없음,승용,남,68세,경상
2020081000100591,2020년 8월 10일 23시,월요일,광주광역시 광산구 월계동,경상사고,0,0,3,0,차대차 - 측면충돌,차로위반,젖음/습기,비,단일로 - 기타,승용,남,54세,상해없음,승용,남,40세,경상
2020081100100036,2020년 8월 11일 01시,화요일,광주광역시 동구 충장로1가,경상사고,0,0,1,0,차대차 - 측면충돌,신호위반,젖음/습기,흐림,교차로 - 교차로안,승용,남,65세,상해없음,승용,남,60세,경상
2020081100100049,2020년 8월 11일 03시,화요일,광주광역시 북구 문흥동,경상사고,0,0,1,0,차량단독 - 기타,안전운전불이행,젖음/습기,비,교차로 - 교차로안,승용,남,29세,경상,,,,
2020081100100080,2020년 8월 11일 06시,화요일,광주광역시 서구 마륵동,경상사고,0,0,1,0,차대차 - 기타,안전거리미확보,건조,맑음,단일로 - 기타,승용,여,63세,상해없음,승용,남,25세,경상
2020081100100081,2020년 8월 11일 06시,화요일,광주광역시 서구 내방동,경상사고,0,0,3,0,차대차 - 측면충돌,중앙선침범,건조,맑음,교차로 - 교차로부근,승용,남,31세,상해없음,승용,남,64세,경상
2020081100100139,2020년 8월 11일 08시,화요일,광주광역시 서구 화정동,경상사고,0,0,3,0,차대차 - 측면충돌,안전운전불이행,건조,맑음,단일로 - 기타,승용,남,22세,경상,승용,남,40세,상해없음
2020081100100140,2020년 8월 11일 08시,화요일,광주광역시 광산구 도천동,경상사고,0,0,1,0,차대차 - 정면충돌,안전운전불이행,건조,맑음,교차로 - 교차로안,기타불명,기타불명,미분류,기타불명,승용,남,60세,상해없음
2020081100100212,2020년 8월 11일 10시,화요일,광주광역시 북구 두암동,중상사고,0,1,0,0,차대사람 - 횡단중,신호위반,건조,맑음,교차로 - 교차로횡단보도내,이륜,남,78세,상해없음,보행자,여,60세,중상
2020081100100213,2020년 8월 11일 10시,화요일,광주광역시 북구 운암동,경상사고,0,0,1,0,차대차 - 기타,안전운전불이행,건조,맑음,교차로 - 교차로안,승용,여,48세,상해없음,승용,남,74세,경상
2020081100100246,2020년 8월 11일 11시,화요일,광주광역시 광산구 송정동,경상사고,0,0,2,0,차대차 - 기타,안전운전불이행,건조,맑음,교차로 - 교차로부근,승용,여,55세,상해없음,승용,남,54세,경상
2020081100100270,2020년 8월 11일 12시,화요일,광주광역시 서구 서창동,경상사고,0,0,3,0,차대차 - 측면충돌,신호위반,건조,맑음,교차로 - 교차로안,승용,여,61세,경상,승용,여,62세,경상
2020081100100300,2020년 8월 11일 13시,화요일,광주광역시 서구 광천동,경상사고,0,0,1,0,차대차 - 측면충돌,차로위반,건조,맑음,단일로 - 기타,승용,여,62세,상해없음,승용,여,47세,경상
2020081100100343,2020년 8월 11일 14시,화요일,광주광역시 남구 주월동,경상사고,0,0,3,0,차대차 - 추돌,중앙선침범,건조,맑음,단일로 - 기타,승용,여,57세,상해없음,승용,남,51세,경상
2020081100100344,2020년 8월 11일 14시,화요일,광주광역시 광산구 수완동,중상사고,0,1,0,0,차대사람 - 횡단중,보행자보호의무위반,건조,맑음,단일로 - 기타,승용,여,52세,상해없음,보행자,남,7세,중상
2020081100100345,2020년 8월 11일 14시,화요일,광주광역시 광산구 우산동,경상사고,0,0,3,0,차대차 - 측면충돌,차로위반,건조,맑음,단일로 - 기타,승용,여,29세,경상,화물,남,64세,경상
2020081100100407,2020년 8월 11일 16시,화요일,광주광역시 북구 용봉동,경상사고,0,0,1,0,차대사람 - 횡단중,안전운전불이행,건조,맑음,단일로 - 기타,승용,여,48세,상해없음,보행자,남,13세,경상
2020081100100440,2020년 8월 11일 17시,화요일,광주광역시 서구 치평동,경상사고,0,0,1,0,차대차 - 추돌,안전운전불이행,젖음/습기,비,기타 - 기타,승용,남,46세,상해없음,승용,여,34세,경상
2020081100100484,2020년 8월 11일 18시,화요일,광주광역시 북구 신안동,중상사고,0,1,0,0,차대차 - 측면충돌,안전운전불이행,건조,맑음,교차로 - 교차로횡단보도내,승용,남,78세,상해없음,자전거,남,58세,중상
2020081100100520,2020년 8월 11일 19시,화요일,광주광역시 북구 각화동,경상사고,0,0,1,0,차대차 - 기타,중앙선침범,건조,맑음,단일로 - 기타,화물,남,52세,상해없음,승용,여,45세,경상
2020081100100521,2020년 8월 11일 19시,화요일,광주광역시 광산구 쌍암동,경상사고,0,0,1,0,차대차 - 측면충돌,안전거리미확보,건조,맑음,단일로 - 기타,화물,남,29세,상해없음,이륜,남,25세,경상
2020081200100019,2020년 8월 12일 01시,수요일,광주광역시 북구 용두동,경상사고,0,0,3,0,차대차 - 기타,안전운전불이행,젖음/습기,흐림,단일로 - 기타,승용,남,54세,경상,승용,남,34세,경상
2020081200100073,2020년 8월 12일 07시,수요일,광주광역시 북구 각화동,경상사고,0,0,1,0,차대차 - 기타,차로위반,젖음/습기,비,단일로 - 기타,화물,남,73세,상해없음,승합,남,43세,경상
2020081200100121,2020년 8월 12일 08시,수요일,광주광역시 동구 계림동,경상사고,0,0,1,0,차대차 - 기타,안전거리미확보,건조,맑음,단일로 - 기타,승용,남,54세,상해없음,승용,여,27세,경상
2020081200100122,2020년 8월 12일 08시,수요일,광주광역시 북구 용봉동,경상사고,0,0,1,0,차대차 - 측면충돌,안전거리미확보,젖음/습기,비,단일로 - 기타,승용,남,59세,상해없음,승용,남,47세,경상
2020081200100189,2020년 8월 12일 10시,수요일,광주광역시 북구 신안동,중상사고,0,1,0,0,차대차 - 기타,안전운전불이행,건조,맑음,단일로 - 기타,화물,남,42세,상해없음,자전거,남,81세,중상
2020081200100221,2020년 8월 12일 11시,수요일,광주광역시 북구 운암동,경상사고,0,0,3,0,차대차 - 측면충돌,교차로운행방법위반,건조,맑음,교차로 - 교차로안,승용,남,52세,상해없음,승용,여,43세,경상
2020081200100290,2020년 8월 12일 13시,수요일,광주광역시 서구 치평동,경상사고,0,0,1,0,차대차 - 기타,중앙선침범,건조,맑음,단일로 - 기타,승용,남,25세,상해없음,이륜,남,46세,경상
2020081200100325,2020년 8월 12일 14시,수요일,광주광역시 북구 용봉동,경상사고,0,0,1,0,차대차 - 기타,안전운전불이행,건조,맑음,교차로 - 교차로부근,승용,남,26세,상해없음,원동기,남,19세,경상
2020081200100359,2020년 8월 12일 15시,수요일,광주광역시 남구 송하동,경상사고,0,0,2,0,차대차 - 측면충돌,안전거리미확보,건조,맑음,단일로 - 기타,승용,여,63세,상해없음,화물,남,54세,경상
2020081200100407,2020년 8월 12일 16시,수요일,광주광역시 동구 계림동,경상사고,0,0,3,0,차대차 - 측면충돌,안전운전불이행,건조,맑음,단일로 - 기타,승용,남,23세,경상,승용,남,47세,경상
2020081200100408,2020년 8월 12일 16시,수요일,광주광역시 동구 서석동,경상사고,0,0,1,0,차량단독 - 기타,안전운전불이행,건조,맑음,단일로 - 기타,승합,남,41세,상해없음,,,,
2020081200100444,2020년 8월 12일 17시,수요일,광주광역시 북구 각화동,경상사고,0,0,1,0,차대사람 - 기타,안전운전불이행,건조,맑음,단일로 - 기타,화물,남,56세,기타불명,보행자,여,37세,경상
2020081200100489,2020년 8월 12일 18시,수요일,광주광역시 동구 불로동,중상사고,0,1,1,0,차대차 - 측면충돌,신호위반,건조,맑음,기타 - 기타,승용,남,61세,경상,승용,남,29세,상해없음
2020081200100490,2020년 8월 12일 18시,수요일,광주광역시 남구 송하동,경상사고,0,0,2,0,차대차 - 측면충돌,안전운전불이행,건조,맑음,단일로 - 기타,승용,남,37세,상해없음,승용,남,33세,경상
2020081200100543,2020년 8월 12일 20시,수요일,광주광역시 북구 양산동,부상신고사고,0,0,0,1,차대차 - 기타,안전운전불이행,건조,맑음,교차로 - 교차로안,개인형이동수단(PM),남,30세,부상신고,승용,남,39세,상해없음
2020081200100572,2020년 8월 12일 21시,수요일,광주광역시 광산구 신가동,중상사고,0,1,1,0,차대차 - 측면충돌,신호위반,건조,맑음,단일로 - 기타,승용,남,24세,경상,이륜,남,52세,중상
2020081200100598,2020년 8월 12일 22시,수요일,광주광역시 서구 유촌동,경상사고,0,0,1,0,차대차 - 기타,교차로운행방법위반,건조,맑음,교차로 - 교차로안,승용,남,50세,상해없음,승용,남,24세,경상
2020081200100599,2020년 8월 12일 22시,수요일,광주광역시 광산구 장덕동,경상사고,0,0,1,0,차대사람 - 기타,안전운전불이행,건조,맑음,단일로 - 기타,기타불명,기타불명,미분류,기타불명,보행자,남,53세,경상
2020081300100017,2020년 8월 13일 01시,목요일,광주광역시 광산구 수완동,경상사고,0,0,2,0,차대차 - 추돌,안전운전불이행,건조,맑음,단일로 - 기타,승용,남,41세,상해없음,승용,남,21세,경상
2020081300100018,2020년 8월 13일 01시,목요일,광주광역시 광산구 하남동,경상사고,0,0,1,0,차대차 - 기타,교차로운행방법위반,건조,맑음,교차로 - 교차로안,승합,남,38세,상해없음,승용,남,39세,경상
2020081300100040,2020년 8월 13일 05시,목요일,광주광역시 북구 중흥동,중상사고,0,1,0,0,차대차 - 측면충돌,신호위반,건조,맑음,교차로 - 교차로안,승용,남,43세,상해없음,이륜,남,22세,중상
2020081300100066,2020년 8월 13일 07시,목요일,광주광역시 광산구 오선동,경상사고,0,0,4,0,차대차 - 기타,신호위반,건조,맑음,교차로 - 교차로안,승용,남,65세,상해없음,승합,남,65세,경상
2020081300100094,2020년 8월 13일 08시,목요일,광주광역시 광산구 장수동,경상사고,0,0,2,0,차대차 - 추돌,안전거리미확보,건조,맑음,단일로 - 기타,승용,남,20세,상해없음,승용,남,45세,경상
2020081300100154,2020년 8월 13일 10시,목요일,광주광역시 서구 광천동,경상사고,0,0,1,0,차대차 - 측면충돌,안전운전불이행,건조,맑음,교차로 - 교차로안,승용,여,71세,경상,승용,남,67세,상해없음
2020081300100200,2020년 8월 13일 11시,목요일,광주광역시 북구 우산동,경상사고,0,0,2,0,차대차 - 추돌,안전운전불이행,건조,맑음,교차로 - 교차로부근,원동기,남,25세,상해없음,승용,남,37세,경상
2020081300100267,2020년 8월 13일 13시,목요일,광주광역시 북구 신용동,중상사고,0,1,0,0,차대사람 - 기타,안전운전불이행,건조,맑음,단일로 - 기타,승용,남,45세,상해없음,보행자,여,80세,중상
2020081300100268,2020년 8월 13일 13시,목요일,광주광역시 광산구 소촌동,경상사고,0,0,1,0,차대차 - 측면충돌,교차로운행방법위반,건조,맑음,교차로 - 교차로안,화물,남,63세,상해없음,자전거,남,11세,경상
2020081300100350,2020년 8월 13일 15시,목요일,광주광역시 동구 학동,경상사고,0,0,1,0,차대차 - 후진중충돌,안전운전불이행,건조,맑음,교차로 - 교차로부근,승용,남,65세,상해없음,이륜,남,51세,경상
2020081300100425,2020년 8월 13일 17시,목요일,광주광역시 광산구 월계동,경상사고,0,0,2,0,차대차 - 측면충돌,안전거리미확보,건조,맑음,단일로 - 기타,승용,남,56세,상해없음,승용,남,32세,경상
2020081300100426,2020년 8월 13일 17시,목요일,광주광역시 광산구 신창동,경상사고,0,0,2,0,차대차 - 측면충돌,차로위반,건조,맑음,단일로 - 기타,승합,남,65세,상해없음,승용,남,53세,경상
2020081300100474,2020년 8월 13일 18시,목요일,광주광역시 서구 치평동,경상사고,0,0,1,0,차대차 - 측면충돌,안전운전불이행,건조,맑음,교차로 - 교차로안,승용,남,52세,상해없음,승용,남,61세,경상
2020081300100475,2020년 8월 13일 18시,목요일,광주광역시 서구 광천동,경상사고,0,0,1,0,차대차 - 기타,교차로운행방법위반,건조,맑음,교차로 - 교차로안,승합,남,44세,상해없음,승용,남,52세,경상
2020081300100476,2020년 8월 13일 18시,목요일,광주광역시 서구 쌍촌동,경상사고,0,0,1,0,차대차 - 측면충돌,안전운전불이행,건조,맑음,단일로 - 기타,승용,남,24세,상해없음,승용,남,44세,경상
2020081300100477,2020년 8월 13일 18시,목요일,광주광역시 서구 치평동,경상사고,0,0,1,0,차대차 - 측면충돌,차로위반,건조,맑음,단일로 - 기타,승용,남,35세,상해없음,승용,여,36세,경상
2020081300100478,2020년 8월 13일 18시,목요일,광주광역시 북구 양산동,중상사고,0,1,0,0,차대차 - 기타,교차로운행방법위반,건조,맑음,교차로 - 교차로안,승합,남,51세,상해없음,이륜,남,37세,중상
2020081300100521,2020년 8월 13일 19시,목요일,광주광역시 북구 운암동,경상사고,0,0,1,0,차대차 - 기타,신호위반,건조,맑음,교차로 - 교차로안,승합,남,58세,상해없음,원동기,남,29세,경상
2020081300100522,2020년 8월 13일 19시,목요일,광주광역시 북구 양산동,중상사고,0,1,0,0,차대차 - 기타,중앙선침범,건조,맑음,단일로 - 기타,승용,남,31세,상해없음,이륜,남,43세,중상
2020081300100548,2020년 8월 13일 20시,목요일,광주광역시 동구 지산동,경상사고,0,0,1,0,차대사람 - 길가장자리구역통행중,안전운전불이행,건조,맑음,단일로 - 기타,승용,남,24세,상해없음,보행자,여,21세,경상
2020081300100549,2020년 8월 13일 20시,목요일,광주광역시 서구 쌍촌동,경상사고,0,0,1,0,차대차 - 후진중충돌,안전운전불이행,건조,맑음,교차로 - 교차로부근,승용,남,34세,상해없음,이륜,남,23세,경상
2020081300100608,2020년 8월 13일 22시,목요일,광주광역시 서구 쌍촌동,경상사고,0,0,3,0,차대차 - 측면충돌,신호위반,건조,맑음,교차로 - 교차로안,승용,남,48세,경상,승용,남,23세,경상
2020081300100609,2020년 8월 13일 22시,목요일,광주광역시 광산구 쌍암동,경상사고,0,0,3,0,차대차 - 측면충돌,중앙선침범,건조,맑음,교차로 - 교차로부근,승용,여,31세,상해없음,승용,여,30세,경상
2020081300100629,2020년 8월 13일 23시,목요일,광주광역시 광산구 수완동,경상사고,0,0,2,0,차대차 - 측면충돌,교차로운행방법위반,건조,맑음,교차로 - 교차로안,승용,남,53세,상해없음,승용,남,27세,경상
2020081400100022,2020년 8월 14일 00시,금요일,광주광역시 서구 쌍촌동,경상사고,0,0,2,0,차대차 - 기타,신호위반,건조,맑음,교차로 - 교차로안,승합,남,26세,상해없음,승용,남,54세,경상
2020081400100023,2020년 8월 14일 00시,금요일,광주광역시 북구 중흥동,경상사고,0,0,1,0,차대사람 - 기타,안전운전불이행,건조,맑음,단일로 - 기타,승용,남,56세,상해없음,보행자,여,26세,경상
2020081400100095,2020년 8월 14일 07시,금요일,광주광역시 북구 각화동,경상사고,0,0,1,0,차대사람 - 차도통행중,안전운전불이행,건조,맑음,단일로 - 기타,승합,남,62세,상해없음,보행자,남,61세,경상
2020081400100157,2020년 8월 14일 09시,금요일,광주광역시 서구 양동,경상사고,0,0,1,0,차대차 - 측면충돌,교차로운행방법위반,건조,맑음,교차로 - 교차로안,승용,남,41세,상해없음,승용,남,33세,경상
2020081400100158,2020년 8월 14일 09시,금요일,광주광역시 북구 양산동,중상사고,0,1,0,0,차대사람 - 횡단중,안전운전불이행,건조,맑음,단일로 - 기타,승합,여,46세,상해없음,보행자,여,67세,중상
2020081400100192,2020년 8월 14일 10시,금요일,광주광역시 서구 풍암동,경상사고,0,0,1,0,차대차 - 추돌,안전운전불이행,건조,맑음,교차로 - 교차로부근,승용,남,63세,상해없음,원동기,남,37세,경상
2020081400100193,2020년 8월 14일 10시,금요일,광주광역시 남구 방림동,경상사고,0,0,2,0,차대차 - 추돌,안전운전불이행,건조,맑음,교차로 - 교차로부근,승용,남,64세,상해없음,승용,여,53세,경상