사고번호,사고일시,요일,시군구,사고내용,사망자수,중상자수,경상자수,부상신고자수,사고유형,법규위반,노면상태,기상상태,도로형태,가해운전자 차종,가해운전자 성별,가해운전자 연령,가해운전자 상해정도,피해운전자 차종,피해운전자 성별,피해운전자 연령,피해운전자 상해정도
2020082000100348,2020년 8월 20일 14시,목요일,광주광역시 광산구 산월동,경상사고,0,0,2,0,차대차 - 측면충돌,신호위반,건조,맑음,교차로 - 교차로안,이륜,남,25세,경상,승용,여,59세,경상
2020082000100382,2020년 8월 20일 15시,목요일,광주광역시 광산구 산정동,경상사고,0,0,1,0,차대차 - 추돌,교차로운행방법위반,건조,맑음,교차로 - 교차로안,승용,남,36세,상해없음,승용,남,38세,경상
2020082000100418,2020년 8월 20일 16시,목요일,광주광역시 동구 학동,경상사고,0,0,2,0,차대차 - 기타,안전운전불이행,건조,맑음,교차로 - 교차로안,승용,여,35세,상해없음,승용,여,28세,경상
2020082000100419,2020년 8월 20일 16시,목요일,광주광역시 북구 오치동,경상사고,0,0,1,0,차대차 - 측면충돌,교차로운행방법위반,건조,맑음,교차로 - 교차로안,승용,남,38세,상해없음,승합,남,47세,경상
2020082000100460,2020년 8월 20일 17시,목요일,광주광역시 서구 화정동,경상사고,0,0,2,0,차대차 - 추돌,안전운전불이행,건조,맑음,단일로 - 기타,승용,남,60세,상해없음,승용,남,66세,상해없음
2020082000100461,2020년 8월 20일 17시,목요일,광주광역시 광산구 운남동,경상사고,0,0,3,0,차대차 - 추돌,안전운전불이행,건조,맑음,단일로 - 기타,승용,남,41세,상해없음,승용,남,58세,경상
2020082000100462,2020년 8월 20일 17시,목요일,광주광역시 광산구 월계동,경상사고,0,0,1,0,차대사람 - 기타,안전운전불이행,건조,맑음,교차로 - 교차로안,승용,여,40세,상해없음,보행자,남,6세,경상
2020082000100512,2020년 8월 20일 18시,목요일,광주광역시 북구 두암동,경상사고,0,0,1,0,차대차 - 측면충돌,안전거리미확보,건조,맑음,단일로 - 기타,화물,남,37세,상해없음,화물,남,71세,상해없음
2020082000100575,2020년 8월 20일 20시,목요일,광주광역시 서구 벽진동,중상사고,0,1,2,1,차대차 - 기타,신호위반,건조,맑음,교차로 - 교차로안,승용,남,33세,부상신고,승용,여,63세,중상
2020082000100608,2020년 8월 20일 22시,목요일,광주광역시 북구 용봉동,경상사고,0,0,1,0,차대차 - 측면충돌,안전운전불이행,건조,맑음,단일로 - 기타,승용,남,24세,상해없음,승용,남,23세,경상
2020082000100616,2020년 8월 20일 22시,목요일,광주광역시 북구 오치동,경상사고,0,0,5,0,차대차 - 측면충돌,신호위반,건조,맑음,교차로 - 교차로안,승용,여,26세,상해없음,승용,남,52세,경상
2020082000100631,2020년 8월 20일 23시,목요일,광주광역시 북구 일곡동,경상사고,0,0,1,0,차대차 - 측면충돌,안전운전불이행,건조,맑음,단일로 - 기타,승용,남,63세,상해없음,승용,남,32세,상해없음
2020082100100021,2020년 8월 21일 01시,금요일,광주광역시 남구 진월동,경상사고,0,0,2,0,차대차 - 기타,안전운전불이행,건조,맑음,교차로 - 교차로안,승용,남,30세,경상,승용,남,35세,상해없음
2020082100100034,2020년 8월 21일 03시,금요일,광주광역시 북구 오룡동,중상사고,0,1,0,0,차대차 - 추돌,안전운전불이행,건조,맑음,단일로 - 기타,화물,남,47세,상해없음,개인형이동수단(PM),남,53세,중상
2020082100100064,2020년 8월 21일 06시,금요일,광주광역시 광산구 산정동,경상사고,0,0,2,0,차대차 - 정면충돌,신호위반,건조,맑음,교차로 - 교차로안,승용,남,19세,상해없음,승용,남,52세,경상
2020082100100085,2020년 8월 21일 07시,금요일,광주광역시 광산구 옥동,경상사고,0,0,1,0,차대차 - 추돌,안전운전불이행,건조,맑음,단일로 - 기타,승용,여,50세,기타불명,승용,여,50세,경상
2020082100100111,2020년 8월 21일 08시,금요일,광주광역시 북구 용봉동,경상사고,0,0,1,0,차대사람 - 기타,안전운전불이행,건조,맑음,교차로 - 교차로안,승용,남,56세,상해없음,보행자,남,10세,경상
2020082100100148,2020년 8월 21일 09시,금요일,광주광역시 남구 백운동,경상사고,0,0,1,0,차대차 - 추돌,안전운전불이행,건조,맑음,단일로 - 기타,승용,여,62세,상해없음,승용,남,38세,경상
2020082100100174,2020년 8월 21일 10시,금요일,광주광역시 북구 연제동,경상사고,0,0,1,1,차대차 - 기타,안전운전불이행,건조,맑음,단일로 - 기타,승용,남,45세,기타불명,승용,남,22세,경상
2020082100100175,2020년 8월 21일 10시,금요일,광주광역시 광산구 진곡동,경상사고,0,0,1,0,차대차 - 기타,기타,건조,맑음,단일로 - 기타,화물,남,68세,상해없음,화물,남,44세,경상
2020082100100207,2020년 8월 21일 11시,금요일,광주광역시 북구 임동,부상신고사고,0,0,0,1,차대차 - 기타,안전거리미확보,건조,맑음,단일로 - 기타,자전거,남,52세,부상신고,승용,남,62세,상해없음
2020082100100269,2020년 8월 21일 13시,금요일,광주광역시 광산구 수완동,경상사고,0,0,2,0,차대사람 - 횡단중,보행자보호의무위반,건조,맑음,교차로 - 교차로횡단보도내,승용,여,23세,상해없음,보행자,여,44세,경상
2020082100100340,2020년 8월 21일 15시,금요일,광주광역시 서구 농성동,경상사고,0,0,1,0,차대차 - 측면충돌,차로위반,건조,맑음,단일로 - 기타,승용,남,60세,상해없음,화물,남,35세,경상
2020082100100341,2020년 8월 21일 15시,금요일,광주광역시 광산구 송정동,경상사고,0,0,4,1,차량단독 - 공작물충돌,안전운전불이행,건조,맑음,단일로 - 기타,승용,남,38세,상해없음,,,,
2020082100100417,2020년 8월 21일 17시,금요일,광주광역시 광산구 도산동,중상사고,0,1,0,0,차대차 - 측면충돌,직진우회전진행방해,건조,맑음,교차로 - 교차로안,승용,남,53세,기타불명,이륜,남,34세,중상
2020082100100418,2020년 8월 21일 17시,금요일,광주광역시 광산구 선암동,경상사고,0,0,1,0,차대차 - 측면충돌,안전거리미확보,건조,맑음,단일로 - 기타,건설기계,남,61세,상해없음,승용,남,30세,경상
2020082100100450,2020년 8월 21일 18시,금요일,광주광역시 서구 풍암동,경상사고,0,0,1,0,차대차 - 측면충돌,안전거리미확보,건조,맑음,교차로 - 교차로안,승합,남,55세,상해없음,승용,여,30세,경상
2020082100100451,2020년 8월 21일 18시,금요일,광주광역시 북구 임동,경상사고,0,0,2,0,차대차 - 측면충돌,차로위반,건조,맑음,단일로 - 기타,승용,여,35세,상해없음,승용,남,58세,경상
2020082100100452,2020년 8월 21일 18시,금요일,광주광역시 광산구 장덕동,경상사고,0,0,1,0,차대차 - 기타,안전운전불이행,건조,맑음,교차로 - 교차로안,승용,여,33세,상해없음,자전거,여,39세,경상
2020082100100542,2020년 8월 21일 20시,금요일,광주광역시 광산구 본덕동,경상사고,0,0,1,0,차대차 - 기타,안전운전불이행,건조,맑음,단일로 - 기타,승용,남,39세,상해없음,승용,남,24세,경상
2020082200100044,2020년 8월 22일 02시,토요일,광주광역시 북구 용봉동,부상신고사고,0,0,0,1,차대사람 - 횡단중,안전운전불이행,건조,맑음,단일로 - 기타,승용,남,65세,상해없음,보행자,남,27세,부상신고
2020082200100045,2020년 8월 22일 02시,토요일,광주광역시 광산구 우산동,경상사고,0,0,1,0,차대사람 - 기타,기타,건조,맑음,단일로 - 기타,승용,남,47세,상해없음,보행자,남,28세,경상
2020082200100061,2020년 8월 22일 04시,토요일,광주광역시 동구 월남동,중상사고,0,1,0,0,차량단독 - 공작물충돌,안전운전불이행,건조,맑음,단일로 - 기타,승용,남,36세,중상,,,,
2020082200100071,2020년 8월 22일 05시,토요일,광주광역시 남구 진월동,중상사고,0,1,0,0,차대사람 - 차도통행중,보행자보호의무위반,건조,맑음,단일로 - 기타,승용,남,52세,상해없음,보행자,남,60세,중상
2020082200100124,2020년 8월 22일 08시,토요일,광주광역시 동구 산수동,경상사고,0,0,1,0,차대사람 - 기타,안전운전불이행,건조,맑음,단일로 - 기타,승용,남,49세,상해없음,보행자,남,87세,경상
2020082200100151,2020년 8월 22일 09시,토요일,광주광역시 남구 주월동,경상사고,0,0,1,0,차대차 - 측면충돌,교차로운행방법위반,건조,맑음,교차로 - 교차로안,승용,여,49세,상해없음,승용,남,26세,경상
2020082200100152,2020년 8월 22일 09시,토요일,광주광역시 광산구 지죽동,경상사고,0,0,3,0,차대차 - 측면충돌,안전운전불이행,건조,맑음,교차로 - 교차로안,승용,남,47세,경상,승용,남,62세,경상
2020082200100153,2020년 8월 22일 09시,토요일,광주광역시 광산구 송정동,경상사고,0,0,3,0,차대차 - 측면충돌,교차로운행방법위반,건조,맑음,교차로 - 교차로안,승용,남,72세,상해없음,승용,남,36세,경상
2020082200100207,2020년 8월 22일 11시,토요일,광주광역시 서구 풍암동,경상사고,0,0,1,0,차대차 - 기타,신호위반,건조,맑음,교차로 - 교차로안,승용,남,45세,상해없음,승용,여,48세,경상
2020082200100208,2020년 8월 22일 11시,토요일,광주광역시 북구 두암동,중상사고,0,1,0,0,차대사람 - 횡단중,안전운전불이행,건조,맑음,단일로 - 기타,승용,여,54세,상해없음,보행자,여,74세,중상
2020082200100317,2020년 8월 22일 14시,토요일,광주광역시 남구 월산동,경상사고,0,0,2,0,차대차 - 측면충돌,안전운전불이행,건조,맑음,단일로 - 기타,승용,남,69세,경상,승용,여,60세,경상
2020082200100318,2020년 8월 22일 14시,토요일,광주광역시 북구 오치동,경상사고,0,0,1,0,차대사람 - 길가장자리구역통행중,안전운전불이행,건조,맑음,단일로 - 기타,승용,남,36세,상해없음,보행자,남,46세,경상
2020082200100319,2020년 8월 22일 14시,토요일,광주광역시 북구 양산동,경상사고,0,0,3,0,차대차 - 측면충돌,안전운전불이행,건조,맑음,교차로 - 교차로안,승용,남,57세,상해없음,승용,남,46세,경상
2020082200100368,2020년 8월 22일 15시,토요일,광주광역시 광산구 송촌동,경상사고,0,0,1,0,차대차 - 측면충돌,안전운전불이행,건조,맑음,단일로 - 기타,승용,남,29세,상해없음,화물,남,57세,경상
2020082200100401,2020년 8월 22일 16시,토요일,광주광역시 동구 산수동,경상사고,0,0,1,0,차대차 - 추돌,안전거리미확보,건조,맑음,단일로 - 기타,화물,남,58세,상해없음,승용,남,66세,경상
2020082200100402,2020년 8월 22일 16시,토요일,광주광역시 광산구 우산동,경상사고,0,0,3,0,차대차 - 측면충돌,차로위반,건조,맑음,단일로 - 기타,승용,남,76세,상해없음,승용,여,52세,경상
2020082200100486,2020년 8월 22일 18시,토요일,광주광역시 남구 사동,경상사고,0,0,1,0,차대차 - 추돌,안전거리미확보,건조,흐림,교차로 - 교차로안,승용,남,55세,상해없음,승용,남,28세,경상
2020082200100559,2020년 8월 22일 20시,토요일,광주광역시 광산구 도산동,경상사고,0,0,1,0,차대차 - 기타,안전운전불이행,건조,맑음,단일로 - 기타,화물,남,61세,상해없음,승용,남,28세,경상
2020082200100560,2020년 8월 22일 20시,토요일,광주광역시 광산구 운수동,경상사고,0,0,4,0,차대차 - 측면충돌,차로위반,건조,맑음,단일로 - 기타,화물,남,71세,상해없음,승용,남,38세,경상
2020082200100599,2020년 8월 22일 21시,토요일,광주광역시 동구 장동,경상사고,0,0,2,0,차대차 - 측면충돌,신호위반,건조,맑음,교차로 - 교차로안,승용,여,26세,상해없음,승용,남,40세,경상
2020082200100600,2020년 8월 22일 21시,토요일,광주광역시 북구 용봉동,부상신고사고,0,0,0,1,차대사람 - 횡단중,신호위반,건조,맑음,교차로 - 교차로안,기타불명,기타불명,미분류,기타불명,보행자,남,21세,부상신고
2020082200100617,2020년 8월 22일 22시,토요일,광주광역시 남구 주월동,경상사고,0,0,1,0,차대사람 - 차도통행중,안전운전불이행,건조,맑음,단일로 - 기타,승용,남,33세,상해없음,보행자,남,27세,경상
2020082300100016,2020년 8월 23일 00시,일요일,광주광역시 북구 운암동,경상사고,0,0,3,0,차대차 - 측면충돌,안전운전불이행,건조,맑음,교차로 - 교차로안,승용,남,24세,상해없음,승용,남,58세,경상
2020082300100017,2020년 8월 23일 00시,일요일,광주광역시 북구 두암동,경상사고,0,0,1,0,차대차 - 측면충돌,안전운전불이행,건조,맑음,단일로 - 기타,승용,남,77세,상해없음,승용,남,59세,경상
2020082300100093,2020년 8월 23일 08시,일요일,광주광역시 남구 승촌동,경상사고,0,0,1,0,차대차 - 기타,안전운전불이행,건조,맑음,단일로 - 기타,승용,남,70세,상해없음,자전거,남,49세,경상
2020082300100094,2020년 8월 23일 08시,일요일,광주광역시 북구 오룡동,경상사고,0,0,1,0,차대차 - 측면충돌,안전운전불이행,건조,맑음,교차로 - 교차로안,화물,남,25세,상해없음,승용,남,26세,경상
2020082300100163,2020년 8월 23일 12시,일요일,광주광역시 남구 봉선동,경상사고,0,0,3,0,차대차 - 측면충돌,안전운전불이행,건조,맑음,단일로 - 기타,승용,여,54세,경상,원동기,남,38세,경상
2020082300100190,2020년 8월 23일 13시,일요일,광주광역시 광산구 쌍암동,경상사고,0,0,1,1,차대차 - 측면충돌,교차로운행방법위반,건조,맑음,교차로 - 교차로안,승용,여,30세,부상신고,원동기,남,22세,경상
2020082300100344,2020년 8월 23일 18시,일요일,광주광역시 서구 양동,경상사고,0,0,1,0,차대차 - 기타,안전운전불이행,건조,맑음,단일로 - 기타,승용,남,49세,상해없음,승용,남,74세,경상
2020082300100409,2020년 8월 23일 20시,일요일,광주광역시 서구 유촌동,경상사고,0,0,1,0,차대차 - 기타,교차로운행방법위반,건조,맑음,교차로 - 교차로안,화물,남,54세,상해없음,이륜,남,26세,경상
2020082300100445,2020년 8월 23일 22시,일요일,광주광역시 서구 화정동,경상사고,0,0,2,0,차대차 - 측면충돌,신호위반,건조,맑음,교차로 - 교차로안,승용,남,46세,상해없음,승용,남,25세,경상
2020082400100021,2020년 8월 24일 01시,월요일,광주광역시 북구 중흥동,경상사고,0,0,1,0,차대차 - 추돌,안전거리미확보,건조,맑음,교차로 - 교차로부근,승용,남,22세,상해없음,이륜,남,23세,경상
2020082400100056,2020년 8월 24일 06시,월요일,광주광역시 광산구 선암동,경상사고,0,0,1,0,차대차 - 정면충돌,안전운전불이행,건조,맑음,단일로 - 기타,승용,남,45세,상해없음,승용,여,33세,경상
2020082400100122,2020년 8월 24일 08시,월요일,광주광역시 북구 두암동,경상사고,0,0,1,0,차대차 - 측면충돌,안전운전불이행,건조,맑음,교차로 - 교차로부근,승용,남,65세,상해없음,승용,여,36세,경상
2020082400100198,2020년 8월 24일 10시,월요일,광주광역시 남구 봉선동,중상사고,0,2,1,0,차대차 - 추돌,안전운전불이행,건조,맑음,단일로 - 기타,승용,남,77세,상해없음,승용,남,68세,중상
2020082400100199,2020년 8월 24일 10시,월요일,광주광역시 북구 임동,경상사고,0,0,1,0,차대차 - 기타,신호위반,건조,맑음,교차로 - 교차로안,승용,남,63세,상해없음,승용,남,34세,경상
2020082400100258,2020년 8월 24일 12시,월요일,광주광역시 광산구 산월동,중상사고,0,1,0,0,차대차 - 측면충돌,신호위반,건조,맑음,교차로 - 교차로안,승용,여,49세,상해없음,이륜,남,44세,중상
2020082400100286,2020년 8월 24일 13시,월요일,광주광역시 서구 풍암동,경상사고,0,0,1,0,차대차 - 추돌,안전운전불이행,건조,맑음,단일로 - 기타,승용,여,53세,상해없음,승용,여,36세,경상
2020082400100327,2020년 8월 24일 14시,월요일,광주광역시 동구 지산동,경상사고,0,0,4,0,차대차 - 기타,신호위반,건조,맑음,단일로 - 터널,승용,남,60세,경상,승용,남,24세,경상
2020082400100328,2020년 8월 24일 14시,월요일,광주광역시 광산구 우산동,경상사고,0,0,1,0,차대차 - 기타,교차로운행방법위반,건조,맑음,교차로 - 교차로안,기타불명,기타불명,미분류,기타불명,승합,남,60세,상해없음
2020082400100329,2020년 8월 24일 14시,월요일,광주광역시 광산구 월계동,경상사고,0,0,1,0,차대차 - 후진중충돌,안전운전불이행,건조,맑음,교차로 - 교차로안,화물,남,55세,상해없음,승용,남,51세,경상
2020082400100376,2020년 8월 24일 15시,월요일,광주광역시 남구 주월동,경상사고,0,0,2,0,차대차 - 측면충돌,중앙선침범,건조,맑음,교차로 - 교차로부근,이륜,남,51세,경상,승용,여,60세,경상
2020082400100377,2020년 8월 24일 15시,월요일,광주광역시 북구 풍향동,경상사고,0,0,1,0,차대차 - 측면충돌,신호위반,건조,맑음,교차로 - 교차로안,승용,남,59세,상해없음,이륜,남,26세,경상
2020082400100378,2020년 8월 24일 15시,월요일,광주광역시 광산구 장덕동,경상사고,0,0,2,0,차대차 - 측면충돌,안전운전불이행,건조,맑음,교차로 - 교차로안,승용,남,66세,상해없음,승용,남,40세,경상
2020082400100464,2020년 8월 24일 17시,월요일,광주광역시 서구 쌍촌동,경상사고,0,0,1,0,차대차 - 기타,안전거리미확보,건조,맑음,단일로 - 기타,승용,남,50세,상해없음,이륜,남,36세,경상
2020082400100465,2020년 8월 24일 17시,월요일,광주광역시 광산구 수완동,경상사고,0,0,1,0,차대차 - 기타,안전거리미확보,건조,맑음,단일로 - 기타,승용,여,34세,상해없음,승용,여,63세,경상
2020082400100513,2020년 8월 24일 18시,월요일,광주광역시 광산구 산정동,경상사고,0,0,3,0,차대차 - 측면충돌,안전운전불이행,건조,맑음,단일로 - 기타,승용,남,38세,상해없음,승용,남,54세,경상
2020082400100562,2020년 8월 24일 19시,월요일,광주광역시 동구 지산동,경상사고,0,0,1,0,차대차 - 측면충돌,안전운전불이행,건조,맑음,교차로 - 교차로안,이륜,남,45세,경상,승용,남,46세,상해없음
2020082400100563,2020년 8월 24일 19시,월요일,광주광역시 북구 동림동,경상사고,0,0,2,0,차대차 - 기타,안전운전불이행,건조,맑음,교차로 - 교차로안,승용,남,24세,상해없음,승용,남,28세,경상
2020082400100564,2020년 8월 24일 19시,월요일,광주광역시 광산구 월곡동,중상사고,0,1,0,0,차대차 - 측면충돌,안전운전불이행,건조,맑음,교차로 - 교차로안,승용,남,38세,상해없음,자전거,남,37세,중상
2020082400100565,2020년 8월 24일 19시,월요일,광주광역시 광산구 우산동,경상사고,0,0,1,0,차대차 - 추돌,안전운전불이행,건조,맑음,교차로 - 교차로부근,승용,남,60세,상해없음,승용,남,37세,경상
2020082400100601,2020년 8월 24일 20시,월요일,광주광역시 광산구 운남동,경상사고,0,0,1,0,차대차 - 기타,안전운전불이행,건조,맑음,기타 - 기타,기타불명,기타불명,미분류,기타불명,자전거,남,11세,경상
2020082400100641,2020년 8월 24일 22시,월요일,광주광역시 북구 신안동,경상사고,0,0,1,2,차대차 - 추돌,안전운전불이행,건조,맑음,교차로 - 교차로부근,화물,남,60세,상해없음,승용,남,48세,경상
2020082500100022,2020년 8월 25일 01시,화요일,광주광역시 서구 풍암동,경상사고,0,0,1,0,차대차 - 추돌,안전운전불이행,건조,맑음,교차로 - 교차로부근,승용,남,46세,상해없음,승용,남,42세,경상
2020082500100034,2020년 8월 25일 03시,화요일,광주광역시 광산구 월계동,경상사고,0,0,3,0,차대차 - 기타,안전운전불이행,건조,맑음,교차로 - 교차로안,승용,남,19세,상해없음,승용,남,23세,경상
2020082500100041,2020년 8월 25일 04시,화요일,광주광역시 북구 중흥동,경상사고,0,0,2,0,차대차 - 측면충돌,신호위반,건조,맑음,교차로 - 교차로안,승용,남,30세,상해없음,화물,여,58세,경상
2020082500100089,2020년 8월 25일 07시,화요일,광주광역시 서구 쌍촌동,경상사고,0,0,1,0,차대사람 - 길가장자리구역통행중,안전운전불이행,건조,맑음,단일로 - 기타,승용,남,50세,상해없음,보행자,여,20세,경상
2020082500100090,2020년 8월 25일 07시,화요일,광주광역시 서구 벽진동,경상사고,0,0,1,0,차대차 - 측면충돌,안전운전불이행,건조,맑음,교차로 - 교차로안,화물,남,41세,상해없음,승용,남,30세,경상
2020082500100124,2020년 8월 25일 08시,화요일,광주광역시 북구 중흥동,경상사고,0,0,2,0,차대차 - 추돌,안전운전불이행,건조,맑음,교차로 - 교차로안,승용,남,63세,상해없음,승용,남,66세,경상
2020082500100125,2020년 8월 25일 08시,화요일,광주광역시 광산구 소촌동,경상사고,0,0,1,0,차대사람 - 횡단중,안전운전불이행,건조,맑음,교차로 - 교차로부근,승용,남,57세,상해없음,보행자,남,26세,경상
2020082500100197,2020년 8월 25일 10시,화요일,광주광역시 서구 내방동,경상사고,0,0,3,0,차대차 - 측면충돌,안전운전불이행,건조,맑음,단일로 - 기타,승용,남,23세,경상,승용,남,33세,경상
2020082500100236,2020년 8월 25일 11시,화요일,광주광역시 광산구 운수동,경상사고,0,0,2,0,차대차 - 측면충돌,신호위반,건조,맑음,교차로 - 교차로안,승용,여,62세,경상,승용,여,30세,경상
2020082500100237,2020년 8월 25일 11시,화요일,광주광역시 광산구 장덕동,중상사고,0,1,0,0,차대사람 - 횡단중,보행자보호의무위반,건조,맑음,단일로 - 기타,승용,여,38세,상해없음,보행자,여,7세,중상
2020082500100274,2020년 8월 25일 12시,화요일,광주광역시 광산구 도천동,경상사고,0,0,2,0,차대차 - 측면충돌,안전운전불이행,건조,맑음,교차로 - 교차로안,승용,남,63세,상해없음,승용,여,63세,경상
2020082500100310,2020년 8월 25일 13시,화요일,광주광역시 광산구 도산동,경상사고,0,0,1,0,차대차 - 측면충돌,교차로운행방법위반,건조,맑음,교차로 - 교차로안,승용,여,64세,상해없음,이륜,남,37세,경상
2020082500100346,2020년 8월 25일 14시,화요일,광주광역시 서구 치평동,경상사고,0,0,1,0,차대차 - 측면충돌,안전운전불이행,건조,맑음,단일로 - 기타,이륜,남,27세,경상,승용,여,27세,상해없음
2020082500100347,2020년 8월 25일 14시,화요일,광주광역시 광산구 운남동,경상사고,0,0,1,0,차대사람 - 횡단중,보행자보호의무위반,건조,맑음,교차로 - 교차로부근,기타불명,기타불명,미분류,기타불명,보행자,남,11세,경상
2020082500100382,2020년 8월 25일 15시,화요일,광주광역시 남구 봉선동,중상사고,0,1,4,0,차대차 - 기타,안전운전불이행,건조,맑음,교차로 - 교차로부근,승용,남,49세,상해없음,승용,여,39세,경상
2020082500100421,2020년 8월 25일 16시,화요일,광주광역시 광산구 우산동,경상사고,0,0,1,0,차대사람 - 기타,안전운전불이행,건조,맑음,교차로 - 교차로안,승용,여,69세,상해없음,보행자,여,49세,경상
2020082500100422,2020년 8월 25일 16시,화요일,광주광역시 광산구 흑석동,경상사고,0,0,2,0,차대차 - 추돌,안전운전불이행,건조,맑음,단일로 - 기타,승용,남,41세,상해없음,승용,여,40세,경상
2020082500100512,2020년 8월 25일 18시,화요일,광주광역시 북구 문흥동,경상사고,0,0,2,0,차대차 - 측면충돌,차로위반,건조,맑음,단일로 - 기타,승용,여,58세,상해없음,승용,남,42세,경상
2020082500100550,2020년 8월 25일 19시,화요일,광주광역시 북구 양산동,경상사고,0,0,1,0,차대차 - 기타,안전거리미확보,건조,맑음,단일로 - 기타,승용,남,41세,상해없음,이륜,남,40세,경상
2020082500100583,2020년 8월 25일 20시,화요일,광주광역시 북구 일곡동,경상사고,0,0,2,0,차대차 - 측면충돌,안전운전불이행,건조,맑음,단일로 - 기타,승용,여,45세,상해없음,승용,여,38세,경상
2020082500100584,2020년 8월 25일 20시,화요일,광주광역시 북구 두암동,경상사고,0,0,2,0,차대차 - 기타,기타,건조,맑음,단일로 - 기타,화물,남,46세,상해없음,승용,남,35세,경상
2020082500100615,2020년 8월 25일 21시,화요일,광주광역시 서구 광천동,경상사고,0,0,3,0,차대차 - 기타,신호위반,건조,맑음,교차로 - 교차로안,승용,남,51세,상해없음,승용,남,51세,경상
2020082500100647,2020년 8월 25일 22시,화요일,광주광역시 광산구 선암동,경상사고,0,0,2,0,차대차 - 추돌,안전운전불이행,건조,맑음,단일로 - 기타,승용,남,47세,기타불명,승용,여,32세,경상
2020082600100039,2020년 8월 26일 05시,수요일,광주광역시 광산구 신가동,경상사고,0,0,4,0,차대차 - 추돌,안전운전불이행,건조,맑음,교차로 - 교차로안,승용,남,37세,상해없음,승용,남,46세,경상
2020082600100079,2020년 8월 26일 07시,수요일,광주광역시 광산구 송촌동,경상사고,0,0,1,1,차대차 - 측면충돌,안전운전불이행,건조,맑음,단일로 - 기타,승용,남,51세,부상신고,화물,남,50세,경상
2020082600100109,2020년 8월 26일 08시,수요일,광주광역시 서구 벽진동,경상사고,0,0,3,0,차대차 - 측면충돌,안전거리미확보,건조,맑음,단일로 - 기타,승용,남,62세,경상,승용,남,38세,경상
2020082600100188,2020년 8월 26일 11시,수요일,광주광역시 북구 동림동,사망사고,1,0,0,0,차대차 - 기타,안전운전불이행,젖음/습기,비,단일로 - 기타,승용,여,49세,상해없음,이륜,남,46세,사망
2020082600100189,2020년 8월 26일 11시,수요일,광주광역시 광산구 명화동,경상사고,0,0,3,0,차대차 - 기타,안전운전불이행,건조,맑음,단일로 - 기타,승용,여,61세,경상,화물,남,63세,경상
2020082600100221,2020년 8월 26일 12시,수요일,광주광역시 서구 화정동,경상사고,0,0,3,0,차대차 - 추돌,안전운전불이행,건조,맑음,교차로 - 교차로부근,승용,남,24세,상해없음,승용,여,35세,경상
2020082600100222,2020년 8월 26일 12시,수요일,광주광역시 남구 백운동,경상사고,0,0,1,0,차대차 - 기타,안전운전불이행,건조,맑음,단일로 - 기타,승용,여,64세,상해없음,승용,남,37세,경상
2020082600100223,2020년 8월 26일 12시,수요일,광주광역시 북구 연제동,경상사고,0,0,1,0,차대차 - 추돌,안전운전불이행,젖음/습기,비,교차로 - 교차로부근,승용,남,43세,상해없음,승용,남,35세,경상
2020082600100259,2020년 8월 26일 13시,수요일,광주광역시 광산구 신창동,경상사고,0,0,1,0,차대차 - 측면충돌,안전운전불이행,건조,맑음,교차로 - 교차로안,승용,남,66세,상해없음,승용,여,49세,경상
2020082600100286,2020년 8월 26일 14시,수요일,광주광역시 남구 백운동,경상사고,0,0,2,0,차대차 - 추돌,안전운전불이행,건조,맑음,단일로 - 기타,화물,남,56세,상해없음,승용,남,72세,경상
2020082600100317,2020년 8월 26일 15시,수요일,광주광역시 서구 쌍촌동,경상사고,0,0,1,0,차대차 - 측면충돌,신호위반,젖음/습기,흐림,단일로 - 기타,승용,여,22세,상해없음,승용,여,65세,경상
2020082600100318,2020년 8월 26일 15시,수요일,광주광역시 남구 백운동,경상사고,0,0,1,0,차대차 - 측면충돌,신호위반,젖음/습기,비,교차로 - 교차로안,승용,남,61세,상해없음,승용,남,40세,경상
2020082600100345,2020년 8월 26일 16시,수요일,광주광역시 북구 우산동,경상사고,0,0,1,0,차대차 - 측면충돌,안전운전불이행,젖음/습기,비,단일로 - 기타,승용,여,46세,상해없음,이륜,남,19세,경상
2020082600100346,2020년 8월 26일 16시,수요일,광주광역시 북구 중흥동,경상사고,0,0,1,0,차대차 - 기타,안전운전불이행,젖음/습기,비,단일로 - 기타,승용,여,49세,상해없음,승용,여,54세,상해없음
2020082600100390,2020년 8월 26일 17시,수요일,광주광역시 서구 금호동,경상사고,0,0,1,0,차대사람 - 횡단중,신호위반,젖음/습기,흐림,단일로 - 기타,승용,남,63세,상해없음,보행자,남,8세,경상
2020082600100391,2020년 8월 26일 17시,수요일,광주광역시 남구 임암동,경상사고,0,0,1,0,차대차 - 측면충돌,안전운전불이행,젖음/습기,비,교차로 - 교차로안,승용,여,37세,경상,특수,남,49세,상해없음
2020082600100392,2020년 8월 26일 17시,수요일,광주광역시 광산구 운남동,경상사고,0,0,3,0,차대차 - 추돌,신호위반,젖음/습기,비,교차로 - 교차로안,승용,남,20세,상해없음,화물,남,43세,경상
2020082600100454,2020년 8월 26일 19시,수요일,광주광역시 서구 내방동,경상사고,0,0,1,0,차대사람 - 횡단중,보행자보호의무위반,젖음/습기,비,교차로 - 교차로부근,승용,여,43세,상해없음,보행자,남,42세,경상
2020082600100531,2020년 8월 26일 22시,수요일,광주광역시 서구 쌍촌동,경상사고,0,0,1,0,차대차 - 추돌,안전운전불이행,건조,맑음,교차로 - 교차로부근,승용,남,51세,상해없음,승용,남,55세,경상