사고번호,사고일시,요일,시군구,사고내용,사망자수,중상자수,경상자수,부상신고자수,사고유형,법규위반,노면상태,기상상태,도로형태,가해운전자 차종,가해운전자 성별,가해운전자 연령,가해운전자 상해정도,피해운전자 차종,피해운전자 성별,피해운전자 연령,피해운전자 상해정도
2020090100100493,2020년 9월 1일 20시,화요일,광주광역시 북구 문흥동,중상사고,0,1,0,0,차대사람 - 횡단중,안전운전불이행,건조,맑음,단일로 - 기타,승용,남,64세,상해없음,보행자,여,77세,중상
2020090100100494,2020년 9월 1일 20시,화요일,광주광역시 광산구 신가동,중상사고,0,1,0,0,차대차 - 기타,안전운전불이행,건조,맑음,교차로 - 교차로안,이륜,남,43세,상해없음,이륜,남,19세,중상
2020090100100495,2020년 9월 1일 20시,화요일,광주광역시 광산구 소촌동,부상신고사고,0,0,0,1,차대차 - 기타,안전운전불이행,건조,맑음,단일로 - 기타,원동기,남,18세,부상신고,승합,남,33세,상해없음
2020090100100521,2020년 9월 1일 21시,화요일,광주광역시 서구 풍암동,경상사고,0,0,1,0,차대차 - 측면충돌,안전운전불이행,건조,흐림,교차로 - 교차로안,승용,남,49세,기타불명,이륜,남,43세,경상
2020090100100522,2020년 9월 1일 21시,화요일,광주광역시 서구 농성동,부상신고사고,0,0,0,1,차대사람 - 차도통행중,안전운전불이행,건조,맑음,단일로 - 기타,승합,남,58세,상해없음,보행자,여,64세,부상신고
2020090100100540,2020년 9월 1일 22시,화요일,광주광역시 서구 유촌동,경상사고,0,0,1,0,차대차 - 측면충돌,안전운전불이행,건조,흐림,단일로 - 기타,승용,남,46세,상해없음,승용,남,31세,기타불명
2020090200100006,2020년 9월 2일 00시,수요일,광주광역시 동구 소태동,경상사고,0,0,2,0,차대차 - 기타,안전거리미확보,건조,맑음,기타 - 기타,화물,남,51세,상해없음,승용,여,71세,경상
2020090200100016,2020년 9월 2일 01시,수요일,광주광역시 서구 쌍촌동,경상사고,0,0,1,0,차대차 - 측면충돌,신호위반,건조,맑음,교차로 - 교차로안,승용,남,26세,상해없음,승용,남,37세,경상
2020090200100017,2020년 9월 2일 01시,수요일,광주광역시 서구 쌍촌동,경상사고,0,0,1,0,차대차 - 측면충돌,안전운전불이행,건조,맑음,교차로 - 교차로안,승용,남,47세,상해없음,승용,남,36세,경상
2020090200100035,2020년 9월 2일 05시,수요일,광주광역시 광산구 수완동,중상사고,0,1,1,0,차대사람 - 보도통행중,신호위반,젖음/습기,비,단일로 - 기타,이륜,남,18세,경상,보행자,남,49세,중상
2020090200100047,2020년 9월 2일 06시,수요일,광주광역시 광산구 우산동,경상사고,0,0,1,0,차대차 - 측면충돌,안전거리미확보,건조,맑음,단일로 - 기타,승용,남,59세,상해없음,승합,남,71세,경상
2020090200100104,2020년 9월 2일 08시,수요일,광주광역시 남구 양림동,경상사고,0,0,1,0,차대차 - 측면충돌,안전운전불이행,건조,맑음,교차로 - 교차로안,승용,남,65세,상해없음,승용,남,71세,경상
2020090200100235,2020년 9월 2일 14시,수요일,광주광역시 서구 쌍촌동,경상사고,0,0,1,0,차대차 - 측면충돌,교차로운행방법위반,건조,맑음,교차로 - 교차로안,승용,남,22세,상해없음,승용,여,51세,경상
2020090200100264,2020년 9월 2일 15시,수요일,광주광역시 북구 운암동,경상사고,0,0,2,0,차대차 - 측면충돌,차로위반,건조,맑음,단일로 - 기타,승용,여,37세,경상,승용,남,24세,경상
2020090200100287,2020년 9월 2일 16시,수요일,광주광역시 동구 대인동,경상사고,0,0,2,0,차대차 - 기타,안전거리미확보,젖음/습기,비,단일로 - 기타,승용,남,51세,상해없음,승용,남,36세,경상
2020090200100288,2020년 9월 2일 16시,수요일,광주광역시 서구 유촌동,경상사고,0,0,1,0,차대차 - 추돌,안전운전불이행,젖음/습기,비,단일로 - 기타,화물,남,60세,상해없음,승용,여,47세,경상
2020090200100289,2020년 9월 2일 16시,수요일,광주광역시 북구 용봉동,경상사고,0,0,1,0,차대차 - 측면충돌,안전운전불이행,젖음/습기,비,교차로 - 교차로안,승용,여,58세,상해없음,승용,남,66세,경상
2020090200100290,2020년 9월 2일 16시,수요일,광주광역시 북구 북동,경상사고,0,0,1,0,차대차 - 측면충돌,안전운전불이행,젖음/습기,비,교차로 - 교차로부근,개인형이동수단(PM),남,38세,경상,승용,남,27세,상해없음
2020090200100291,2020년 9월 2일 16시,수요일,광주광역시 광산구 쌍암동,경상사고,0,0,1,0,차대차 - 후진중충돌,불법유턴,건조,맑음,주차장 - 주차장,화물,남,58세,상해없음,승용,남,21세,경상
2020090200100292,2020년 9월 2일 16시,수요일,광주광역시 광산구 도천동,경상사고,0,0,1,0,차대차 - 추돌,안전운전불이행,건조,맑음,교차로 - 교차로부근,승용,남,51세,상해없음,승용,남,34세,경상
2020090200100330,2020년 9월 2일 17시,수요일,광주광역시 북구 대촌동,경상사고,0,0,2,0,차대차 - 추돌,신호위반,젖음/습기,비,교차로 - 교차로안,화물,남,41세,상해없음,승용,여,51세,경상
2020090200100363,2020년 9월 2일 18시,수요일,광주광역시 서구 유촌동,경상사고,0,0,2,0,차대차 - 기타,안전운전불이행,건조,맑음,교차로 - 교차로부근,승용,여,53세,상해없음,승용,여,28세,경상
2020090200100364,2020년 9월 2일 18시,수요일,광주광역시 서구 벽진동,경상사고,0,0,1,0,차대차 - 측면충돌,차로위반,건조,맑음,교차로 - 교차로안,승용,여,48세,상해없음,승용,여,28세,경상
2020090200100365,2020년 9월 2일 18시,수요일,광주광역시 광산구 소촌동,경상사고,0,0,2,0,차대차 - 측면충돌,안전거리미확보,젖음/습기,비,단일로 - 기타,승용,여,57세,경상,승용,남,20세,경상
2020090200100413,2020년 9월 2일 19시,수요일,광주광역시 동구 동명동,경상사고,0,0,2,0,차대차 - 추돌,신호위반,건조,맑음,교차로 - 교차로안,승용,남,27세,상해없음,승용,여,44세,경상
2020090200100414,2020년 9월 2일 19시,수요일,광주광역시 서구 쌍촌동,경상사고,0,0,1,0,차대차 - 기타,안전운전불이행,건조,맑음,단일로 - 기타,화물,남,27세,상해없음,이륜,남,21세,경상
2020090200100415,2020년 9월 2일 19시,수요일,광주광역시 남구 진월동,경상사고,0,0,1,0,차대차 - 측면충돌,안전거리미확보,젖음/습기,비,단일로 - 기타,승용,남,23세,상해없음,승용,남,45세,경상
2020090200100416,2020년 9월 2일 19시,수요일,광주광역시 북구 두암동,경상사고,0,0,1,0,차대차 - 측면충돌,안전운전불이행,젖음/습기,비,교차로 - 교차로안,이륜,남,40세,경상,승용,여,27세,상해없음
2020090200100465,2020년 9월 2일 20시,수요일,광주광역시 광산구 소촌동,경상사고,0,0,1,0,차대사람 - 횡단중,신호위반,젖음/습기,비,교차로 - 교차로횡단보도내,승용,남,48세,상해없음,보행자,남,27세,경상
2020090200100499,2020년 9월 2일 21시,수요일,광주광역시 서구 풍암동,경상사고,0,0,1,0,차대차 - 추돌,안전운전불이행,젖음/습기,비,단일로 - 기타,이륜,남,19세,경상,승용,남,26세,상해없음
2020090200100500,2020년 9월 2일 21시,수요일,광주광역시 북구 양산동,중상사고,0,1,0,0,차대사람 - 기타,보행자보호의무위반,젖음/습기,비,교차로 - 교차로횡단보도내,승용,남,44세,상해없음,보행자,남,56세,중상
2020090200100529,2020년 9월 2일 22시,수요일,광주광역시 서구 유촌동,경상사고,0,0,2,0,차대차 - 정면충돌,중앙선침범,젖음/습기,비,교차로 - 교차로부근,승용,남,68세,상해없음,승용,남,26세,경상
2020090200100530,2020년 9월 2일 22시,수요일,광주광역시 서구 쌍촌동,경상사고,0,0,1,0,차대차 - 기타,신호위반,젖음/습기,비,교차로 - 교차로안,화물,남,48세,상해없음,승용,여,28세,경상
2020090200100531,2020년 9월 2일 22시,수요일,광주광역시 남구 진월동,경상사고,0,0,2,0,차대차 - 측면충돌,안전운전불이행,젖음/습기,비,단일로 - 터널,승용,남,54세,상해없음,승용,남,58세,상해없음
2020090200100532,2020년 9월 2일 22시,수요일,광주광역시 북구 두암동,경상사고,0,0,2,0,차대차 - 측면충돌,교차로운행방법위반,건조,맑음,교차로 - 교차로안,승용,남,59세,상해없음,승용,남,51세,상해없음
2020090200100533,2020년 9월 2일 22시,수요일,광주광역시 광산구 월계동,중상사고,0,1,0,0,차대사람 - 횡단중,안전운전불이행,젖음/습기,비,단일로 - 기타,이륜,남,17세,상해없음,보행자,여,60세,중상
2020090300100008,2020년 9월 3일 00시,목요일,광주광역시 동구 소태동,경상사고,0,0,1,0,차량단독 - 공작물충돌,안전운전불이행,건조,맑음,단일로 - 고가도로위,승용,여,27세,상해없음,,,,
2020090300100023,2020년 9월 3일 01시,목요일,광주광역시 서구 치평동,경상사고,0,0,1,0,차대차 - 추돌,안전운전불이행,젖음/습기,비,단일로 - 기타,승용,남,53세,상해없음,승용,남,46세,경상
2020090300100031,2020년 9월 3일 02시,목요일,광주광역시 남구 백운동,경상사고,0,0,1,0,차대차 - 정면충돌,중앙선침범,젖음/습기,비,단일로 - 기타,승용,남,29세,상해없음,승용,남,31세,경상
2020090300100056,2020년 9월 3일 05시,목요일,광주광역시 남구 송하동,중상사고,0,1,0,0,차대차 - 측면충돌,신호위반,건조,맑음,교차로 - 교차로안,화물,남,45세,상해없음,승합,남,55세,중상
2020090300100106,2020년 9월 3일 08시,목요일,광주광역시 서구 풍암동,경상사고,0,0,1,0,차대차 - 기타,안전운전불이행,건조,맑음,교차로 - 교차로안,승용,여,43세,상해없음,승용,여,23세,경상
2020090300100139,2020년 9월 3일 09시,목요일,광주광역시 북구 두암동,경상사고,0,0,1,0,차대사람 - 기타,안전운전불이행,건조,맑음,단일로 - 기타,화물,남,60세,상해없음,보행자,남,43세,경상
2020090300100265,2020년 9월 3일 14시,목요일,광주광역시 광산구 신촌동,경상사고,0,0,1,0,차대차 - 측면충돌,신호위반,건조,맑음,교차로 - 교차로안,승용,여,68세,기타불명,승용,여,28세,경상
2020090300100323,2020년 9월 3일 16시,목요일,광주광역시 서구 풍암동,경상사고,0,0,1,0,차대차 - 측면충돌,안전거리미확보,건조,맑음,단일로 - 기타,승용,여,39세,상해없음,승용,여,48세,경상
2020090300100324,2020년 9월 3일 16시,목요일,광주광역시 광산구 장덕동,경상사고,0,0,1,0,차대차 - 측면충돌,안전운전불이행,건조,맑음,교차로 - 교차로안,화물,남,39세,상해없음,화물,남,57세,상해없음
2020090300100360,2020년 9월 3일 17시,목요일,광주광역시 광산구 우산동,경상사고,0,0,2,0,차대차 - 기타,안전운전불이행,건조,맑음,단일로 - 기타,승용,남,48세,상해없음,승용,남,25세,경상
2020090300100392,2020년 9월 3일 18시,목요일,광주광역시 서구 내방동,경상사고,0,0,1,0,차대차 - 추돌,안전운전불이행,건조,맑음,교차로 - 교차로부근,승용,여,52세,상해없음,승용,여,47세,경상
2020090300100393,2020년 9월 3일 18시,목요일,광주광역시 서구 농성동,경상사고,0,0,1,0,차대차 - 측면충돌,기타,건조,맑음,단일로 - 기타,승용,여,30세,기타불명,승용,여,41세,경상
2020090300100394,2020년 9월 3일 18시,목요일,광주광역시 서구 쌍촌동,경상사고,0,0,2,0,차대차 - 후진중충돌,안전운전불이행,건조,맑음,단일로 - 기타,승용,여,44세,상해없음,승용,남,30세,경상
2020090300100395,2020년 9월 3일 18시,목요일,광주광역시 광산구 선암동,중상사고,0,1,0,0,차대사람 - 횡단중,안전운전불이행,건조,맑음,단일로 - 기타,승용,남,57세,상해없음,보행자,여,65세,중상
2020090300100462,2020년 9월 3일 20시,목요일,광주광역시 동구 지산동,경상사고,0,0,1,0,차대차 - 기타,안전운전불이행,건조,맑음,단일로 - 기타,화물,남,66세,상해없음,승용,남,23세,경상
2020090300100463,2020년 9월 3일 20시,목요일,광주광역시 서구 화정동,경상사고,0,0,2,0,차대차 - 측면충돌,안전거리미확보,건조,맑음,단일로 - 기타,이륜,남,46세,경상,승용,남,64세,경상
2020090300100464,2020년 9월 3일 20시,목요일,광주광역시 북구 용두동,경상사고,0,0,1,0,차대차 - 기타,안전거리미확보,건조,맑음,단일로 - 기타,이륜,남,19세,경상,승용,남,67세,상해없음
2020090300100502,2020년 9월 3일 21시,목요일,광주광역시 동구 대인동,경상사고,0,0,2,0,차대차 - 측면충돌,중앙선침범,건조,맑음,교차로 - 교차로부근,승용,남,35세,경상,승용,남,51세,경상
2020090300100503,2020년 9월 3일 21시,목요일,광주광역시 광산구 신창동,경상사고,0,0,3,0,차대차 - 기타,안전거리미확보,건조,맑음,단일로 - 기타,승용,남,56세,경상,승용,남,35세,경상
2020090400100047,2020년 9월 4일 06시,금요일,광주광역시 광산구 하산동,경상사고,0,0,2,0,차대차 - 추돌,중앙선침범,건조,맑음,단일로 - 기타,승용,남,28세,경상,승용,남,55세,경상
2020090400100105,2020년 9월 4일 08시,금요일,광주광역시 서구 치평동,경상사고,0,0,2,0,차대차 - 측면충돌,안전운전불이행,건조,맑음,단일로 - 기타,승용,여,25세,상해없음,승용,남,48세,경상
2020090400100106,2020년 9월 4일 08시,금요일,광주광역시 북구 일곡동,중상사고,0,1,0,0,차대사람 - 횡단중,보행자보호의무위반,건조,맑음,교차로 - 교차로횡단보도내,승용,여,47세,상해없음,보행자,여,66세,중상
2020090400100137,2020년 9월 4일 09시,금요일,광주광역시 광산구 우산동,부상신고사고,0,0,0,1,차대차 - 기타,중앙선침범,건조,맑음,교차로 - 교차로안,자전거,남,10세,부상신고,승용,여,53세,상해없음
2020090400100138,2020년 9월 4일 09시,금요일,광주광역시 광산구 운수동,경상사고,0,0,4,0,차대차 - 추돌,안전운전불이행,건조,맑음,단일로 - 터널,화물,남,59세,경상,화물,남,55세,경상
2020090400100170,2020년 9월 4일 10시,금요일,광주광역시 서구 매월동,경상사고,0,0,3,0,차대차 - 측면충돌,기타,건조,맑음,교차로 - 교차로안,승용,남,60세,경상,승용,남,41세,경상
2020090400100171,2020년 9월 4일 10시,금요일,광주광역시 서구 유촌동,중상사고,0,1,2,0,차대차 - 측면충돌,신호위반,건조,맑음,교차로 - 교차로안,승용,남,63세,상해없음,승합,남,47세,상해없음
2020090400100172,2020년 9월 4일 10시,금요일,광주광역시 서구 쌍촌동,경상사고,0,0,2,0,차대차 - 측면충돌,교차로운행방법위반,건조,맑음,교차로 - 교차로안,이륜,남,21세,경상,승용,남,66세,경상
2020090400100212,2020년 9월 4일 11시,금요일,광주광역시 북구 신안동,경상사고,0,0,4,0,차대차 - 기타,교차로운행방법위반,건조,맑음,교차로 - 교차로안,승용,여,49세,상해없음,승용,남,36세,경상
2020090400100242,2020년 9월 4일 12시,금요일,광주광역시 서구 농성동,경상사고,0,0,1,0,차대차 - 측면충돌,안전운전불이행,건조,맑음,단일로 - 기타,승용,남,73세,상해없음,승용,여,42세,경상
2020090400100243,2020년 9월 4일 12시,금요일,광주광역시 광산구 월전동,경상사고,0,0,1,1,차대차 - 측면충돌,신호위반,건조,맑음,교차로 - 교차로안,승용,남,39세,부상신고,특수,남,33세,경상
2020090400100265,2020년 9월 4일 13시,금요일,광주광역시 북구 두암동,경상사고,0,0,1,0,차대차 - 후진중충돌,안전운전불이행,건조,맑음,교차로 - 교차로안,승용,남,76세,상해없음,승용,여,57세,경상
2020090400100338,2020년 9월 4일 15시,금요일,광주광역시 서구 양동,중상사고,0,1,0,0,차대사람 - 길가장자리구역통행중,안전운전불이행,건조,맑음,교차로 - 교차로부근,화물,남,68세,상해없음,보행자,여,71세,중상
2020090400100339,2020년 9월 4일 15시,금요일,광주광역시 광산구 소촌동,부상신고사고,0,0,0,1,차대차 - 측면충돌,안전운전불이행,건조,맑음,교차로 - 교차로부근,이륜,남,40세,부상신고,승용,여,46세,상해없음
2020090400100340,2020년 9월 4일 15시,금요일,광주광역시 광산구 선암동,부상신고사고,0,0,0,1,차대차 - 측면충돌,차로위반,건조,맑음,단일로 - 기타,승용,여,58세,부상신고,화물,남,59세,상해없음
2020090400100381,2020년 9월 4일 16시,금요일,광주광역시 광산구 운남동,중상사고,0,1,0,0,차대사람 - 횡단중,보행자보호의무위반,건조,맑음,교차로 - 교차로횡단보도내,승용,여,49세,상해없음,보행자,여,56세,중상
2020090400100382,2020년 9월 4일 16시,금요일,광주광역시 광산구 도산동,경상사고,0,0,2,0,차대차 - 후진중충돌,안전운전불이행,건조,맑음,교차로 - 교차로부근,승용,여,39세,상해없음,화물,남,26세,경상
2020090400100482,2020년 9월 4일 18시,금요일,광주광역시 서구 광천동,중상사고,0,1,6,0,차대차 - 기타,안전운전불이행,건조,맑음,교차로 - 교차로부근,승용,여,60세,상해없음,승합,남,59세,상해없음
2020090400100483,2020년 9월 4일 18시,금요일,광주광역시 서구 치평동,경상사고,0,0,2,0,차대차 - 기타,중앙선침범,건조,맑음,단일로 - 기타,승용,남,56세,상해없음,승용,남,61세,경상
2020090400100521,2020년 9월 4일 19시,금요일,광주광역시 서구 유촌동,경상사고,0,0,3,0,차대차 - 추돌,안전운전불이행,건조,맑음,단일로 - 기타,승용,여,23세,상해없음,승용,남,33세,경상
2020090400100522,2020년 9월 4일 19시,금요일,광주광역시 서구 금호동,경상사고,0,0,2,0,차대차 - 후진중충돌,안전운전불이행,건조,맑음,단일로 - 기타,승용,남,64세,상해없음,승용,남,36세,경상
2020090400100523,2020년 9월 4일 19시,금요일,광주광역시 북구 각화동,경상사고,0,0,1,0,차대차 - 측면충돌,안전운전불이행,건조,맑음,단일로 - 기타,기타불명,기타불명,미분류,기타불명,승용,남,47세,경상
2020090400100550,2020년 9월 4일 20시,금요일,광주광역시 북구 중흥동,경상사고,0,0,1,0,차대사람 - 기타,기타,건조,맑음,기타 - 기타,화물,여,57세,상해없음,보행자,남,27세,경상
2020090400100586,2020년 9월 4일 21시,금요일,광주광역시 광산구 오선동,경상사고,0,0,1,0,차대차 - 측면충돌,안전운전불이행,건조,맑음,단일로 - 기타,승용,남,24세,상해없음,화물,남,47세,상해없음
2020090400100609,2020년 9월 4일 22시,금요일,광주광역시 북구 신안동,부상신고사고,0,0,0,1,차량단독 - 공작물충돌,안전운전불이행,건조,맑음,교차로 - 교차로안,승용,남,33세,부상신고,,,,
2020090500100031,2020년 9월 5일 02시,토요일,광주광역시 동구 학동,경상사고,0,0,2,0,차대차 - 측면충돌,신호위반,건조,맑음,교차로 - 교차로안,승용,남,53세,상해없음,승용,남,42세,상해없음
2020090500100045,2020년 9월 5일 05시,토요일,광주광역시 남구 월산동,경상사고,0,0,3,0,차대차 - 추돌,안전운전불이행,건조,맑음,단일로 - 기타,화물,남,52세,상해없음,승용,남,52세,경상
2020090500100046,2020년 9월 5일 05시,토요일,광주광역시 북구 두암동,경상사고,0,0,2,0,차대차 - 측면충돌,안전운전불이행,건조,맑음,단일로 - 기타,승용,여,62세,상해없음,승용,남,66세,경상
2020090500100068,2020년 9월 5일 07시,토요일,광주광역시 남구 봉선동,중상사고,0,1,0,0,차대차 - 측면충돌,교차로운행방법위반,건조,맑음,교차로 - 교차로안,승용,남,64세,상해없음,이륜,남,70세,중상
2020090500100104,2020년 9월 5일 09시,토요일,광주광역시 서구 양동,경상사고,0,0,1,0,차대사람 - 기타,안전운전불이행,건조,맑음,단일로 - 기타,화물,남,65세,상해없음,보행자,여,62세,경상
2020090500100159,2020년 9월 5일 11시,토요일,광주광역시 서구 광천동,경상사고,0,0,1,0,차대차 - 측면충돌,안전운전불이행,건조,맑음,교차로 - 교차로부근,승용,남,37세,상해없음,승용,남,60세,경상
2020090500100191,2020년 9월 5일 12시,토요일,광주광역시 북구 오치동,경상사고,0,0,1,0,차대차 - 측면충돌,안전운전불이행,건조,맑음,교차로 - 교차로안,자전거,남,18세,경상,승용,남,39세,상해없음
2020090500100239,2020년 9월 5일 13시,토요일,광주광역시 북구 동림동,경상사고,0,0,1,0,차대차 - 기타,교차로운행방법위반,건조,맑음,교차로 - 교차로안,승용,여,25세,기타불명,화물,남,48세,경상
2020090500100276,2020년 9월 5일 14시,토요일,광주광역시 광산구 신창동,경상사고,0,0,2,0,차대차 - 기타,안전거리미확보,건조,맑음,교차로 - 교차로부근,승용,여,72세,경상,승합,남,54세,경상
2020090500100313,2020년 9월 5일 15시,토요일,광주광역시 남구 방림동,부상신고사고,0,0,0,1,차대차 - 측면충돌,교차로운행방법위반,건조,맑음,교차로 - 교차로안,승용,남,62세,상해없음,승용,남,61세,부상신고
2020090500100314,2020년 9월 5일 15시,토요일,광주광역시 북구 운암동,경상사고,0,0,1,0,차대차 - 측면충돌,안전운전불이행,건조,맑음,교차로 - 교차로안,승용,남,65세,상해없음,승용,남,25세,경상
2020090500100315,2020년 9월 5일 15시,토요일,광주광역시 광산구 운남동,경상사고,0,0,3,0,차대차 - 측면충돌,안전운전불이행,건조,맑음,교차로 - 교차로부근,승용,남,30세,경상,승용,남,41세,기타불명
2020090500100347,2020년 9월 5일 16시,토요일,광주광역시 서구 매월동,경상사고,0,0,1,0,차대사람 - 기타,안전운전불이행,건조,맑음,단일로 - 기타,화물,남,47세,상해없음,보행자,여,40세,경상
2020090500100388,2020년 9월 5일 17시,토요일,광주광역시 남구 방림동,경상사고,0,0,1,0,차대사람 - 기타,안전운전불이행,건조,맑음,단일로 - 기타,승용,남,51세,상해없음,보행자,남,56세,경상
2020090500100456,2020년 9월 5일 19시,토요일,광주광역시 북구 두암동,중상사고,0,1,0,0,차대차 - 기타,안전운전불이행,건조,맑음,단일로 - 기타,승용,남,53세,상해없음,이륜,남,25세,중상
2020090500100493,2020년 9월 5일 20시,토요일,광주광역시 남구 봉선동,경상사고,0,0,1,0,차대차 - 기타,안전거리미확보,건조,맑음,단일로 - 기타,이륜,남,40세,경상,승용,남,54세,상해없음
2020090500100494,2020년 9월 5일 20시,토요일,광주광역시 남구 임암동,경상사고,0,0,1,0,차대차 - 측면충돌,신호위반,건조,맑음,교차로 - 교차로안,화물,남,39세,상해없음,승용,남,36세,경상
2020090500100495,2020년 9월 5일 20시,토요일,광주광역시 북구 일곡동,경상사고,0,0,1,0,차대차 - 측면충돌,중앙선침범,건조,맑음,단일로 - 기타,승용,남,71세,상해없음,화물,남,46세,기타불명
2020090500100528,2020년 9월 5일 21시,토요일,광주광역시 서구 동천동,경상사고,0,0,1,0,차대차 - 측면충돌,안전운전불이행,건조,맑음,교차로 - 교차로안,승용,남,37세,상해없음,이륜,남,34세,경상
2020090500100548,2020년 9월 5일 22시,토요일,광주광역시 북구 운암동,경상사고,0,0,4,0,차대차 - 측면충돌,안전거리미확보,건조,맑음,단일로 - 기타,승용,남,28세,상해없음,승용,남,26세,경상
2020090600100038,2020년 9월 6일 02시,일요일,광주광역시 서구 쌍촌동,부상신고사고,0,0,0,1,차대차 - 측면충돌,안전운전불이행,건조,맑음,교차로 - 교차로안,이륜,남,30세,부상신고,승용,남,27세,상해없음
2020090600100082,2020년 9월 6일 09시,일요일,광주광역시 동구 산수동,중상사고,0,1,0,0,차대사람 - 기타,안전운전불이행,건조,맑음,단일로 - 기타,승용,남,67세,상해없음,보행자,여,79세,중상
2020090600100133,2020년 9월 6일 12시,일요일,광주광역시 남구 양림동,중상사고,0,1,0,0,차대차 - 측면충돌,신호위반,건조,맑음,교차로 - 교차로안,원동기,남,60세,상해없음,승용,남,50세,중상
2020090600100157,2020년 9월 6일 13시,일요일,광주광역시 광산구 운남동,경상사고,0,0,1,0,차대차 - 기타,교차로운행방법위반,젖음/습기,비,교차로 - 교차로안,이륜,남,30세,경상,승용,남,56세,상해없음
2020090600100182,2020년 9월 6일 14시,일요일,광주광역시 북구 용봉동,경상사고,0,0,1,0,차대차 - 후진중충돌,안전운전불이행,젖음/습기,비,단일로 - 기타,승용,남,18세,상해없음,승용,여,51세,경상
2020090600100257,2020년 9월 6일 17시,일요일,광주광역시 남구 송하동,경상사고,0,0,4,0,차대차 - 추돌,안전운전불이행,건조,맑음,교차로 - 교차로부근,특수,남,60세,상해없음,승용,남,39세,경상
2020090600100278,2020년 9월 6일 18시,일요일,광주광역시 서구 쌍촌동,중상사고,0,1,0,0,차대차 - 기타,직진우회전진행방해,젖음/습기,비,교차로 - 교차로안,승용,여,60세,상해없음,이륜,남,34세,중상
2020090600100279,2020년 9월 6일 18시,일요일,광주광역시 광산구 월계동,경상사고,0,0,1,0,차대차 - 측면충돌,교차로운행방법위반,건조,맑음,교차로 - 교차로안,승용,남,50세,상해없음,승용,여,61세,경상
2020090600100315,2020년 9월 6일 19시,일요일,광주광역시 북구 문흥동,경상사고,0,0,1,0,차대차 - 측면충돌,안전운전불이행,젖음/습기,비,교차로 - 교차로부근,승용,남,36세,상해없음,원동기,남,22세,경상
2020090600100316,2020년 9월 6일 19시,일요일,광주광역시 광산구 하남동,경상사고,0,0,2,0,차대차 - 기타,안전운전불이행,젖음/습기,비,교차로 - 교차로안,승용,남,60세,상해없음,승용,남,69세,경상
2020090600100317,2020년 9월 6일 19시,일요일,광주광역시 광산구 장덕동,경상사고,0,0,4,0,차대차 - 추돌,안전운전불이행,젖음/습기,비,단일로 - 기타,승용,남,47세,상해없음,승용,여,40세,경상
2020090600100354,2020년 9월 6일 20시,일요일,광주광역시 광산구 운남동,경상사고,0,0,1,0,차대차 - 추돌,안전운전불이행,젖음/습기,비,교차로 - 교차로부근,승용,남,40세,상해없음,승용,남,34세,경상
2020090600100381,2020년 9월 6일 21시,일요일,광주광역시 북구 용봉동,부상신고사고,0,0,0,1,차대차 - 측면충돌,안전운전불이행,젖음/습기,비,교차로 - 교차로안,승용,남,27세,상해없음,승용,남,67세,부상신고
2020090600100401,2020년 9월 6일 22시,일요일,광주광역시 북구 양산동,중상사고,0,1,1,0,차대사람 - 횡단중,보행자보호의무위반,젖음/습기,비,교차로 - 교차로횡단보도내,승용,남,46세,경상,보행자,여,19세,중상
2020090700100034,2020년 9월 7일 04시,월요일,광주광역시 동구 광산동,경상사고,0,0,1,0,차대차 - 기타,안전운전불이행,젖음/습기,비,교차로 - 교차로안,승용,남,21세,기타불명,승용,남,24세,경상
2020090700100044,2020년 9월 7일 05시,월요일,광주광역시 동구 지산동,부상신고사고,0,0,0,1,차대차 - 기타,안전운전불이행,젖음/습기,비,단일로 - 기타,이륜,남,61세,부상신고,이륜,남,28세,기타불명
2020090700100055,2020년 9월 7일 06시,월요일,광주광역시 서구 매월동,경상사고,0,0,4,0,차대차 - 추돌,중앙선침범,젖음/습기,비,교차로 - 교차로안,승용,남,27세,경상,화물,여,49세,경상
2020090700100135,2020년 9월 7일 09시,월요일,광주광역시 광산구 도천동,중상사고,0,1,1,0,차대차 - 측면충돌,신호위반,젖음/습기,비,교차로 - 교차로안,화물,남,56세,경상,화물,남,63세,중상
2020090700100160,2020년 9월 7일 10시,월요일,광주광역시 광산구 신촌동,경상사고,0,0,1,0,차대차 - 추돌,안전운전불이행,젖음/습기,비,교차로 - 교차로부근,승용,남,38세,상해없음,승용,여,38세,경상
2020090700100161,2020년 9월 7일 10시,월요일,광주광역시 광산구 산월동,경상사고,0,0,1,1,차대차 - 측면충돌,차로위반,건조,맑음,교차로 - 교차로부근,승용,남,66세,부상신고,화물,남,32세,경상
2020090700100186,2020년 9월 7일 11시,월요일,광주광역시 동구 소태동,중상사고,0,2,0,0,차량단독 - 기타,안전운전불이행,젖음/습기,비,단일로 - 기타,화물,남,56세,중상,,,,
2020090700100187,2020년 9월 7일 11시,월요일,광주광역시 북구 용전동,경상사고,0,0,1,0,차대차 - 추돌,안전운전불이행,젖음/습기,비,단일로 - 기타,승용,남,34세,상해없음,승용,여,68세,경상
2020090700100188,2020년 9월 7일 11시,월요일,광주광역시 북구 일곡동,경상사고,0,0,1,0,차대차 - 추돌,안전거리미확보,젖음/습기,비,교차로 - 교차로부근,이륜,남,29세,상해없음,승용,여,49세,경상
2020090700100216,2020년 9월 7일 12시,월요일,광주광역시 광산구 하남동,경상사고,0,0,2,0,차대차 - 측면충돌,신호위반,젖음/습기,비,교차로 - 교차로안,승용,남,28세,경상,화물,남,48세,경상
2020090700100252,2020년 9월 7일 13시,월요일,광주광역시 북구 임동,중상사고,0,1,0,0,차대차 - 기타,안전운전불이행,건조,맑음,교차로 - 교차로안,승용,남,76세,상해없음,이륜,남,47세,중상