사고번호,사고일시,요일,시군구,사고내용,사망자수,중상자수,경상자수,부상신고자수,사고유형,법규위반,노면상태,기상상태,도로형태,가해운전자 차종,가해운전자 성별,가해운전자 연령,가해운전자 상해정도,피해운전자 차종,피해운전자 성별,피해운전자 연령,피해운전자 상해정도
2020090700100253,2020년 9월 7일 13시,월요일,광주광역시 북구 운암동,경상사고,0,0,3,0,차대차 - 추돌,안전운전불이행,젖음/습기,비,단일로 - 기타,승용,남,49세,기타불명,승용,남,62세,경상
2020090700100280,2020년 9월 7일 14시,월요일,광주광역시 북구 매곡동,경상사고,0,0,5,0,차대차 - 기타,안전거리미확보,건조,맑음,기타 - 기타,승용,남,55세,상해없음,승용,남,41세,경상
2020090700100322,2020년 9월 7일 15시,월요일,광주광역시 서구 쌍촌동,중상사고,0,1,0,0,차대차 - 측면충돌,교차로운행방법위반,젖음/습기,비,교차로 - 교차로부근,승합,남,60세,상해없음,이륜,여,58세,중상
2020090700100356,2020년 9월 7일 16시,월요일,광주광역시 북구 누문동,경상사고,0,0,1,0,차대차 - 기타,안전운전불이행,건조,맑음,단일로 - 기타,화물,남,42세,상해없음,화물,남,46세,경상
2020090700100357,2020년 9월 7일 16시,월요일,광주광역시 광산구 선암동,경상사고,0,0,3,0,차대차 - 측면충돌,안전거리미확보,건조,맑음,단일로 - 기타,승용,여,54세,경상,화물,남,52세,경상
2020090700100389,2020년 9월 7일 17시,월요일,광주광역시 동구 금남로2가,경상사고,0,0,1,0,차대차 - 기타,안전운전불이행,건조,맑음,기타 - 기타,승합,남,54세,상해없음,승용,남,25세,경상
2020090700100390,2020년 9월 7일 17시,월요일,광주광역시 서구 금호동,경상사고,0,0,1,0,차대차 - 추돌,안전운전불이행,건조,맑음,단일로 - 기타,승용,남,63세,상해없음,승용,남,27세,경상
2020090700100391,2020년 9월 7일 17시,월요일,광주광역시 광산구 장덕동,경상사고,0,0,1,0,차대차 - 측면충돌,안전운전불이행,건조,맑음,교차로 - 교차로부근,승용,여,54세,경상,승용,여,42세,상해없음
2020090700100429,2020년 9월 7일 18시,월요일,광주광역시 광산구 비아동,경상사고,0,0,2,0,차대차 - 추돌,안전운전불이행,젖음/습기,흐림,단일로 - 기타,승용,남,22세,경상,승용,여,38세,경상
2020090700100475,2020년 9월 7일 19시,월요일,광주광역시 서구 농성동,중상사고,0,1,0,0,차대차 - 기타,안전운전불이행,건조,맑음,단일로 - 기타,승용,남,44세,상해없음,승합,여,61세,상해없음
2020090700100476,2020년 9월 7일 19시,월요일,광주광역시 광산구 오선동,중상사고,0,1,3,0,차대차 - 추돌,안전운전불이행,건조,맑음,교차로 - 교차로안,승합,여,44세,상해없음,승용,여,38세,경상
2020090700100551,2020년 9월 7일 21시,월요일,광주광역시 광산구 도천동,경상사고,0,0,1,0,차대차 - 측면충돌,교차로운행방법위반,건조,맑음,교차로 - 교차로부근,화물,남,49세,상해없음,승용,남,34세,경상
2020090700100569,2020년 9월 7일 22시,월요일,광주광역시 북구 임동,중상사고,0,1,1,0,차대사람 - 차도통행중,안전운전불이행,건조,맑음,교차로 - 교차로안,화물,남,51세,상해없음,보행자,여,63세,중상
2020090700100582,2020년 9월 7일 23시,월요일,광주광역시 서구 쌍촌동,사망사고,1,0,0,0,차대사람 - 횡단중,과속,건조,맑음,단일로 - 기타,승용,남,30세,상해없음,보행자,남,48세,사망
2020090800100011,2020년 9월 8일 00시,화요일,광주광역시 서구 화정동,경상사고,0,0,1,0,차대차 - 추돌,안전운전불이행,건조,맑음,교차로 - 교차로부근,승용,여,31세,상해없음,승용,남,42세,경상
2020090800100012,2020년 9월 8일 00시,화요일,광주광역시 광산구 쌍암동,경상사고,0,0,1,0,차대차 - 측면충돌,신호위반,건조,흐림,교차로 - 교차로안,승용,남,38세,상해없음,승용,남,47세,경상
2020090800100082,2020년 9월 8일 07시,화요일,광주광역시 남구 주월동,중상사고,0,1,0,0,차대사람 - 횡단중,신호위반,건조,맑음,단일로 - 기타,승용,여,29세,상해없음,보행자,여,38세,중상
2020090800100121,2020년 9월 8일 08시,화요일,광주광역시 서구 덕흥동,경상사고,0,0,1,0,차대차 - 추돌,안전운전불이행,건조,맑음,단일로 - 기타,승용,남,27세,상해없음,승용,여,33세,경상
2020090800100122,2020년 9월 8일 08시,화요일,광주광역시 북구 신안동,경상사고,0,0,2,0,차대차 - 측면충돌,안전거리미확보,건조,맑음,단일로 - 기타,승용,남,60세,경상,승용,남,43세,경상
2020090800100123,2020년 9월 8일 08시,화요일,광주광역시 광산구 월곡동,경상사고,0,0,1,0,차대차 - 기타,안전운전불이행,건조,맑음,단일로 - 기타,승용,남,24세,상해없음,승용,남,62세,경상
2020090800100282,2020년 9월 8일 13시,화요일,광주광역시 광산구 장덕동,경상사고,0,0,2,1,차대차 - 정면충돌,중앙선침범,건조,맑음,교차로 - 교차로부근,승용,여,51세,부상신고,화물,남,44세,경상
2020090800100450,2020년 9월 8일 17시,화요일,광주광역시 서구 쌍촌동,경상사고,0,0,1,0,차대차 - 측면충돌,안전운전불이행,건조,맑음,단일로 - 기타,승합,남,50세,상해없음,승용,남,64세,상해없음
2020090800100451,2020년 9월 8일 17시,화요일,광주광역시 서구 매월동,경상사고,0,0,1,0,차대차 - 측면충돌,안전운전불이행,건조,맑음,교차로 - 교차로안,승용,남,53세,상해없음,승용,남,41세,경상
2020090800100530,2020년 9월 8일 19시,화요일,광주광역시 동구 수기동,경상사고,0,0,1,0,차대차 - 기타,안전거리미확보,건조,맑음,교차로 - 교차로횡단보도내,이륜,남,53세,상해없음,이륜,남,21세,경상
2020090800100531,2020년 9월 8일 19시,화요일,광주광역시 남구 백운동,경상사고,0,0,1,0,차대차 - 측면충돌,안전운전불이행,건조,맑음,단일로 - 기타,승용,남,73세,상해없음,승용,남,27세,경상
2020090800100532,2020년 9월 8일 19시,화요일,광주광역시 광산구 수완동,중상사고,0,1,0,0,차대차 - 측면충돌,중앙선침범,건조,맑음,단일로 - 기타,승용,남,57세,상해없음,이륜,남,31세,중상
2020090800100566,2020년 9월 8일 20시,화요일,광주광역시 북구 본촌동,중상사고,0,1,0,0,차대사람 - 횡단중,보행자보호의무위반,건조,맑음,교차로 - 교차로부근,승용,여,53세,상해없음,보행자,여,46세,중상
2020090800100629,2020년 9월 8일 23시,화요일,광주광역시 서구 화정동,경상사고,0,0,1,0,차대차 - 측면충돌,안전운전불이행,건조,맑음,단일로 - 기타,승용,남,35세,상해없음,화물,남,31세,경상
2020090900100034,2020년 9월 9일 05시,수요일,광주광역시 동구 산수동,중상사고,0,1,0,0,차대차 - 기타,안전운전불이행,젖음/습기,흐림,단일로 - 기타,화물,남,38세,상해없음,자전거,남,75세,중상
2020090900100035,2020년 9월 9일 05시,수요일,광주광역시 남구 진월동,경상사고,0,0,1,0,차대차 - 측면충돌,안전운전불이행,젖음/습기,비,단일로 - 기타,승용,남,23세,상해없음,승용,남,21세,경상
2020090900100050,2020년 9월 9일 06시,수요일,광주광역시 남구 송하동,경상사고,0,0,2,0,차대차 - 추돌,안전거리미확보,젖음/습기,흐림,교차로 - 교차로부근,화물,남,57세,상해없음,화물,남,48세,경상
2020090900100071,2020년 9월 9일 07시,수요일,광주광역시 광산구 송정동,경상사고,0,0,1,1,차대차 - 측면충돌,안전거리미확보,건조,맑음,단일로 - 기타,승용,여,47세,부상신고,승용,남,35세,경상
2020090900100234,2020년 9월 9일 13시,수요일,광주광역시 남구 백운동,경상사고,0,0,4,0,차대차 - 측면충돌,안전거리미확보,건조,맑음,단일로 - 기타,화물,남,36세,상해없음,승합,남,60세,상해없음
2020090900100275,2020년 9월 9일 14시,수요일,광주광역시 서구 서창동,경상사고,0,0,1,0,차대차 - 기타,안전운전불이행,건조,맑음,단일로 - 기타,승용,여,28세,경상,승용,남,47세,상해없음
2020090900100334,2020년 9월 9일 16시,수요일,광주광역시 남구 봉선동,경상사고,0,0,1,0,차대차 - 추돌,안전운전불이행,건조,맑음,단일로 - 기타,승용,여,42세,상해없음,승용,남,37세,경상
2020090900100335,2020년 9월 9일 16시,수요일,광주광역시 광산구 하남동,중상사고,0,1,0,0,차대사람 - 횡단중,신호위반,건조,맑음,교차로 - 교차로횡단보도내,승용,여,37세,상해없음,보행자,여,73세,중상
2020090900100379,2020년 9월 9일 17시,수요일,광주광역시 서구 치평동,경상사고,0,0,1,0,차대차 - 기타,안전거리미확보,건조,맑음,단일로 - 기타,승용,남,65세,상해없음,사륜오토바이(ATV),남,25세,경상
2020090900100454,2020년 9월 9일 19시,수요일,광주광역시 남구 주월동,경상사고,0,0,1,0,차대차 - 기타,안전운전불이행,젖음/습기,비,교차로 - 교차로안,승용,남,56세,상해없음,이륜,남,41세,경상
2020090900100455,2020년 9월 9일 19시,수요일,광주광역시 북구 용봉동,경상사고,0,0,1,0,차대차 - 추돌,안전운전불이행,건조,맑음,단일로 - 기타,기타불명,기타불명,미분류,기타불명,승용,남,26세,경상
2020090900100479,2020년 9월 9일 20시,수요일,광주광역시 광산구 우산동,경상사고,0,0,1,0,차대사람 - 차도통행중,안전운전불이행,건조,맑음,단일로 - 기타,승용,남,48세,상해없음,보행자,남,78세,경상
2020090900100480,2020년 9월 9일 20시,수요일,광주광역시 광산구 선암동,경상사고,0,0,4,0,차대차 - 추돌,안전운전불이행,건조,맑음,단일로 - 교량,화물,남,60세,경상,승용,여,20세,상해없음
2020090900100517,2020년 9월 9일 21시,수요일,광주광역시 북구 양산동,경상사고,0,0,2,0,차대차 - 측면충돌,교차로운행방법위반,건조,맑음,교차로 - 교차로안,승용,여,56세,경상,이륜,남,33세,경상
2020090900100518,2020년 9월 9일 21시,수요일,광주광역시 광산구 수완동,경상사고,0,0,2,0,차대차 - 측면충돌,신호위반,건조,맑음,교차로 - 교차로안,승용,여,52세,상해없음,승용,여,53세,경상
2020090900100539,2020년 9월 9일 22시,수요일,광주광역시 동구 계림동,경상사고,0,0,2,0,차대차 - 추돌,안전운전불이행,젖음/습기,비,단일로 - 기타,승용,남,51세,상해없음,승용,남,70세,경상
2020090900100548,2020년 9월 9일 23시,수요일,광주광역시 광산구 운남동,경상사고,0,0,3,0,차대차 - 측면충돌,차로위반,젖음/습기,흐림,교차로 - 교차로안,승용,여,34세,상해없음,승용,남,28세,경상
2020091000100016,2020년 9월 10일 02시,목요일,광주광역시 서구 치평동,경상사고,0,0,1,0,차대차 - 측면충돌,차로위반,건조,흐림,교차로 - 교차로안,승용,남,59세,상해없음,승용,남,29세,경상
2020091000100059,2020년 9월 10일 07시,목요일,광주광역시 광산구 우산동,경상사고,0,0,1,0,차대차 - 추돌,안전운전불이행,건조,맑음,단일로 - 기타,화물,남,55세,상해없음,승용,남,26세,경상
2020091000100089,2020년 9월 10일 08시,목요일,광주광역시 북구 북동,부상신고사고,0,0,0,1,차대사람 - 기타,안전운전불이행,건조,맑음,교차로 - 교차로부근,기타불명,기타불명,미분류,기타불명,보행자,남,70세,부상신고
2020091000100109,2020년 9월 10일 09시,목요일,광주광역시 서구 쌍촌동,경상사고,0,0,1,0,차대차 - 측면충돌,신호위반,건조,맑음,교차로 - 교차로안,화물,남,41세,상해없음,승용,남,37세,경상
2020091000100180,2020년 9월 10일 11시,목요일,광주광역시 광산구 운남동,부상신고사고,0,0,0,1,차량단독 - 공작물충돌,안전운전불이행,건조,맑음,단일로 - 기타,화물,남,46세,부상신고,,,,
2020091000100181,2020년 9월 10일 11시,목요일,광주광역시 광산구 송정동,부상신고사고,0,0,0,1,차대사람 - 기타,안전운전불이행,건조,맑음,교차로 - 교차로횡단보도내,자전거,기타불명,미분류,기타불명,보행자,여,76세,부상신고
2020091000100274,2020년 9월 10일 14시,목요일,광주광역시 동구 황금동,경상사고,0,0,1,0,차대사람 - 기타,안전운전불이행,건조,맑음,단일로 - 기타,원동기,남,70세,상해없음,보행자,여,59세,경상
2020091000100275,2020년 9월 10일 14시,목요일,광주광역시 서구 쌍촌동,경상사고,0,0,1,1,차대차 - 측면충돌,교차로운행방법위반,건조,맑음,교차로 - 교차로안,승용,남,27세,부상신고,승용,남,27세,경상
2020091000100345,2020년 9월 10일 16시,목요일,광주광역시 북구 임동,경상사고,0,0,1,0,차대차 - 정면충돌,안전거리미확보,건조,맑음,교차로 - 교차로안,화물,남,56세,상해없음,승용,남,28세,경상
2020091000100398,2020년 9월 10일 17시,목요일,광주광역시 남구 방림동,경상사고,0,0,1,0,차량단독 - 전도전복 - 전도,안전운전불이행,건조,맑음,단일로 - 기타,이륜,남,19세,경상,,,,
2020091000100495,2020년 9월 10일 19시,목요일,광주광역시 광산구 신가동,경상사고,0,0,3,0,차대차 - 측면충돌,안전거리미확보,건조,맑음,교차로 - 교차로부근,승용,여,21세,경상,승용,여,41세,경상
2020091000100521,2020년 9월 10일 20시,목요일,광주광역시 서구 쌍촌동,사망사고,1,0,0,0,차대사람 - 횡단중,안전운전불이행,건조,맑음,교차로 - 교차로안,화물,남,61세,상해없음,보행자,남,78세,사망
2020091000100522,2020년 9월 10일 20시,목요일,광주광역시 광산구 월계동,경상사고,0,0,1,0,차대차 - 기타,안전운전불이행,건조,맑음,교차로 - 교차로부근,승용,남,26세,상해없음,이륜,남,20세,경상
2020091000100523,2020년 9월 10일 20시,목요일,광주광역시 광산구 소촌동,경상사고,0,0,1,0,차대차 - 측면충돌,안전운전불이행,건조,맑음,교차로 - 교차로부근,승용,남,38세,경상,승용,남,52세,기타불명
2020091000100550,2020년 9월 10일 21시,목요일,광주광역시 서구 매월동,경상사고,0,0,1,0,차대차 - 정면충돌,교차로운행방법위반,건조,맑음,교차로 - 교차로안,승용,여,51세,상해없음,승용,남,29세,경상
2020091000100551,2020년 9월 10일 21시,목요일,광주광역시 북구 신안동,중상사고,0,1,3,0,차대차 - 기타,교차로운행방법위반,건조,흐림,교차로 - 교차로안,승용,남,35세,경상,승용,남,25세,경상
2020091000100589,2020년 9월 10일 23시,목요일,광주광역시 남구 주월동,경상사고,0,0,1,0,차대차 - 추돌,안전운전불이행,건조,맑음,교차로 - 교차로부근,승용,여,46세,상해없음,승용,여,50세,경상
2020091100100011,2020년 9월 11일 00시,금요일,광주광역시 광산구 장덕동,경상사고,0,0,2,0,차대차 - 기타,교차로운행방법위반,건조,맑음,교차로 - 교차로안,승용,남,25세,상해없음,승용,여,44세,경상
2020091100100020,2020년 9월 11일 02시,금요일,광주광역시 북구 운암동,경상사고,0,0,4,0,차대차 - 기타,안전거리미확보,건조,맑음,기타 - 기타,승용,남,19세,경상,승용,남,35세,경상
2020091100100081,2020년 9월 11일 07시,금요일,광주광역시 서구 매월동,경상사고,0,0,2,1,차대차 - 기타,안전거리미확보,건조,맑음,단일로 - 기타,화물,남,48세,부상신고,승용,남,45세,경상
2020091100100082,2020년 9월 11일 07시,금요일,광주광역시 북구 문흥동,중상사고,0,1,0,0,차대사람 - 기타,안전운전불이행,건조,맑음,단일로 - 기타,승용,남,35세,상해없음,보행자,남,73세,중상
2020091100100106,2020년 9월 11일 08시,금요일,광주광역시 남구 신장동,중상사고,0,1,0,0,차대차 - 측면충돌,안전운전불이행,젖음/습기,비,단일로 - 기타,화물,남,42세,상해없음,이륜,남,73세,중상
2020091100100164,2020년 9월 11일 10시,금요일,광주광역시 서구 화정동,경상사고,0,0,1,0,차대차 - 추돌,안전운전불이행,건조,맑음,교차로 - 교차로부근,화물,남,69세,상해없음,승용,여,53세,경상
2020091100100216,2020년 9월 11일 12시,금요일,광주광역시 북구 일곡동,중상사고,0,1,0,0,차대차 - 측면충돌,안전운전불이행,젖음/습기,비,단일로 - 기타,승용,남,44세,상해없음,이륜,남,30세,중상
2020091100100249,2020년 9월 11일 13시,금요일,광주광역시 북구 용두동,경상사고,0,0,3,0,차대차 - 기타,안전운전불이행,건조,맑음,단일로 - 기타,승용,여,48세,상해없음,화물,남,37세,경상
2020091100100296,2020년 9월 11일 15시,금요일,광주광역시 동구 금남로4가,경상사고,0,0,1,0,차대차 - 기타,안전거리미확보,젖음/습기,비,단일로 - 기타,승용,남,37세,상해없음,이륜,남,21세,경상
2020091100100297,2020년 9월 11일 15시,금요일,광주광역시 동구 계림동,경상사고,0,0,1,0,차대차 - 측면충돌,차로위반,건조,맑음,교차로 - 교차로부근,승합,남,60세,상해없음,승용,남,45세,경상
2020091100100298,2020년 9월 11일 15시,금요일,광주광역시 남구 진월동,경상사고,0,0,1,0,차대사람 - 횡단중,안전운전불이행,건조,맑음,단일로 - 기타,승용,남,58세,상해없음,보행자,남,28세,경상
2020091100100299,2020년 9월 11일 15시,금요일,광주광역시 북구 운암동,중상사고,0,1,0,0,차대차 - 기타,교차로운행방법위반,젖음/습기,비,교차로 - 교차로안,승용,여,55세,상해없음,이륜,남,51세,중상
2020091100100300,2020년 9월 11일 15시,금요일,광주광역시 북구 각화동,경상사고,0,0,1,0,차대사람 - 기타,안전운전불이행,젖음/습기,비,단일로 - 기타,기타불명,기타불명,미분류,기타불명,보행자,남,59세,경상
2020091100100342,2020년 9월 11일 16시,금요일,광주광역시 서구 금호동,경상사고,0,0,2,0,차대차 - 측면충돌,신호위반,젖음/습기,비,교차로 - 교차로안,승용,여,41세,기타불명,승용,여,31세,경상
2020091100100394,2020년 9월 11일 17시,금요일,광주광역시 남구 봉선동,경상사고,0,0,1,0,차대차 - 측면충돌,안전운전불이행,젖음/습기,비,단일로 - 기타,승용,남,63세,상해없음,승용,여,28세,경상
2020091100100395,2020년 9월 11일 17시,금요일,광주광역시 광산구 수완동,중상사고,0,1,0,0,차량단독 - 기타,안전운전불이행,젖음/습기,비,단일로 - 기타,이륜,남,32세,중상,,,,
2020091100100452,2020년 9월 11일 18시,금요일,광주광역시 광산구 월계동,경상사고,0,0,1,0,차대차 - 기타,안전거리미확보,젖음/습기,비,단일로 - 기타,기타불명,기타불명,미분류,기타불명,이륜,남,35세,경상
2020091100100558,2020년 9월 11일 20시,금요일,광주광역시 북구 문흥동,경상사고,0,0,2,0,차대차 - 측면충돌,안전운전불이행,젖음/습기,비,단일로 - 기타,승용,여,21세,상해없음,승용,여,41세,경상
2020091100100567,2020년 9월 11일 20시,금요일,광주광역시 서구 매월동,경상사고,0,0,4,0,차대차 - 측면충돌,안전거리미확보,젖음/습기,비,단일로 - 기타,승용,남,58세,상해없음,승용,남,37세,경상
2020091100100568,2020년 9월 11일 20시,금요일,광주광역시 북구 누문동,경상사고,0,0,2,0,차대차 - 추돌,안전운전불이행,젖음/습기,비,교차로 - 교차로안,승용,남,60세,상해없음,승용,남,26세,경상
2020091100100619,2020년 9월 11일 21시,금요일,광주광역시 광산구 도천동,경상사고,0,0,1,0,차대차 - 측면충돌,신호위반,젖음/습기,비,교차로 - 교차로안,화물,남,58세,상해없음,승용,여,66세,경상
2020091100100657,2020년 9월 11일 22시,금요일,광주광역시 광산구 우산동,경상사고,0,0,1,0,차대차 - 추돌,안전운전불이행,젖음/습기,비,단일로 - 기타,승용,남,47세,상해없음,승용,여,28세,경상
2020091100100658,2020년 9월 11일 22시,금요일,광주광역시 광산구 월곡동,경상사고,0,0,1,0,차대차 - 기타,안전운전불이행,건조,맑음,단일로 - 기타,승용,남,31세,상해없음,자전거,남,53세,경상
2020091100100690,2020년 9월 11일 23시,금요일,광주광역시 남구 봉선동,중상사고,0,1,0,0,차대차 - 측면충돌,신호위반,젖음/습기,비,교차로 - 교차로안,개인형이동수단(PM),남,18세,중상,승용,남,55세,상해없음
2020091200100025,2020년 9월 12일 00시,토요일,광주광역시 서구 농성동,경상사고,0,0,3,0,차대차 - 추돌,안전운전불이행,젖음/습기,비,교차로 - 교차로부근,승용,여,47세,상해없음,승용,남,29세,경상
2020091200100041,2020년 9월 12일 01시,토요일,광주광역시 서구 마륵동,경상사고,0,0,1,0,차대차 - 추돌,안전운전불이행,건조,맑음,단일로 - 기타,승용,남,25세,상해없음,승용,여,38세,경상
2020091200100042,2020년 9월 12일 01시,토요일,광주광역시 남구 봉선동,부상신고사고,0,0,0,1,차대사람 - 기타,안전운전불이행,건조,맑음,단일로 - 기타,승용,여,37세,상해없음,보행자,여,17세,부상신고
2020091200100043,2020년 9월 12일 01시,토요일,광주광역시 북구 운암동,중상사고,0,1,0,0,차대사람 - 기타,안전운전불이행,젖음/습기,비,단일로 - 기타,승용,남,67세,상해없음,보행자,남,52세,중상
2020091200100123,2020년 9월 12일 08시,토요일,광주광역시 북구 본촌동,경상사고,0,0,3,0,차대차 - 기타,안전운전불이행,건조,맑음,단일로 - 기타,승용,남,20세,상해없음,승용,여,31세,경상
2020091200100146,2020년 9월 12일 09시,토요일,광주광역시 동구 소태동,경상사고,0,0,1,0,차대차 - 기타,안전운전불이행,건조,맑음,단일로 - 기타,승용,남,77세,상해없음,승용,남,30세,경상
2020091200100174,2020년 9월 12일 10시,토요일,광주광역시 북구 운암동,경상사고,0,0,1,0,차대차 - 측면충돌,안전거리미확보,건조,맑음,단일로 - 기타,승용,남,23세,상해없음,승용,남,30세,경상
2020091200100209,2020년 9월 12일 11시,토요일,광주광역시 북구 신용동,경상사고,0,0,1,0,차대차 - 기타,안전운전불이행,건조,맑음,단일로 - 지하차도(도로)내,기타불명,기타불명,미분류,기타불명,화물,남,27세,경상
2020091200100210,2020년 9월 12일 11시,토요일,광주광역시 북구 임동,경상사고,0,0,3,0,차대차 - 추돌,직진우회전진행방해,건조,맑음,교차로 - 교차로안,승용,남,54세,경상,화물,남,31세,경상
2020091200100293,2020년 9월 12일 13시,토요일,광주광역시 광산구 소촌동,경상사고,0,0,1,0,차대차 - 기타,안전거리미확보,건조,맑음,교차로 - 교차로안,화물,남,58세,상해없음,승용,남,57세,경상
2020091200100330,2020년 9월 12일 14시,토요일,광주광역시 서구 광천동,경상사고,0,0,2,0,차대차 - 기타,기타,건조,맑음,교차로 - 교차로안,건설기계,남,52세,상해없음,승용,여,25세,경상
2020091200100331,2020년 9월 12일 14시,토요일,광주광역시 북구 운암동,중상사고,0,1,0,0,차대차 - 측면충돌,안전운전불이행,건조,맑음,교차로 - 교차로안,이륜,남,41세,중상,승용,남,48세,상해없음
2020091200100377,2020년 9월 12일 15시,토요일,광주광역시 서구 동천동,경상사고,0,0,3,0,차대차 - 측면충돌,안전운전불이행,건조,맑음,단일로 - 기타,승용,여,51세,경상,화물,남,56세,경상
2020091200100482,2020년 9월 12일 18시,토요일,광주광역시 북구 두암동,경상사고,0,0,1,0,차대차 - 측면충돌,안전거리미확보,건조,맑음,단일로 - 기타,승용,남,41세,상해없음,이륜,남,27세,경상
2020091200100519,2020년 9월 12일 19시,토요일,광주광역시 남구 방림동,중상사고,0,1,2,0,차대사람 - 횡단중,보행자보호의무위반,건조,맑음,교차로 - 교차로횡단보도내,승용,남,65세,상해없음,보행자,여,51세,경상
2020091200100520,2020년 9월 12일 19시,토요일,광주광역시 광산구 월계동,경상사고,0,0,1,0,차대차 - 추돌,안전운전불이행,건조,맑음,단일로 - 기타,승용,남,56세,상해없음,승용,남,39세,경상
2020091200100573,2020년 9월 12일 21시,토요일,광주광역시 북구 운암동,경상사고,0,0,2,0,차대차 - 기타,기타,건조,맑음,단일로 - 기타,승용,남,55세,상해없음,승용,남,27세,경상
2020091200100592,2020년 9월 12일 22시,토요일,광주광역시 서구 농성동,부상신고사고,0,0,0,1,차량단독 - 기타,안전운전불이행,건조,맑음,교차로 - 교차로안,이륜,남,26세,부상신고,,,,
2020091200100593,2020년 9월 12일 22시,토요일,광주광역시 서구 쌍촌동,경상사고,0,0,1,0,차대사람 - 길가장자리구역통행중,안전운전불이행,건조,맑음,기타 - 기타,기타불명,기타불명,미분류,기타불명,보행자,남,24세,경상
2020091200100594,2020년 9월 12일 22시,토요일,광주광역시 광산구 송정동,중상사고,0,1,0,0,차대사람 - 기타,안전운전불이행,건조,맑음,교차로 - 교차로안,이륜,남,26세,상해없음,보행자,여,75세,중상
2020091200100607,2020년 9월 12일 23시,토요일,광주광역시 서구 풍암동,경상사고,0,0,1,0,차대차 - 추돌,안전운전불이행,건조,맑음,교차로 - 교차로부근,승용,남,42세,상해없음,승용,남,27세,경상
2020091300100016,2020년 9월 13일 01시,일요일,광주광역시 동구 동명동,경상사고,0,0,2,0,차대차 - 측면충돌,신호위반,건조,맑음,교차로 - 교차로안,승용,남,23세,상해없음,승용,남,21세,경상
2020091300100038,2020년 9월 13일 04시,일요일,광주광역시 서구 금호동,경상사고,0,0,1,0,차대차 - 측면충돌,안전운전불이행,건조,맑음,교차로 - 교차로안,승용,남,59세,상해없음,승용,남,39세,경상
2020091300100046,2020년 9월 13일 05시,일요일,광주광역시 서구 쌍촌동,경상사고,0,0,1,0,차대사람 - 기타,안전운전불이행,건조,맑음,단일로 - 기타,승용,남,24세,상해없음,보행자,여,26세,경상
2020091300100053,2020년 9월 13일 06시,일요일,광주광역시 서구 유촌동,사망사고,1,0,0,0,차량단독 - 기타,안전운전불이행,건조,맑음,교차로 - 교차로횡단보도내,승용,남,24세,사망,,,,
2020091300100091,2020년 9월 13일 09시,일요일,광주광역시 동구 소태동,경상사고,0,0,1,0,차대차 - 기타,안전거리미확보,젖음/습기,비,교차로 - 교차로안,승용,남,82세,상해없음,승용,남,24세,경상
2020091300100182,2020년 9월 13일 12시,일요일,광주광역시 서구 유촌동,경상사고,0,0,3,0,차대차 - 측면충돌,교차로운행방법위반,건조,맑음,교차로 - 교차로안,승용,여,48세,상해없음,승용,여,37세,경상
2020091300100215,2020년 9월 13일 13시,일요일,광주광역시 남구 월산동,경상사고,0,0,4,1,차대차 - 측면충돌,중앙선침범,젖음/습기,비,교차로 - 교차로횡단보도내,승용,남,18세,상해없음,화물,남,69세,경상
2020091300100254,2020년 9월 13일 14시,일요일,광주광역시 서구 치평동,경상사고,0,0,1,0,차대차 - 기타,기타,건조,맑음,단일로 - 기타,승용,남,61세,상해없음,원동기,남,41세,경상
2020091400100006,2020년 9월 14일 00시,월요일,광주광역시 북구 중흥동,경상사고,0,0,1,0,차대차 - 기타,직진우회전진행방해,건조,흐림,교차로 - 교차로안,화물,남,28세,상해없음,승용,남,32세,경상
2020091400100058,2020년 9월 14일 06시,월요일,광주광역시 서구 치평동,경상사고,0,0,1,0,차대차 - 추돌,안전운전불이행,건조,맑음,교차로 - 교차로횡단보도내,승용,여,46세,상해없음,승용,남,62세,경상
2020091400100134,2020년 9월 14일 08시,월요일,광주광역시 북구 동림동,중상사고,0,1,3,0,차대차 - 측면충돌,안전운전불이행,건조,맑음,단일로 - 기타,승용,남,29세,상해없음,승용,남,28세,중상
2020091400100135,2020년 9월 14일 08시,월요일,광주광역시 북구 일곡동,경상사고,0,0,1,0,차대차 - 측면충돌,교차로운행방법위반,건조,맑음,교차로 - 교차로안,승용,여,42세,기타불명,승용,남,38세,경상
2020091400100168,2020년 9월 14일 09시,월요일,광주광역시 서구 치평동,경상사고,0,0,1,0,차대차 - 추돌,안전운전불이행,건조,맑음,교차로 - 교차로부근,승용,남,66세,상해없음,승용,남,52세,경상
2020091400100238,2020년 9월 14일 11시,월요일,광주광역시 광산구 장록동,경상사고,0,0,1,0,차대차 - 기타,차로위반,건조,맑음,단일로 - 기타,화물,남,38세,상해없음,승용,여,55세,경상
2020091400100269,2020년 9월 14일 12시,월요일,광주광역시 북구 운암동,경상사고,0,0,1,0,차대차 - 측면충돌,교차로운행방법위반,건조,맑음,교차로 - 교차로안,승용,여,66세,상해없음,이륜,남,55세,경상
2020091400100270,2020년 9월 14일 12시,월요일,광주광역시 광산구 도천동,경상사고,0,0,2,0,차대차 - 측면충돌,교차로운행방법위반,건조,맑음,교차로 - 교차로안,승용,여,40세,경상,화물,남,43세,경상
2020091400100302,2020년 9월 14일 13시,월요일,광주광역시 북구 운암동,경상사고,0,0,3,0,차대차 - 기타,안전운전불이행,건조,맑음,단일로 - 기타,화물,남,64세,경상,승용,여,33세,경상