사고번호,사고일시,요일,시군구,사고내용,사망자수,중상자수,경상자수,부상신고자수,사고유형,법규위반,노면상태,기상상태,도로형태,가해운전자 차종,가해운전자 성별,가해운전자 연령,가해운전자 상해정도,피해운전자 차종,피해운전자 성별,피해운전자 연령,피해운전자 상해정도
2020100800100582,2020년 10월 8일 18시,목요일,광주광역시 서구 쌍촌동,경상사고,0,0,1,0,차대차 - 측면충돌,안전거리미확보,건조,맑음,단일로 - 기타,승용,남,36세,상해없음,이륜,남,30세,경상
2020100800100647,2020년 10월 8일 19시,목요일,광주광역시 북구 양산동,중상사고,0,1,0,0,차대사람 - 횡단중,안전운전불이행,건조,맑음,단일로 - 기타,이륜,남,19세,상해없음,보행자,남,52세,중상
2020100800100681,2020년 10월 8일 20시,목요일,광주광역시 서구 유촌동,경상사고,0,0,1,0,차대차 - 측면충돌,신호위반,건조,맑음,교차로 - 교차로안,승용,여,60세,상해없음,승용,여,24세,경상
2020100800100682,2020년 10월 8일 20시,목요일,광주광역시 광산구 수완동,경상사고,0,0,1,0,차대차 - 측면충돌,기타,건조,맑음,교차로 - 교차로부근,승용,남,62세,상해없음,이륜,남,36세,경상
2020100800100683,2020년 10월 8일 20시,목요일,광주광역시 광산구 장덕동,경상사고,0,0,1,0,차대사람 - 횡단중,안전운전불이행,건조,맑음,단일로 - 기타,이륜,남,21세,상해없음,보행자,남,4세,경상
2020100900100036,2020년 10월 9일 01시,금요일,광주광역시 북구 신안동,경상사고,0,0,1,0,차대사람 - 기타,보행자보호의무위반,건조,맑음,교차로 - 교차로안,승용,남,59세,상해없음,보행자,남,28세,경상
2020100900100103,2020년 10월 9일 07시,금요일,광주광역시 북구 각화동,경상사고,0,0,2,1,차대차 - 측면충돌,안전운전불이행,건조,맑음,교차로 - 교차로부근,화물,남,66세,부상신고,화물,남,60세,경상
2020100900100144,2020년 10월 9일 09시,금요일,광주광역시 서구 화정동,경상사고,0,0,1,0,차대차 - 추돌,안전운전불이행,건조,맑음,교차로 - 교차로안,승용,남,48세,상해없음,승용,남,68세,경상
2020100900100168,2020년 10월 9일 10시,금요일,광주광역시 광산구 흑석동,경상사고,0,0,1,0,차대차 - 추돌,안전운전불이행,건조,맑음,단일로 - 기타,승합,남,38세,상해없음,화물,남,41세,경상
2020100900100276,2020년 10월 9일 13시,금요일,광주광역시 광산구 쌍암동,경상사고,0,0,1,0,차대차 - 측면충돌,안전운전불이행,건조,맑음,교차로 - 교차로횡단보도내,이륜,남,54세,경상,승용,여,42세,상해없음
2020100900100302,2020년 10월 9일 14시,금요일,광주광역시 서구 쌍촌동,경상사고,0,0,2,0,차대차 - 추돌,안전운전불이행,건조,맑음,단일로 - 기타,화물,남,45세,상해없음,승용,남,54세,경상
2020100900100303,2020년 10월 9일 14시,금요일,광주광역시 북구 두암동,경상사고,0,0,1,0,차량단독 - 기타,기타,건조,맑음,기타 - 기타,승용,남,60세,상해없음,,,,
2020100900100331,2020년 10월 9일 15시,금요일,광주광역시 광산구 월전동,경상사고,0,0,1,0,차대차 - 측면충돌,안전운전불이행,건조,맑음,교차로 - 교차로안,승용,여,29세,상해없음,이륜,여,27세,경상
2020100900100377,2020년 10월 9일 16시,금요일,광주광역시 북구 두암동,경상사고,0,0,1,0,차대차 - 측면충돌,안전운전불이행,건조,맑음,단일로 - 기타,개인형이동수단(PM),여,14세,경상,승용,여,52세,상해없음
2020100900100378,2020년 10월 9일 16시,금요일,광주광역시 북구 운암동,경상사고,0,0,1,0,차대차 - 추돌,안전운전불이행,건조,맑음,단일로 - 기타,승용,여,35세,상해없음,승용,여,39세,경상
2020100900100444,2020년 10월 9일 18시,금요일,광주광역시 서구 화정동,경상사고,0,0,1,0,차대사람 - 차도통행중,안전운전불이행,건조,맑음,단일로 - 기타,승용,여,57세,상해없음,보행자,여,40세,경상
2020100900100445,2020년 10월 9일 18시,금요일,광주광역시 북구 임동,경상사고,0,0,1,0,차대차 - 측면충돌,교차로운행방법위반,건조,맑음,교차로 - 교차로안,승용,여,69세,상해없음,승용,남,60세,경상
2020100900100446,2020년 10월 9일 18시,금요일,광주광역시 북구 운암동,중상사고,0,1,0,0,차대사람 - 횡단중,안전운전불이행,건조,맑음,단일로 - 기타,이륜,남,46세,상해없음,보행자,남,71세,중상
2020100900100447,2020년 10월 9일 18시,금요일,광주광역시 광산구 송촌동,경상사고,0,0,4,0,차대차 - 측면충돌,차로위반,건조,맑음,단일로 - 기타,화물,남,66세,상해없음,승용,남,43세,경상
2020100900100448,2020년 10월 9일 18시,금요일,광주광역시 광산구 송정동,경상사고,0,0,1,0,차대차 - 기타,안전거리미확보,건조,맑음,단일로 - 기타,기타불명,기타불명,미분류,기타불명,승용,남,27세,상해없음
2020100900100491,2020년 10월 9일 19시,금요일,광주광역시 서구 치평동,경상사고,0,0,1,0,차대차 - 측면충돌,안전운전불이행,건조,맑음,단일로 - 기타,승용,남,68세,상해없음,승용,여,57세,경상
2020100900100492,2020년 10월 9일 19시,금요일,광주광역시 광산구 월계동,중상사고,0,1,0,0,차대차 - 측면충돌,안전거리미확보,건조,맑음,단일로 - 기타,승용,남,26세,기타불명,이륜,남,27세,중상
2020100900100493,2020년 10월 9일 19시,금요일,광주광역시 광산구 산정동,부상신고사고,0,0,0,2,차대차 - 기타,안전운전불이행,건조,맑음,단일로 - 기타,기타불명,기타불명,미분류,기타불명,화물,남,46세,부상신고
2020100900100531,2020년 10월 9일 20시,금요일,광주광역시 북구 운암동,경상사고,0,0,1,0,차대차 - 측면충돌,교차로운행방법위반,건조,맑음,교차로 - 교차로안,원동기,남,18세,상해없음,승용,남,72세,경상
2020100900100557,2020년 10월 9일 21시,금요일,광주광역시 남구 노대동,경상사고,0,0,2,0,차대차 - 측면충돌,안전운전불이행,건조,맑음,교차로 - 교차로안,승용,여,48세,상해없음,원동기,남,19세,경상
2020100900100575,2020년 10월 9일 22시,금요일,광주광역시 광산구 신창동,경상사고,0,0,2,0,차대차 - 후진중충돌,안전운전불이행,건조,맑음,단일로 - 기타,승용,남,50세,상해없음,승용,남,30세,경상
2020101000100014,2020년 10월 10일 00시,토요일,광주광역시 서구 동천동,경상사고,0,0,1,0,차대차 - 기타,교차로운행방법위반,건조,맑음,교차로 - 교차로안,승합,남,30세,상해없음,이륜,남,25세,경상
2020101000100015,2020년 10월 10일 00시,토요일,광주광역시 남구 방림동,경상사고,0,0,1,0,차대차 - 추돌,안전운전불이행,건조,맑음,교차로 - 교차로안,승용,남,24세,상해없음,승용,남,55세,경상
2020101000100034,2020년 10월 10일 02시,토요일,광주광역시 남구 주월동,경상사고,0,0,1,0,차대사람 - 횡단중,안전운전불이행,건조,맑음,교차로 - 교차로횡단보도내,승용,남,73세,상해없음,보행자,남,53세,경상
2020101000100057,2020년 10월 10일 05시,토요일,광주광역시 북구 용봉동,사망사고,1,0,0,0,차대사람 - 기타,과속,건조,맑음,단일로 - 기타,승용,남,22세,상해없음,보행자,여,71세,사망
2020101000100071,2020년 10월 10일 06시,토요일,광주광역시 동구 월남동,중상사고,0,1,1,0,차대차 - 기타,신호위반,건조,맑음,교차로 - 교차로안,승용,남,40세,경상,승용,남,51세,중상
2020101000100119,2020년 10월 10일 09시,토요일,광주광역시 동구 대인동,경상사고,0,0,2,0,차대차 - 기타,안전거리미확보,건조,맑음,단일로 - 기타,승용,남,48세,상해없음,승합,남,54세,경상
2020101000100120,2020년 10월 10일 09시,토요일,광주광역시 서구 농성동,경상사고,0,0,1,0,차대차 - 측면충돌,안전운전불이행,건조,맑음,단일로 - 기타,이륜,여,41세,상해없음,승용,남,68세,경상
2020101000100121,2020년 10월 10일 09시,토요일,광주광역시 남구 임암동,경상사고,0,0,1,0,차대차 - 추돌,안전운전불이행,건조,맑음,단일로 - 기타,화물,남,71세,상해없음,특수,남,69세,상해없음
2020101000100122,2020년 10월 10일 09시,토요일,광주광역시 남구 백운동,중상사고,0,1,0,0,차대사람 - 기타,안전운전불이행,건조,맑음,단일로 - 기타,승용,남,48세,상해없음,보행자,여,75세,중상
2020101000100156,2020년 10월 10일 10시,토요일,광주광역시 북구 양산동,경상사고,0,0,1,0,차대사람 - 보도통행중,기타,건조,맑음,기타 - 기타,화물,남,44세,상해없음,보행자,남,68세,경상
2020101000100157,2020년 10월 10일 10시,토요일,광주광역시 북구 운암동,경상사고,0,0,2,0,차대차 - 추돌,안전운전불이행,건조,맑음,교차로 - 교차로안,승용,남,41세,상해없음,승용,남,55세,경상
2020101000100234,2020년 10월 10일 12시,토요일,광주광역시 동구 충장로4가,경상사고,0,0,1,0,차량단독 - 기타,기타,건조,맑음,단일로 - 기타,승합,남,51세,상해없음,,,,
2020101000100280,2020년 10월 10일 13시,토요일,광주광역시 광산구 월계동,중상사고,0,1,1,0,차대차 - 측면충돌,신호위반,건조,맑음,교차로 - 교차로안,이륜,남,32세,중상,승용,여,28세,경상
2020101000100281,2020년 10월 10일 13시,토요일,광주광역시 광산구 우산동,경상사고,0,0,1,0,차대차 - 측면충돌,안전운전불이행,건조,맑음,단일로 - 기타,승용,남,32세,상해없음,승합,남,45세,상해없음
2020101000100282,2020년 10월 10일 13시,토요일,광주광역시 광산구 연산동,경상사고,0,0,1,0,차대차 - 측면충돌,신호위반,건조,맑음,교차로 - 교차로안,화물,남,73세,상해없음,승용,남,32세,경상
2020101000100283,2020년 10월 10일 13시,토요일,광주광역시 광산구 장덕동,경상사고,0,0,4,0,차대차 - 측면충돌,신호위반,건조,맑음,교차로 - 교차로안,승용,여,47세,경상,승용,남,43세,경상
2020101000100284,2020년 10월 10일 13시,토요일,광주광역시 광산구 쌍암동,경상사고,0,0,2,0,차대차 - 추돌,안전운전불이행,건조,맑음,교차로 - 교차로부근,승용,남,58세,상해없음,승용,남,31세,경상
2020101000100313,2020년 10월 10일 14시,토요일,광주광역시 서구 화정동,중상사고,0,1,0,0,차대차 - 측면충돌,차로위반,건조,맑음,교차로 - 교차로부근,승용,남,30세,상해없음,승용,여,64세,중상
2020101000100314,2020년 10월 10일 14시,토요일,광주광역시 남구 봉선동,경상사고,0,0,2,0,차대차 - 측면충돌,안전거리미확보,건조,맑음,단일로 - 기타,승용,여,26세,상해없음,승용,여,44세,경상
2020101000100351,2020년 10월 10일 15시,토요일,광주광역시 서구 쌍촌동,중상사고,0,1,1,0,차대차 - 측면충돌,신호위반,건조,맑음,단일로 - 기타,이륜,남,37세,경상,자전거,남,81세,중상
2020101000100352,2020년 10월 10일 15시,토요일,광주광역시 남구 방림동,경상사고,0,0,1,0,차대차 - 기타,교차로운행방법위반,건조,맑음,교차로 - 교차로안,승용,여,47세,상해없음,이륜,남,43세,경상
2020101000100353,2020년 10월 10일 15시,토요일,광주광역시 남구 주월동,경상사고,0,0,1,0,차대차 - 측면충돌,차로위반,건조,맑음,단일로 - 기타,화물,남,75세,상해없음,이륜,남,44세,경상
2020101000100354,2020년 10월 10일 15시,토요일,광주광역시 광산구 운남동,중상사고,0,1,0,0,차대사람 - 횡단중,안전운전불이행,건조,맑음,교차로 - 교차로안,승용,여,54세,상해없음,보행자,여,69세,중상
2020101000100400,2020년 10월 10일 16시,토요일,광주광역시 북구 두암동,경상사고,0,0,1,0,차대차 - 측면충돌,차로위반,건조,맑음,단일로 - 기타,건설기계,남,54세,상해없음,승용,남,60세,경상
2020101000100401,2020년 10월 10일 16시,토요일,광주광역시 광산구 황룡동,경상사고,0,0,2,0,차대차 - 정면충돌,중앙선침범,건조,맑음,교차로 - 교차로부근,승용,남,19세,상해없음,승용,남,25세,경상
2020101000100433,2020년 10월 10일 17시,토요일,광주광역시 북구 유동,경상사고,0,0,1,0,차대사람 - 기타,안전운전불이행,건조,맑음,단일로 - 기타,승용,남,33세,상해없음,보행자,여,18세,경상
2020101000100434,2020년 10월 10일 17시,토요일,광주광역시 북구 임동,경상사고,0,0,1,0,차대차 - 측면충돌,신호위반,건조,맑음,교차로 - 교차로안,승용,남,22세,상해없음,승용,여,42세,경상
2020101000100435,2020년 10월 10일 17시,토요일,광주광역시 광산구 수완동,경상사고,0,0,3,0,차대차 - 측면충돌,직진우회전진행방해,건조,맑음,교차로 - 교차로부근,이륜,남,28세,경상,승용,여,43세,경상
2020101000100436,2020년 10월 10일 17시,토요일,광주광역시 광산구 장덕동,경상사고,0,0,1,0,차대차 - 기타,안전운전불이행,건조,맑음,단일로 - 기타,화물,남,51세,상해없음,승용,남,33세,경상
2020101000100480,2020년 10월 10일 18시,토요일,광주광역시 북구 용봉동,경상사고,0,0,1,0,차대사람 - 차도통행중,안전운전불이행,건조,맑음,단일로 - 기타,승용,남,57세,상해없음,보행자,여,21세,경상
2020101000100539,2020년 10월 10일 20시,토요일,광주광역시 북구 임동,경상사고,0,0,1,0,차대차 - 기타,안전운전불이행,건조,맑음,단일로 - 기타,승용,남,44세,상해없음,승용,남,65세,경상
2020101000100540,2020년 10월 10일 20시,토요일,광주광역시 북구 오치동,경상사고,0,0,1,0,차대차 - 추돌,안전운전불이행,건조,맑음,교차로 - 교차로부근,이륜,남,25세,상해없음,승용,남,33세,경상
2020101000100579,2020년 10월 10일 22시,토요일,광주광역시 서구 양동,부상신고사고,0,0,0,1,차량단독 - 공작물충돌,안전운전불이행,건조,맑음,교차로 - 교차로부근,이륜,여,63세,부상신고,,,,
2020101000100589,2020년 10월 10일 23시,토요일,광주광역시 광산구 수완동,경상사고,0,0,3,0,차대차 - 기타,신호위반,건조,맑음,교차로 - 교차로안,승용,남,59세,경상,승용,남,54세,경상
2020101100100037,2020년 10월 11일 02시,일요일,광주광역시 광산구 산정동,중상사고,0,1,0,1,차대차 - 측면충돌,교차로운행방법위반,건조,맑음,교차로 - 교차로안,이륜,남,48세,부상신고,이륜,남,58세,중상
2020101100100073,2020년 10월 11일 07시,일요일,광주광역시 광산구 도산동,경상사고,0,0,1,0,차대차 - 측면충돌,안전운전불이행,건조,맑음,교차로 - 교차로안,자전거,남,23세,경상,승용,남,48세,상해없음
2020101100100096,2020년 10월 11일 09시,일요일,광주광역시 동구 호남동,경상사고,0,0,1,0,차대차 - 측면충돌,교차로운행방법위반,건조,맑음,교차로 - 교차로안,승용,남,67세,상해없음,승합,남,44세,상해없음
2020101100100145,2020년 10월 11일 11시,일요일,광주광역시 북구 일곡동,경상사고,0,0,3,1,차대차 - 기타,교차로운행방법위반,건조,맑음,교차로 - 교차로안,승용,남,39세,부상신고,승용,여,38세,경상
2020101100100171,2020년 10월 11일 12시,일요일,광주광역시 서구 치평동,경상사고,0,0,1,0,차대차 - 추돌,안전운전불이행,건조,맑음,교차로 - 교차로부근,승용,남,58세,상해없음,승용,여,32세,상해없음
2020101100100200,2020년 10월 11일 13시,일요일,광주광역시 서구 유촌동,경상사고,0,0,1,0,차대차 - 측면충돌,안전운전불이행,건조,맑음,단일로 - 기타,승용,남,27세,상해없음,승용,남,65세,경상
2020101100100303,2020년 10월 11일 16시,일요일,광주광역시 동구 대인동,중상사고,0,1,0,0,차대차 - 기타,안전운전불이행,건조,맑음,단일로 - 기타,승용,남,25세,상해없음,승용,남,63세,중상
2020101100100337,2020년 10월 11일 17시,일요일,광주광역시 서구 금호동,경상사고,0,0,2,0,차대차 - 측면충돌,안전운전불이행,건조,맑음,교차로 - 교차로안,승용,남,66세,경상,승용,여,21세,경상
2020101100100368,2020년 10월 11일 18시,일요일,광주광역시 북구 용봉동,경상사고,0,0,1,0,차대차 - 기타,중앙선침범,건조,맑음,단일로 - 기타,승용,남,69세,상해없음,이륜,남,24세,경상
2020101100100369,2020년 10월 11일 18시,일요일,광주광역시 광산구 월곡동,경상사고,0,0,1,0,차대사람 - 기타,안전운전불이행,건조,맑음,기타 - 기타,기타불명,기타불명,미분류,기타불명,보행자,여,76세,경상
2020101100100402,2020년 10월 11일 19시,일요일,광주광역시 서구 금호동,경상사고,0,0,1,0,차대차 - 기타,안전운전불이행,건조,맑음,단일로 - 기타,기타불명,기타불명,미분류,기타불명,승용,여,50세,경상
2020101100100403,2020년 10월 11일 19시,일요일,광주광역시 광산구 신촌동,중상사고,0,1,0,0,차대차 - 측면충돌,중앙선침범,건조,맑음,단일로 - 기타,자전거,남,63세,중상,승용,남,26세,상해없음
2020101100100436,2020년 10월 11일 20시,일요일,광주광역시 서구 풍암동,경상사고,0,0,1,0,차대차 - 측면충돌,안전운전불이행,건조,흐림,단일로 - 기타,승용,남,36세,상해없음,승용,여,35세,경상
2020101100100464,2020년 10월 11일 22시,일요일,광주광역시 서구 쌍촌동,경상사고,0,0,1,0,차대차 - 측면충돌,안전운전불이행,건조,맑음,단일로 - 기타,승용,남,49세,상해없음,승용,남,29세,경상
2020101100100470,2020년 10월 11일 23시,일요일,광주광역시 서구 덕흥동,중상사고,0,1,0,0,차량단독 - 공작물충돌,안전운전불이행,건조,맑음,단일로 - 기타,승용,남,47세,중상,,,,
2020101200100010,2020년 10월 12일 00시,월요일,광주광역시 북구 동림동,경상사고,0,0,2,0,차대차 - 추돌,안전운전불이행,건조,맑음,단일로 - 기타,승용,남,25세,상해없음,승용,남,26세,경상
2020101200100019,2020년 10월 12일 01시,월요일,광주광역시 북구 중흥동,경상사고,0,0,1,0,차대차 - 추돌,안전운전불이행,건조,맑음,교차로 - 교차로부근,승용,남,59세,경상,화물,여,75세,기타불명
2020101200100086,2020년 10월 12일 07시,월요일,광주광역시 북구 오치동,경상사고,0,0,1,0,차대차 - 측면충돌,직진우회전진행방해,건조,맑음,교차로 - 교차로안,승용,남,46세,기타불명,승합,남,58세,경상
2020101200100128,2020년 10월 12일 08시,월요일,광주광역시 남구 구동,경상사고,0,0,1,0,차대사람 - 횡단중,안전운전불이행,건조,맑음,단일로 - 기타,기타불명,기타불명,미분류,기타불명,보행자,여,67세,경상
2020101200100129,2020년 10월 12일 08시,월요일,광주광역시 북구 운암동,경상사고,0,0,2,0,차대차 - 측면충돌,안전거리미확보,건조,맑음,단일로 - 기타,승용,여,60세,경상,승용,여,53세,경상
2020101200100206,2020년 10월 12일 10시,월요일,광주광역시 동구 학동,경상사고,0,0,1,0,차대차 - 추돌,안전거리미확보,건조,맑음,단일로 - 기타,화물,남,52세,상해없음,승합,남,40세,상해없음
2020101200100207,2020년 10월 12일 10시,월요일,광주광역시 북구 연제동,중상사고,0,2,0,0,차대차 - 측면충돌,신호위반,건조,맑음,교차로 - 교차로안,화물,남,57세,상해없음,화물,남,33세,중상
2020101200100208,2020년 10월 12일 10시,월요일,광주광역시 북구 오치동,경상사고,0,0,1,0,차대차 - 추돌,중앙선침범,건조,맑음,단일로 - 기타,승용,남,40세,경상,승용,여,60세,상해없음
2020101200100286,2020년 10월 12일 12시,월요일,광주광역시 북구 양산동,경상사고,0,0,2,0,차대차 - 측면충돌,안전운전불이행,건조,맑음,교차로 - 교차로안,승용,여,37세,경상,승용,여,39세,경상
2020101200100310,2020년 10월 12일 13시,월요일,광주광역시 광산구 도천동,경상사고,0,0,1,0,차대차 - 기타,안전운전불이행,건조,맑음,단일로 - 기타,건설기계,남,64세,기타불명,승용,여,49세,경상
2020101200100318,2020년 10월 12일 13시,월요일,광주광역시 광산구 월계동,경상사고,0,0,1,0,차대차 - 기타,안전거리미확보,건조,맑음,교차로 - 교차로안,승용,남,48세,상해없음,이륜,남,38세,경상
2020101200100361,2020년 10월 12일 14시,월요일,광주광역시 서구 쌍촌동,경상사고,0,0,3,0,차대차 - 측면충돌,교차로운행방법위반,건조,맑음,교차로 - 교차로안,승용,남,74세,경상,승용,남,71세,경상
2020101200100362,2020년 10월 12일 14시,월요일,광주광역시 광산구 소촌동,경상사고,0,0,1,0,차대사람 - 기타,안전운전불이행,건조,맑음,교차로 - 교차로부근,승용,여,61세,상해없음,보행자,남,69세,경상
2020101200100458,2020년 10월 12일 16시,월요일,광주광역시 서구 광천동,중상사고,0,1,0,0,차대사람 - 횡단중,안전운전불이행,건조,맑음,교차로 - 교차로부근,승합,남,46세,상해없음,보행자,여,64세,중상
2020101200100459,2020년 10월 12일 16시,월요일,광주광역시 서구 치평동,경상사고,0,0,1,0,차대차 - 측면충돌,안전운전불이행,건조,맑음,교차로 - 교차로부근,승용,남,57세,상해없음,승용,남,60세,경상
2020101200100460,2020년 10월 12일 16시,월요일,광주광역시 북구 신안동,경상사고,0,0,1,0,차대차 - 측면충돌,안전거리미확보,건조,맑음,교차로 - 교차로부근,승용,남,75세,상해없음,승용,여,39세,경상
2020101200100461,2020년 10월 12일 16시,월요일,광주광역시 광산구 월계동,경상사고,0,0,1,0,차대차 - 측면충돌,안전운전불이행,건조,맑음,단일로 - 기타,승용,여,50세,상해없음,원동기,남,41세,경상
2020101200100503,2020년 10월 12일 17시,월요일,광주광역시 서구 유촌동,중상사고,0,1,0,0,차대사람 - 횡단중,보행자보호의무위반,건조,맑음,교차로 - 교차로안,특수,남,40세,상해없음,보행자,여,59세,중상
2020101200100504,2020년 10월 12일 17시,월요일,광주광역시 서구 매월동,경상사고,0,0,1,0,차대차 - 추돌,안전운전불이행,건조,맑음,교차로 - 교차로부근,승용,남,44세,상해없음,승용,여,58세,상해없음
2020101200100505,2020년 10월 12일 17시,월요일,광주광역시 북구 오치동,경상사고,0,0,1,0,차대차 - 측면충돌,안전운전불이행,건조,맑음,교차로 - 교차로안,승용,여,49세,상해없음,이륜,남,19세,경상
2020101200100506,2020년 10월 12일 17시,월요일,광주광역시 광산구 장덕동,경상사고,0,0,1,0,차대차 - 정면충돌,신호위반,건조,맑음,교차로 - 교차로안,승용,남,44세,상해없음,승용,여,41세,경상
2020101200100569,2020년 10월 12일 18시,월요일,광주광역시 서구 양동,중상사고,0,1,0,0,차대사람 - 보도통행중,기타,건조,맑음,단일로 - 기타,화물,남,51세,상해없음,보행자,남,75세,중상
2020101200100570,2020년 10월 12일 18시,월요일,광주광역시 남구 주월동,경상사고,0,0,1,0,차대차 - 측면충돌,교차로운행방법위반,건조,맑음,단일로 - 기타,승용,남,63세,상해없음,개인형이동수단(PM),남,47세,경상
2020101200100571,2020년 10월 12일 18시,월요일,광주광역시 광산구 송정동,경상사고,0,0,1,0,차대차 - 측면충돌,안전운전불이행,건조,맑음,단일로 - 기타,화물,남,45세,상해없음,자전거,여,64세,경상
2020101200100572,2020년 10월 12일 18시,월요일,광주광역시 광산구 쌍암동,중상사고,0,1,0,0,차대차 - 정면충돌,신호위반,건조,맑음,교차로 - 교차로안,승용,남,72세,상해없음,자전거,남,38세,중상
2020101200100617,2020년 10월 12일 19시,월요일,광주광역시 서구 화정동,경상사고,0,0,1,0,차대차 - 기타,안전운전불이행,건조,맑음,단일로 - 기타,승용,남,69세,상해없음,승용,남,35세,경상
2020101200100618,2020년 10월 12일 19시,월요일,광주광역시 북구 문흥동,경상사고,0,0,1,0,차대차 - 측면충돌,안전운전불이행,건조,맑음,단일로 - 기타,이륜,남,58세,상해없음,이륜,남,42세,경상
2020101200100619,2020년 10월 12일 19시,월요일,광주광역시 북구 문흥동,경상사고,0,0,1,0,차대차 - 기타,안전운전불이행,건조,맑음,단일로 - 기타,승용,남,38세,경상,건설기계,남,43세,상해없음
2020101200100620,2020년 10월 12일 19시,월요일,광주광역시 광산구 운남동,중상사고,0,1,1,0,차대차 - 측면충돌,신호위반,건조,맑음,교차로 - 교차로안,이륜,남,27세,중상,승용,남,27세,경상
2020101200100669,2020년 10월 12일 21시,월요일,광주광역시 북구 양산동,경상사고,0,0,2,0,차대차 - 추돌,안전운전불이행,건조,맑음,교차로 - 교차로부근,승합,남,40세,상해없음,승용,남,23세,경상
2020101200100682,2020년 10월 12일 22시,월요일,광주광역시 광산구 우산동,경상사고,0,0,1,0,차대사람 - 길가장자리구역통행중,안전운전불이행,건조,맑음,단일로 - 기타,승용,남,59세,상해없음,보행자,남,48세,경상
2020101300100067,2020년 10월 13일 07시,화요일,광주광역시 광산구 우산동,중상사고,0,1,0,0,차대차 - 측면충돌,안전운전불이행,건조,맑음,교차로 - 교차로안,승용,남,43세,상해없음,자전거,남,78세,중상
2020101300100117,2020년 10월 13일 08시,화요일,광주광역시 남구 월산동,경상사고,0,0,1,0,차대사람 - 횡단중,안전운전불이행,건조,맑음,교차로 - 교차로안,승용,남,34세,상해없음,보행자,남,69세,경상
2020101300100146,2020년 10월 13일 09시,화요일,광주광역시 북구 우산동,경상사고,0,0,1,0,차대차 - 측면충돌,중앙선침범,건조,맑음,단일로 - 기타,승용,남,61세,상해없음,승용,여,41세,경상
2020101300100186,2020년 10월 13일 10시,화요일,광주광역시 서구 광천동,경상사고,0,0,3,0,차대차 - 기타,안전운전불이행,건조,맑음,단일로 - 기타,승용,여,27세,경상,화물,남,46세,경상
2020101300100224,2020년 10월 13일 11시,화요일,광주광역시 동구 서석동,경상사고,0,0,3,0,차대차 - 측면충돌,안전거리미확보,건조,맑음,교차로 - 교차로부근,승용,남,68세,상해없음,승합,남,53세,상해없음
2020101300100370,2020년 10월 13일 15시,화요일,광주광역시 북구 운암동,경상사고,0,0,2,0,차대차 - 측면충돌,안전거리미확보,건조,맑음,단일로 - 기타,승용,남,68세,상해없음,승용,남,59세,경상
2020101300100458,2020년 10월 13일 17시,화요일,광주광역시 동구 용산동,경상사고,0,0,1,0,차대차 - 기타,안전거리미확보,건조,맑음,단일로 - 기타,승합,남,35세,상해없음,승용,남,38세,경상
2020101300100459,2020년 10월 13일 17시,화요일,광주광역시 남구 봉선동,중상사고,0,1,0,0,차대차 - 측면충돌,안전운전불이행,건조,맑음,단일로 - 기타,승용,여,70세,상해없음,자전거,남,79세,중상
2020101300100460,2020년 10월 13일 17시,화요일,광주광역시 광산구 우산동,경상사고,0,0,1,0,차대사람 - 기타,안전운전불이행,건조,맑음,단일로 - 기타,승용,여,47세,상해없음,보행자,남,55세,경상
2020101300100533,2020년 10월 13일 18시,화요일,광주광역시 서구 금호동,경상사고,0,0,1,0,차대차 - 기타,안전거리미확보,건조,맑음,교차로 - 교차로안,승용,여,54세,상해없음,이륜,남,24세,경상
2020101300100534,2020년 10월 13일 18시,화요일,광주광역시 광산구 월계동,경상사고,0,0,1,0,차대차 - 측면충돌,안전운전불이행,건조,맑음,단일로 - 기타,승용,남,55세,상해없음,승용,여,29세,경상
2020101300100598,2020년 10월 13일 20시,화요일,광주광역시 광산구 우산동,경상사고,0,0,1,0,차대차 - 측면충돌,안전거리미확보,건조,맑음,단일로 - 기타,승용,여,53세,상해없음,승용,여,48세,경상
2020101400100023,2020년 10월 14일 01시,수요일,광주광역시 서구 쌍촌동,경상사고,0,0,2,0,차대차 - 측면충돌,안전운전불이행,건조,맑음,단일로 - 기타,승용,남,64세,기타불명,승용,남,59세,경상
2020101400100059,2020년 10월 14일 06시,수요일,광주광역시 서구 쌍촌동,경상사고,0,0,1,0,차대차 - 측면충돌,안전거리미확보,건조,맑음,단일로 - 기타,승용,남,66세,상해없음,승용,여,25세,상해없음
2020101400100086,2020년 10월 14일 07시,수요일,광주광역시 광산구 소촌동,경상사고,0,0,1,0,차대차 - 추돌,안전운전불이행,건조,맑음,단일로 - 기타,승용,남,43세,상해없음,승용,남,68세,경상
2020101400100087,2020년 10월 14일 07시,수요일,광주광역시 광산구 신가동,경상사고,0,0,2,0,차대차 - 측면충돌,신호위반,건조,맑음,교차로 - 교차로안,승용,여,48세,경상,승용,남,28세,경상
2020101400100123,2020년 10월 14일 08시,수요일,광주광역시 광산구 도천동,경상사고,0,0,2,0,차대차 - 추돌,안전운전불이행,건조,맑음,단일로 - 기타,승용,여,33세,경상,승용,여,47세,경상
2020101400100124,2020년 10월 14일 08시,수요일,광주광역시 광산구 우산동,경상사고,0,0,2,0,차대차 - 측면충돌,안전운전불이행,건조,맑음,교차로 - 교차로안,승용,여,34세,경상,승용,여,41세,경상