사고번호,사고일시,요일,시군구,사고내용,사망자수,중상자수,경상자수,부상신고자수,사고유형,법규위반,노면상태,기상상태,도로형태,가해운전자 차종,가해운전자 성별,가해운전자 연령,가해운전자 상해정도,피해운전자 차종,피해운전자 성별,피해운전자 연령,피해운전자 상해정도
2020101400100154,2020년 10월 14일 09시,수요일,광주광역시 북구 문흥동,경상사고,0,0,1,0,차대차 - 기타,안전운전불이행,건조,맑음,교차로 - 교차로부근,승용,남,70세,상해없음,승용,여,51세,상해없음
2020101400100155,2020년 10월 14일 09시,수요일,광주광역시 북구 양산동,경상사고,0,0,1,0,차대차 - 기타,안전거리미확보,건조,맑음,단일로 - 기타,승용,여,51세,상해없음,승용,남,74세,경상
2020101400100184,2020년 10월 14일 10시,수요일,광주광역시 동구 산수동,경상사고,0,0,1,0,차대차 - 기타,안전운전불이행,건조,맑음,단일로 - 기타,승용,남,41세,상해없음,자전거,남,74세,경상
2020101400100185,2020년 10월 14일 10시,수요일,광주광역시 서구 화정동,경상사고,0,0,1,0,차대차 - 기타,안전운전불이행,건조,맑음,교차로 - 교차로안,승용,여,43세,상해없음,승용,여,49세,경상
2020101400100226,2020년 10월 14일 11시,수요일,광주광역시 동구 동명동,중상사고,0,1,0,0,차대차 - 측면충돌,안전운전불이행,건조,맑음,교차로 - 교차로안,개인형이동수단(PM),여,19세,중상,승용,남,52세,상해없음
2020101400100227,2020년 10월 14일 11시,수요일,광주광역시 광산구 산월동,경상사고,0,0,1,0,차대차 - 기타,교차로운행방법위반,건조,맑음,교차로 - 교차로안,승용,여,44세,기타불명,화물,남,28세,경상
2020101400100255,2020년 10월 14일 12시,수요일,광주광역시 동구 학동,사망사고,1,0,0,0,차대차 - 정면충돌,교차로운행방법위반,건조,맑음,교차로 - 교차로안,승용,여,71세,상해없음,자전거,남,64세,사망
2020101400100256,2020년 10월 14일 12시,수요일,광주광역시 광산구 신창동,부상신고사고,0,0,0,1,차대차 - 기타,안전운전불이행,건조,맑음,교차로 - 교차로안,화물,남,50세,상해없음,이륜,남,30세,부상신고
2020101400100289,2020년 10월 14일 13시,수요일,광주광역시 북구 유동,경상사고,0,0,1,0,차대차 - 기타,직진우회전진행방해,건조,맑음,교차로 - 교차로안,승용,여,48세,상해없음,이륜,남,34세,경상
2020101400100290,2020년 10월 14일 13시,수요일,광주광역시 광산구 수완동,경상사고,0,0,1,0,차대차 - 후진중충돌,안전운전불이행,건조,맑음,단일로 - 기타,화물,남,59세,상해없음,승용,여,29세,경상
2020101400100320,2020년 10월 14일 14시,수요일,광주광역시 남구 방림동,경상사고,0,0,1,0,차대차 - 측면충돌,교차로운행방법위반,건조,맑음,교차로 - 교차로안,승용,남,88세,상해없음,승용,여,64세,경상
2020101400100352,2020년 10월 14일 15시,수요일,광주광역시 광산구 소촌동,경상사고,0,0,1,0,차대차 - 측면충돌,차로위반,건조,맑음,단일로 - 기타,특수,남,57세,상해없음,승용,남,44세,경상
2020101400100389,2020년 10월 14일 16시,수요일,광주광역시 광산구 서봉동,중상사고,0,2,0,0,차대차 - 측면충돌,안전운전불이행,건조,맑음,교차로 - 교차로부근,화물,남,28세,상해없음,승용,여,59세,중상
2020101400100390,2020년 10월 14일 16시,수요일,광주광역시 광산구 신가동,경상사고,0,0,3,0,차대차 - 추돌,안전운전불이행,건조,맑음,단일로 - 기타,승용,남,19세,경상,승용,여,29세,경상
2020101400100432,2020년 10월 14일 17시,수요일,광주광역시 동구 학동,경상사고,0,0,1,0,차대차 - 측면충돌,신호위반,건조,맑음,교차로 - 교차로안,승용,여,63세,상해없음,화물,남,58세,경상
2020101400100433,2020년 10월 14일 17시,수요일,광주광역시 북구 삼각동,경상사고,0,0,1,0,차대차 - 추돌,안전거리미확보,건조,맑음,단일로 - 기타,승용,남,59세,상해없음,승용,남,40세,경상
2020101400100489,2020년 10월 14일 18시,수요일,광주광역시 남구 행암동,부상신고사고,0,0,0,1,차대차 - 기타,차로위반,건조,맑음,단일로 - 기타,화물,남,46세,상해없음,승용,남,39세,부상신고
2020101400100490,2020년 10월 14일 18시,수요일,광주광역시 남구 월산동,중상사고,0,1,1,0,차대차 - 추돌,안전운전불이행,건조,맑음,교차로 - 교차로안,이륜,남,62세,중상,승용,여,60세,상해없음
2020101400100574,2020년 10월 14일 20시,수요일,광주광역시 광산구 월곡동,중상사고,0,1,0,0,차대차 - 측면충돌,직진우회전진행방해,건조,맑음,교차로 - 교차로안,원동기,남,54세,중상,승용,남,31세,상해없음
2020101400100600,2020년 10월 14일 21시,수요일,광주광역시 남구 주월동,경상사고,0,0,3,0,차대차 - 측면충돌,안전운전불이행,건조,맑음,단일로 - 기타,승용,남,38세,상해없음,승용,남,64세,경상
2020101400100621,2020년 10월 14일 22시,수요일,광주광역시 북구 문흥동,경상사고,0,0,2,0,차대차 - 추돌,안전거리미확보,건조,맑음,기타 - 기타,승용,여,25세,상해없음,승용,여,48세,경상
2020101400100639,2020년 10월 14일 23시,수요일,광주광역시 광산구 신창동,경상사고,0,0,1,0,차대사람 - 길가장자리구역통행중,안전운전불이행,건조,맑음,단일로 - 기타,승용,남,34세,기타불명,보행자,남,27세,경상
2020101500100039,2020년 10월 15일 05시,목요일,광주광역시 동구 대인동,경상사고,0,0,1,2,차대차 - 기타,안전운전불이행,건조,맑음,단일로 - 기타,승용,남,36세,부상신고,승용,남,24세,경상
2020101500100040,2020년 10월 15일 05시,목요일,광주광역시 북구 일곡동,경상사고,0,0,1,0,차대차 - 측면충돌,안전운전불이행,건조,맑음,교차로 - 교차로안,승용,남,63세,상해없음,승용,남,24세,경상
2020101500100082,2020년 10월 15일 07시,목요일,광주광역시 서구 동천동,부상신고사고,0,0,0,1,차대차 - 기타,안전운전불이행,건조,맑음,교차로 - 교차로횡단보도내,자전거,여,53세,부상신고,승용,남,81세,상해없음
2020101500100083,2020년 10월 15일 07시,목요일,광주광역시 광산구 신가동,경상사고,0,0,1,0,차대차 - 측면충돌,안전운전불이행,건조,흐림,교차로 - 교차로안,기타불명,기타불명,미분류,기타불명,승용,남,44세,경상
2020101500100118,2020년 10월 15일 08시,목요일,광주광역시 서구 금호동,경상사고,0,0,1,0,차대차 - 측면충돌,안전거리미확보,건조,맑음,단일로 - 기타,승용,남,92세,상해없음,승용,여,35세,경상
2020101500100120,2020년 10월 15일 08시,목요일,광주광역시 광산구 하남동,경상사고,0,0,1,0,차대차 - 측면충돌,신호위반,건조,맑음,교차로 - 교차로부근,승용,남,28세,기타불명,승용,남,19세,경상
2020101500100156,2020년 10월 15일 09시,목요일,광주광역시 서구 광천동,경상사고,0,0,1,0,차대사람 - 차도통행중,안전운전불이행,건조,맑음,단일로 - 기타,승용,남,68세,상해없음,보행자,남,54세,경상
2020101500100191,2020년 10월 15일 10시,목요일,광주광역시 남구 봉선동,경상사고,0,0,1,0,차대차 - 측면충돌,안전거리미확보,건조,맑음,단일로 - 기타,승용,여,55세,상해없음,승용,여,35세,경상
2020101500100231,2020년 10월 15일 11시,목요일,광주광역시 광산구 신촌동,경상사고,0,0,2,0,차대차 - 기타,안전운전불이행,건조,맑음,단일로 - 기타,승용,남,63세,기타불명,승용,여,26세,경상
2020101500100271,2020년 10월 15일 12시,목요일,광주광역시 서구 양동,중상사고,0,1,0,0,차대사람 - 보도통행중,안전운전불이행,건조,맑음,교차로 - 교차로안,승용,여,43세,상해없음,보행자,여,76세,중상
2020101500100272,2020년 10월 15일 12시,목요일,광주광역시 북구 두암동,경상사고,0,0,1,0,차대차 - 측면충돌,안전거리미확보,건조,맑음,교차로 - 교차로부근,승합,남,70세,상해없음,승용,남,46세,경상
2020101500100273,2020년 10월 15일 12시,목요일,광주광역시 광산구 쌍암동,중상사고,0,1,1,0,차대차 - 측면충돌,교차로운행방법위반,건조,맑음,교차로 - 교차로안,이륜,남,25세,중상,승용,남,49세,경상
2020101500100313,2020년 10월 15일 13시,목요일,광주광역시 북구 두암동,경상사고,0,0,1,0,차대차 - 기타,안전운전불이행,건조,맑음,기타 - 기타,화물,남,38세,상해없음,원동기,남,65세,경상
2020101500100390,2020년 10월 15일 15시,목요일,광주광역시 남구 봉선동,경상사고,0,0,2,0,차대차 - 기타,안전운전불이행,건조,맑음,단일로 - 기타,승용,남,65세,상해없음,승용,여,44세,경상
2020101500100431,2020년 10월 15일 16시,목요일,광주광역시 광산구 월계동,경상사고,0,0,1,0,차대차 - 기타,불법유턴,건조,맑음,단일로 - 기타,자전거,여,10세,경상,승용,여,52세,상해없음
2020101500100489,2020년 10월 15일 17시,목요일,광주광역시 서구 동천동,중상사고,0,1,0,0,차대사람 - 기타,안전운전불이행,건조,맑음,단일로 - 기타,승용,여,37세,상해없음,보행자,여,52세,중상
2020101500100490,2020년 10월 15일 17시,목요일,광주광역시 서구 쌍촌동,경상사고,0,0,1,0,차대차 - 측면충돌,신호위반,건조,맑음,교차로 - 교차로안,승용,남,73세,상해없음,승용,남,30세,경상
2020101500100491,2020년 10월 15일 17시,목요일,광주광역시 북구 연제동,경상사고,0,0,1,0,차대차 - 추돌,안전운전불이행,건조,맑음,교차로 - 교차로안,승용,여,62세,상해없음,이륜,남,44세,경상
2020101500100492,2020년 10월 15일 17시,목요일,광주광역시 북구 풍향동,경상사고,0,0,1,0,차대사람 - 기타,안전운전불이행,건조,맑음,단일로 - 기타,승용,남,77세,상해없음,보행자,여,38세,경상
2020101500100566,2020년 10월 15일 18시,목요일,광주광역시 북구 오치동,경상사고,0,0,2,0,차대차 - 측면충돌,직진우회전진행방해,건조,맑음,교차로 - 교차로안,승용,여,40세,경상,승용,여,47세,경상
2020101500100567,2020년 10월 15일 18시,목요일,광주광역시 광산구 쌍암동,경상사고,0,0,1,0,차대차 - 정면충돌,신호위반,건조,맑음,교차로 - 교차로안,승용,남,63세,상해없음,이륜,남,30세,경상
2020101500100568,2020년 10월 15일 18시,목요일,광주광역시 광산구 우산동,경상사고,0,0,2,1,차대차 - 측면충돌,교차로운행방법위반,건조,맑음,교차로 - 교차로안,승용,남,49세,부상신고,승합,남,62세,경상
2020101500100569,2020년 10월 15일 18시,목요일,광주광역시 광산구 우산동,경상사고,0,0,1,0,차대차 - 기타,차로위반,건조,맑음,단일로 - 기타,기타불명,기타불명,미분류,기타불명,승합,남,35세,상해없음
2020101500100617,2020년 10월 15일 19시,목요일,광주광역시 광산구 운남동,경상사고,0,0,1,0,차대차 - 측면충돌,안전운전불이행,건조,맑음,교차로 - 교차로안,승용,남,46세,상해없음,이륜,남,27세,경상
2020101500100618,2020년 10월 15일 19시,목요일,광주광역시 광산구 장덕동,경상사고,0,0,2,0,차대차 - 추돌,안전운전불이행,건조,맑음,교차로 - 교차로부근,승용,여,25세,상해없음,승용,여,48세,경상
2020101500100619,2020년 10월 15일 19시,목요일,광주광역시 광산구 선암동,경상사고,0,0,1,0,차대차 - 추돌,안전운전불이행,건조,맑음,교차로 - 교차로안,승용,여,21세,상해없음,승용,남,32세,경상
2020101500100643,2020년 10월 15일 20시,목요일,광주광역시 서구 유촌동,경상사고,0,0,2,0,차대차 - 측면충돌,안전거리미확보,건조,맑음,교차로 - 교차로부근,화물,남,42세,상해없음,승용,남,27세,경상
2020101500100644,2020년 10월 15일 20시,목요일,광주광역시 광산구 수완동,경상사고,0,0,1,0,차대차 - 측면충돌,안전운전불이행,건조,맑음,교차로 - 교차로안,승용,남,49세,상해없음,승용,남,65세,경상
2020101500100687,2020년 10월 15일 22시,목요일,광주광역시 북구 연제동,경상사고,0,0,1,0,차대차 - 기타,신호위반,건조,맑음,교차로 - 교차로부근,승용,여,56세,상해없음,승용,남,29세,경상
2020101600100061,2020년 10월 16일 06시,금요일,광주광역시 서구 화정동,경상사고,0,0,1,0,차대사람 - 횡단중,안전운전불이행,건조,맑음,단일로 - 기타,승용,남,28세,상해없음,보행자,남,77세,경상
2020101600100111,2020년 10월 16일 08시,금요일,광주광역시 북구 용봉동,중상사고,0,1,0,0,차대사람 - 횡단중,안전운전불이행,건조,맑음,단일로 - 기타,승용,남,64세,상해없음,보행자,여,18세,중상
2020101600100112,2020년 10월 16일 08시,금요일,광주광역시 광산구 운남동,경상사고,0,0,1,0,차대차 - 측면충돌,차로위반,건조,맑음,교차로 - 교차로안,승용,여,49세,상해없음,승용,남,54세,경상
2020101600100198,2020년 10월 16일 11시,금요일,광주광역시 동구 장동,중상사고,0,1,1,0,차대차 - 기타,안전거리미확보,건조,맑음,단일로 - 기타,승용,남,72세,상해없음,이륜,남,26세,경상
2020101600100200,2020년 10월 16일 11시,금요일,광주광역시 광산구 월전동,경상사고,0,0,1,0,차대차 - 측면충돌,안전운전불이행,건조,맑음,교차로 - 교차로부근,특수,남,43세,상해없음,승용,남,50세,경상
2020101600100264,2020년 10월 16일 13시,금요일,광주광역시 서구 광천동,경상사고,0,0,1,0,차대차 - 추돌,안전거리미확보,건조,맑음,교차로 - 교차로부근,승용,여,57세,상해없음,승용,남,23세,경상
2020101600100265,2020년 10월 16일 13시,금요일,광주광역시 남구 송하동,경상사고,0,0,1,0,차대차 - 측면충돌,안전거리미확보,건조,맑음,단일로 - 기타,건설기계,남,52세,상해없음,승용,여,61세,경상
2020101600100266,2020년 10월 16일 13시,금요일,광주광역시 북구 중흥동,경상사고,0,0,1,0,차대차 - 기타,교차로운행방법위반,건조,맑음,교차로 - 교차로안,화물,남,34세,상해없음,이륜,남,22세,경상
2020101600100300,2020년 10월 16일 14시,금요일,광주광역시 남구 방림동,경상사고,0,0,1,0,차대차 - 측면충돌,안전거리미확보,건조,맑음,단일로 - 기타,건설기계,남,57세,상해없음,승용,여,38세,경상
2020101600100301,2020년 10월 16일 14시,금요일,광주광역시 광산구 하남동,중상사고,0,1,1,0,차대차 - 측면충돌,교차로운행방법위반,건조,맑음,교차로 - 교차로안,승용,남,66세,중상,승용,여,36세,경상
2020101600100435,2020년 10월 16일 17시,금요일,광주광역시 남구 방림동,경상사고,0,0,1,0,차대차 - 측면충돌,안전거리미확보,건조,맑음,교차로 - 교차로부근,승용,여,60세,상해없음,원동기,남,48세,경상
2020101600100512,2020년 10월 16일 18시,금요일,광주광역시 동구 소태동,경상사고,0,0,1,0,차대차 - 기타,신호위반,건조,맑음,단일로 - 기타,승용,여,22세,상해없음,화물,남,50세,경상
2020101600100513,2020년 10월 16일 18시,금요일,광주광역시 서구 내방동,중상사고,0,1,0,0,차대사람 - 기타,안전운전불이행,건조,흐림,단일로 - 기타,승용,여,38세,상해없음,보행자,여,65세,중상
2020101600100514,2020년 10월 16일 18시,금요일,광주광역시 서구 광천동,경상사고,0,0,1,0,차대차 - 추돌,안전거리미확보,건조,맑음,단일로 - 기타,화물,여,59세,상해없음,승용,남,38세,경상
2020101600100515,2020년 10월 16일 18시,금요일,광주광역시 북구 중흥동,중상사고,0,1,1,0,차대차 - 측면충돌,교차로운행방법위반,건조,맑음,교차로 - 교차로안,이륜,남,46세,경상,이륜,남,31세,중상
2020101600100566,2020년 10월 16일 19시,금요일,광주광역시 광산구 하남동,중상사고,0,1,1,0,차대차 - 정면충돌,직진우회전진행방해,건조,맑음,교차로 - 교차로안,승용,남,59세,중상,승용,남,31세,경상
2020101600100567,2020년 10월 16일 19시,금요일,광주광역시 광산구 장덕동,중상사고,0,1,0,0,차대차 - 측면충돌,신호위반,건조,맑음,교차로 - 교차로횡단보도내,승용,남,57세,상해없음,자전거,남,42세,중상
2020101600100568,2020년 10월 16일 19시,금요일,광주광역시 광산구 월곡동,경상사고,0,0,1,0,차대차 - 기타,안전운전불이행,건조,맑음,단일로 - 기타,승용,여,57세,상해없음,개인형이동수단(PM),남,34세,경상
2020101600100599,2020년 10월 16일 20시,금요일,광주광역시 북구 두암동,경상사고,0,0,2,0,차대차 - 기타,과속,건조,맑음,교차로 - 교차로부근,이륜,남,42세,경상,승용,남,62세,경상
2020101600100627,2020년 10월 16일 21시,금요일,광주광역시 동구 대인동,경상사고,0,0,2,0,차대차 - 기타,신호위반,건조,맑음,교차로 - 교차로안,승용,남,50세,상해없음,승용,여,25세,경상
2020101600100628,2020년 10월 16일 21시,금요일,광주광역시 북구 용봉동,경상사고,0,0,2,0,차대차 - 추돌,안전운전불이행,건조,맑음,교차로 - 교차로부근,승용,남,23세,상해없음,승용,여,38세,경상
2020101600100629,2020년 10월 16일 21시,금요일,광주광역시 북구 오룡동,중상사고,0,1,0,0,차대차 - 기타,안전거리미확보,건조,맑음,교차로 - 교차로부근,기타불명,기타불명,미분류,기타불명,자전거,여,26세,중상
2020101600100630,2020년 10월 16일 21시,금요일,광주광역시 광산구 송정동,경상사고,0,0,1,0,차대차 - 추돌,안전운전불이행,건조,맑음,단일로 - 기타,승합,남,62세,상해없음,이륜,남,27세,경상
2020101700100024,2020년 10월 17일 00시,토요일,광주광역시 남구 주월동,경상사고,0,0,2,0,차대차 - 측면충돌,안전거리미확보,건조,맑음,단일로 - 기타,원동기,남,21세,경상,승용,여,18세,경상
2020101700100053,2020년 10월 17일 03시,토요일,광주광역시 광산구 송정동,중상사고,0,1,2,0,차대차 - 기타,안전운전불이행,건조,맑음,교차로 - 교차로안,이륜,남,19세,경상,승용,남,66세,경상
2020101700100084,2020년 10월 17일 06시,토요일,광주광역시 북구 신용동,경상사고,0,0,1,0,차대차 - 추돌,안전운전불이행,건조,맑음,단일로 - 기타,승용,여,43세,상해없음,승용,남,45세,경상
2020101700100122,2020년 10월 17일 08시,토요일,광주광역시 동구 금남로5가,경상사고,0,0,1,0,차대사람 - 횡단중,보행자보호의무위반,건조,맑음,단일로 - 기타,승용,남,24세,상해없음,보행자,여,24세,경상
2020101700100123,2020년 10월 17일 08시,토요일,광주광역시 서구 쌍촌동,경상사고,0,0,1,0,차대차 - 기타,안전운전불이행,건조,맑음,교차로 - 교차로부근,승용,남,36세,기타불명,승용,남,59세,경상
2020101700100124,2020년 10월 17일 08시,토요일,광주광역시 남구 칠석동,경상사고,0,0,1,1,차대차 - 측면충돌,안전운전불이행,건조,맑음,교차로 - 교차로안,화물,남,68세,부상신고,화물,남,44세,경상
2020101700100125,2020년 10월 17일 08시,토요일,광주광역시 북구 동림동,경상사고,0,0,1,0,차대차 - 측면충돌,안전운전불이행,건조,맑음,단일로 - 기타,승용,남,40세,기타불명,승용,남,63세,경상
2020101700100149,2020년 10월 17일 09시,토요일,광주광역시 동구 학동,경상사고,0,0,1,0,차대차 - 기타,안전운전불이행,건조,맑음,교차로 - 교차로부근,건설기계,남,43세,상해없음,승용,남,71세,경상
2020101700100227,2020년 10월 17일 11시,토요일,광주광역시 광산구 선암동,경상사고,0,0,1,0,차대차 - 측면충돌,신호위반,건조,맑음,교차로 - 교차로안,승용,여,63세,상해없음,특수,남,40세,경상
2020101700100282,2020년 10월 17일 12시,토요일,광주광역시 서구 쌍촌동,경상사고,0,0,1,0,차대차 - 기타,안전운전불이행,건조,맑음,단일로 - 기타,승용,남,36세,상해없음,원동기,남,26세,경상
2020101700100283,2020년 10월 17일 12시,토요일,광주광역시 북구 운정동,중상사고,0,1,0,0,차대사람 - 기타,안전운전불이행,건조,맑음,주차장 - 주차장,승용,남,57세,상해없음,보행자,여,75세,중상
2020101700100322,2020년 10월 17일 13시,토요일,광주광역시 동구 산수동,경상사고,0,0,2,0,차대차 - 기타,안전거리미확보,건조,맑음,단일로 - 기타,승용,남,72세,경상,원동기,남,22세,경상
2020101700100323,2020년 10월 17일 13시,토요일,광주광역시 서구 치평동,경상사고,0,0,1,0,차대차 - 추돌,안전운전불이행,건조,맑음,단일로 - 기타,건설기계,남,56세,상해없음,승용,남,42세,경상
2020101700100497,2020년 10월 17일 17시,토요일,광주광역시 서구 금호동,경상사고,0,0,4,0,차대차 - 측면충돌,안전운전불이행,건조,맑음,단일로 - 기타,승용,남,86세,상해없음,승용,남,51세,경상
2020101700100498,2020년 10월 17일 17시,토요일,광주광역시 북구 동림동,경상사고,0,0,1,0,차대차 - 기타,안전거리미확보,건조,맑음,단일로 - 기타,승용,여,62세,상해없음,승용,남,53세,상해없음
2020101700100499,2020년 10월 17일 17시,토요일,광주광역시 광산구 선암동,경상사고,0,0,1,0,차대차 - 측면충돌,차로위반,건조,맑음,단일로 - 기타,승용,남,68세,상해없음,승용,남,41세,상해없음
2020101700100560,2020년 10월 17일 18시,토요일,광주광역시 동구 산수동,중상사고,0,1,0,0,차대차 - 기타,안전운전불이행,건조,맑음,단일로 - 기타,승용,남,55세,상해없음,원동기,남,25세,중상
2020101700100561,2020년 10월 17일 18시,토요일,광주광역시 서구 쌍촌동,경상사고,0,0,1,0,차대차 - 측면충돌,안전운전불이행,건조,맑음,교차로 - 교차로안,승용,남,54세,상해없음,이륜,남,43세,경상
2020101700100562,2020년 10월 17일 18시,토요일,광주광역시 서구 벽진동,경상사고,0,0,2,0,차대차 - 측면충돌,안전운전불이행,건조,맑음,교차로 - 교차로안,승용,남,62세,상해없음,승용,남,34세,경상
2020101700100621,2020년 10월 17일 19시,토요일,광주광역시 동구 산수동,중상사고,0,1,0,0,차대사람 - 기타,안전운전불이행,건조,맑음,교차로 - 교차로횡단보도내,승용,남,27세,상해없음,보행자,여,70세,중상
2020101700100622,2020년 10월 17일 19시,토요일,광주광역시 남구 양림동,경상사고,0,0,1,0,차대차 - 측면충돌,안전운전불이행,건조,맑음,교차로 - 교차로부근,이륜,남,18세,상해없음,승용,남,64세,상해없음
2020101700100623,2020년 10월 17일 19시,토요일,광주광역시 북구 운암동,경상사고,0,0,1,0,차대차 - 기타,안전운전불이행,건조,맑음,단일로 - 기타,승용,남,22세,상해없음,승용,남,49세,경상
2020101700100686,2020년 10월 17일 21시,토요일,광주광역시 동구 산수동,경상사고,0,0,1,0,차대사람 - 기타,보행자보호의무위반,건조,맑음,교차로 - 교차로횡단보도내,승용,남,59세,상해없음,보행자,남,60세,경상
2020101700100709,2020년 10월 17일 22시,토요일,광주광역시 서구 매월동,경상사고,0,0,4,0,차대차 - 측면충돌,신호위반,건조,맑음,교차로 - 교차로안,승용,남,64세,경상,승용,여,48세,경상
2020101800100016,2020년 10월 18일 00시,일요일,광주광역시 북구 운암동,경상사고,0,0,1,0,차대차 - 추돌,안전운전불이행,건조,맑음,단일로 - 기타,승용,남,27세,상해없음,승용,남,64세,경상
2020101800100028,2020년 10월 18일 01시,일요일,광주광역시 광산구 수완동,경상사고,0,0,1,0,차대차 - 측면충돌,안전운전불이행,건조,맑음,단일로 - 기타,승용,남,46세,상해없음,승용,남,32세,기타불명
2020101800100045,2020년 10월 18일 03시,일요일,광주광역시 광산구 월계동,경상사고,0,0,2,0,차대차 - 측면충돌,교차로운행방법위반,건조,맑음,교차로 - 교차로안,승용,남,63세,경상,승용,남,53세,경상
2020101800100051,2020년 10월 18일 04시,일요일,광주광역시 서구 내방동,중상사고,0,1,0,0,차대사람 - 횡단중,안전운전불이행,건조,맑음,단일로 - 기타,승용,남,23세,상해없음,보행자,남,33세,중상
2020101800100052,2020년 10월 18일 04시,일요일,광주광역시 북구 용전동,중상사고,0,3,1,0,차량단독 - 공작물충돌,안전운전불이행,건조,맑음,단일로 - 기타,승용,남,18세,중상,,,,
2020101800100110,2020년 10월 18일 08시,일요일,광주광역시 서구 농성동,중상사고,0,1,5,1,차대차 - 추돌,안전운전불이행,건조,맑음,단일로 - 기타,승용,남,25세,상해없음,승용,남,35세,중상
2020101800100152,2020년 10월 18일 10시,일요일,광주광역시 동구 불로동,경상사고,0,0,3,0,차대차 - 기타,교차로운행방법위반,건조,맑음,교차로 - 교차로안,승용,여,29세,경상,승용,남,27세,경상
2020101800100176,2020년 10월 18일 11시,일요일,광주광역시 광산구 수완동,경상사고,0,0,2,0,차대차 - 추돌,안전운전불이행,건조,맑음,교차로 - 교차로부근,승용,남,18세,상해없음,승용,남,24세,경상
2020101800100273,2020년 10월 18일 14시,일요일,광주광역시 서구 유촌동,경상사고,0,0,1,0,차대차 - 추돌,안전운전불이행,건조,맑음,교차로 - 교차로부근,승용,남,46세,상해없음,승용,남,52세,경상
2020101800100315,2020년 10월 18일 15시,일요일,광주광역시 서구 농성동,경상사고,0,0,1,0,차대차 - 측면충돌,안전거리미확보,건조,맑음,단일로 - 기타,승용,남,29세,상해없음,승용,남,54세,경상
2020101800100316,2020년 10월 18일 15시,일요일,광주광역시 남구 양림동,경상사고,0,0,4,0,차대차 - 정면충돌,안전운전불이행,건조,맑음,단일로 - 기타,화물,남,49세,상해없음,승용,여,43세,경상
2020101800100317,2020년 10월 18일 15시,일요일,광주광역시 남구 임암동,경상사고,0,0,4,0,차대차 - 측면충돌,안전거리미확보,건조,맑음,단일로 - 기타,승용,남,60세,상해없음,승용,남,68세,경상
2020101800100318,2020년 10월 18일 15시,일요일,광주광역시 북구 임동,경상사고,0,0,2,0,차대차 - 측면충돌,신호위반,건조,맑음,교차로 - 교차로안,승용,여,46세,상해없음,승용,여,42세,경상
2020101800100404,2020년 10월 18일 17시,일요일,광주광역시 서구 풍암동,경상사고,0,0,2,0,차대차 - 측면충돌,안전운전불이행,건조,맑음,단일로 - 기타,승용,남,19세,상해없음,승용,남,55세,경상
2020101800100405,2020년 10월 18일 17시,일요일,광주광역시 서구 치평동,경상사고,0,0,1,0,차대차 - 추돌,안전운전불이행,건조,맑음,단일로 - 기타,화물,남,52세,상해없음,승용,남,62세,경상
2020101800100406,2020년 10월 18일 17시,일요일,광주광역시 서구 광천동,경상사고,0,0,3,0,차대차 - 기타,안전거리미확보,건조,맑음,단일로 - 기타,승용,여,41세,상해없음,승용,여,35세,경상
2020101800100407,2020년 10월 18일 17시,일요일,광주광역시 서구 치평동,경상사고,0,0,1,0,차대차 - 기타,안전운전불이행,건조,맑음,단일로 - 기타,승용,남,51세,상해없음,원동기,남,37세,경상
2020101800100408,2020년 10월 18일 17시,일요일,광주광역시 남구 지석동,사망사고,1,0,0,0,차대차 - 측면충돌,신호위반,건조,맑음,교차로 - 교차로안,이륜,남,15세,사망,승합,남,66세,상해없음
2020101800100409,2020년 10월 18일 17시,일요일,광주광역시 남구 주월동,경상사고,0,0,1,0,차대차 - 측면충돌,신호위반,건조,맑음,교차로 - 교차로안,승용,여,37세,상해없음,이륜,남,30세,경상
2020101800100410,2020년 10월 18일 17시,일요일,광주광역시 북구 각화동,경상사고,0,0,1,0,차대사람 - 기타,안전운전불이행,건조,맑음,단일로 - 기타,승용,남,65세,상해없음,보행자,남,29세,경상
2020101800100411,2020년 10월 18일 17시,일요일,광주광역시 광산구 본덕동,중상사고,0,1,0,0,차대차 - 정면충돌,안전운전불이행,건조,맑음,단일로 - 기타,승용,남,48세,상해없음,자전거,여,69세,중상
2020101800100412,2020년 10월 18일 17시,일요일,광주광역시 광산구 송정동,경상사고,0,0,1,0,차대차 - 측면충돌,안전운전불이행,건조,맑음,교차로 - 교차로안,승용,남,71세,상해없음,승용,여,38세,경상
2020101800100455,2020년 10월 18일 18시,일요일,광주광역시 서구 풍암동,중상사고,0,1,0,0,차대사람 - 횡단중,보행자보호의무위반,건조,맑음,교차로 - 교차로횡단보도내,승용,남,32세,상해없음,보행자,여,13세,중상
2020101800100456,2020년 10월 18일 18시,일요일,광주광역시 북구 용봉동,경상사고,0,0,1,0,차대차 - 측면충돌,안전운전불이행,건조,맑음,교차로 - 교차로부근,승용,남,43세,상해없음,이륜,남,51세,경상
2020101800100497,2020년 10월 18일 19시,일요일,광주광역시 서구 화정동,경상사고,0,0,4,0,차대차 - 측면충돌,안전운전불이행,젖음/습기,맑음,단일로 - 기타,승용,남,55세,상해없음,승용,남,42세,경상