사고번호,사고일시,요일,시군구,사고내용,사망자수,중상자수,경상자수,부상신고자수,사고유형,법규위반,노면상태,기상상태,도로형태,가해운전자 차종,가해운전자 성별,가해운전자 연령,가해운전자 상해정도,피해운전자 차종,피해운전자 성별,피해운전자 연령,피해운전자 상해정도
2020101800100498,2020년 10월 18일 19시,일요일,광주광역시 북구 임동,경상사고,0,0,4,0,차대차 - 측면충돌,차로위반,건조,맑음,교차로 - 교차로안,승용,남,44세,상해없음,승용,남,24세,경상
2020101800100520,2020년 10월 18일 20시,일요일,광주광역시 남구 지석동,경상사고,0,0,4,0,차대차 - 추돌,안전운전불이행,건조,맑음,단일로 - 기타,화물,남,55세,상해없음,승용,남,43세,경상
2020101800100550,2020년 10월 18일 22시,일요일,광주광역시 북구 월출동,경상사고,0,0,2,0,차대차 - 추돌,안전운전불이행,건조,맑음,교차로 - 교차로안,화물,여,55세,경상,승용,남,36세,경상
2020101800100558,2020년 10월 18일 23시,일요일,광주광역시 북구 운암동,경상사고,0,0,1,0,차대사람 - 기타,안전운전불이행,건조,맑음,단일로 - 기타,승용,남,63세,상해없음,보행자,여,46세,경상
2020101900100012,2020년 10월 19일 01시,월요일,광주광역시 광산구 신창동,경상사고,0,0,1,0,차대차 - 측면충돌,안전운전불이행,건조,맑음,교차로 - 교차로안,승용,남,25세,상해없음,승용,남,24세,경상
2020101900100059,2020년 10월 19일 06시,월요일,광주광역시 남구 백운동,경상사고,0,0,1,0,차대차 - 측면충돌,안전운전불이행,건조,맑음,기타 - 기타,이륜,남,28세,경상,승용,여,57세,상해없음
2020101900100060,2020년 10월 19일 06시,월요일,광주광역시 북구 두암동,중상사고,0,1,0,0,차대사람 - 횡단중,안전운전불이행,건조,맑음,단일로 - 기타,승용,남,25세,상해없음,보행자,여,81세,중상
2020101900100087,2020년 10월 19일 07시,월요일,광주광역시 서구 풍암동,경상사고,0,0,1,0,차대차 - 추돌,안전운전불이행,건조,맑음,단일로 - 기타,화물,남,55세,상해없음,승용,남,40세,경상
2020101900100088,2020년 10월 19일 07시,월요일,광주광역시 서구 치평동,경상사고,0,0,2,0,차대차 - 측면충돌,안전거리미확보,건조,맑음,단일로 - 기타,승용,여,22세,경상,승용,남,71세,경상
2020101900100144,2020년 10월 19일 08시,월요일,광주광역시 남구 송하동,경상사고,0,0,3,0,차대차 - 추돌,안전거리미확보,건조,맑음,단일로 - 터널,승용,남,68세,상해없음,승용,여,50세,경상
2020101900100145,2020년 10월 19일 08시,월요일,광주광역시 광산구 연산동,중상사고,0,1,2,1,차대차 - 측면충돌,신호위반,건조,맑음,교차로 - 교차로안,화물,여,63세,부상신고,화물,남,54세,경상
2020101900100189,2020년 10월 19일 09시,월요일,광주광역시 광산구 쌍암동,중상사고,0,1,0,0,차대사람 - 기타,안전운전불이행,건조,맑음,기타 - 기타,개인형이동수단(PM),여,22세,상해없음,보행자,여,81세,중상
2020101900100230,2020년 10월 19일 10시,월요일,광주광역시 서구 금호동,경상사고,0,0,1,0,차대차 - 추돌,안전거리미확보,건조,맑음,단일로 - 기타,승용,남,86세,상해없음,화물,남,43세,경상
2020101900100231,2020년 10월 19일 10시,월요일,광주광역시 남구 지석동,중상사고,0,2,1,0,차대차 - 기타,중앙선침범,건조,맑음,단일로 - 기타,화물,남,76세,중상,승합,남,72세,상해없음
2020101900100263,2020년 10월 19일 11시,월요일,광주광역시 서구 금호동,경상사고,0,0,1,0,차대차 - 측면충돌,차로위반,건조,맑음,단일로 - 기타,승용,남,67세,상해없음,승용,남,66세,경상
2020101900100304,2020년 10월 19일 12시,월요일,광주광역시 서구 농성동,경상사고,0,0,2,1,차대차 - 추돌,안전운전불이행,건조,맑음,기타 - 기타,승용,남,54세,상해없음,화물,남,28세,부상신고
2020101900100354,2020년 10월 19일 13시,월요일,광주광역시 북구 오치동,경상사고,0,0,1,0,차대사람 - 기타,안전운전불이행,건조,맑음,단일로 - 기타,화물,여,59세,상해없음,보행자,남,46세,경상
2020101900100355,2020년 10월 19일 13시,월요일,광주광역시 광산구 송정동,경상사고,0,0,1,0,차대사람 - 길가장자리구역통행중,안전운전불이행,건조,맑음,단일로 - 기타,승용,여,70세,상해없음,보행자,남,33세,경상
2020101900100394,2020년 10월 19일 14시,월요일,광주광역시 북구 문흥동,경상사고,0,0,1,0,차대차 - 기타,중앙선침범,건조,맑음,단일로 - 기타,원동기,남,93세,경상,승용,남,57세,상해없음
2020101900100395,2020년 10월 19일 14시,월요일,광주광역시 광산구 월계동,경상사고,0,0,1,0,차대차 - 측면충돌,신호위반,건조,맑음,단일로 - 기타,승용,여,44세,상해없음,자전거,남,81세,경상
2020101900100474,2020년 10월 19일 16시,월요일,광주광역시 남구 봉선동,경상사고,0,0,1,0,차대차 - 기타,안전거리미확보,건조,맑음,교차로 - 교차로부근,승용,남,46세,상해없음,승용,여,51세,경상
2020101900100475,2020년 10월 19일 16시,월요일,광주광역시 북구 임동,경상사고,0,0,2,0,차대차 - 측면충돌,안전거리미확보,건조,맑음,교차로 - 교차로안,승용,여,34세,기타불명,승용,남,24세,경상
2020101900100526,2020년 10월 19일 17시,월요일,광주광역시 광산구 우산동,부상신고사고,0,0,0,1,차대차 - 추돌,안전운전불이행,건조,맑음,교차로 - 교차로부근,이륜,남,38세,부상신고,승용,남,39세,상해없음
2020101900100585,2020년 10월 19일 18시,월요일,광주광역시 서구 서창동,경상사고,0,0,1,0,차대차 - 기타,안전운전불이행,건조,흐림,단일로 - 기타,건설기계,남,53세,상해없음,승용,여,43세,경상
2020101900100637,2020년 10월 19일 19시,월요일,광주광역시 광산구 소촌동,경상사고,0,0,1,0,차대차 - 추돌,불법유턴,건조,맑음,단일로 - 기타,화물,남,53세,상해없음,승용,남,54세,경상
2020101900100665,2020년 10월 19일 20시,월요일,광주광역시 서구 덕흥동,경상사고,0,0,1,0,차대차 - 추돌,안전거리미확보,건조,맑음,교차로 - 교차로안,승용,남,23세,상해없음,승용,남,37세,경상
2020101900100666,2020년 10월 19일 20시,월요일,광주광역시 북구 일곡동,경상사고,0,0,1,0,차대차 - 기타,중앙선침범,건조,맑음,단일로 - 기타,자전거,남,59세,경상,승용,남,40세,상해없음
2020101900100709,2020년 10월 19일 22시,월요일,광주광역시 서구 덕흥동,경상사고,0,0,1,0,차대차 - 추돌,안전운전불이행,건조,맑음,단일로 - 기타,승용,남,19세,상해없음,승용,남,49세,경상
2020101900100710,2020년 10월 19일 22시,월요일,광주광역시 북구 신용동,경상사고,0,0,2,0,차대차 - 측면충돌,차로위반,건조,맑음,단일로 - 기타,승용,남,44세,경상,승합,남,57세,경상
2020101900100711,2020년 10월 19일 22시,월요일,광주광역시 북구 두암동,경상사고,0,0,1,0,차대차 - 기타,안전운전불이행,건조,맑음,단일로 - 기타,승용,남,47세,상해없음,이륜,남,19세,경상
2020101900100712,2020년 10월 19일 22시,월요일,광주광역시 광산구 월계동,부상신고사고,0,0,0,1,차대차 - 정면충돌,중앙선침범,건조,맑음,교차로 - 교차로부근,개인형이동수단(PM),남,34세,부상신고,승용,남,51세,상해없음
2020102000100021,2020년 10월 20일 03시,화요일,광주광역시 남구 주월동,사망사고,1,0,0,0,차량단독 - 공작물충돌,안전운전불이행,건조,맑음,단일로 - 기타,이륜,남,26세,사망,,,,
2020102000100119,2020년 10월 20일 08시,화요일,광주광역시 남구 봉선동,경상사고,0,0,1,0,차대차 - 측면충돌,안전운전불이행,건조,맑음,교차로 - 교차로안,승용,여,42세,상해없음,자전거,남,52세,경상
2020102000100120,2020년 10월 20일 08시,화요일,광주광역시 북구 연제동,부상신고사고,0,0,0,1,차량단독 - 기타,안전운전불이행,건조,맑음,교차로 - 교차로부근,승용,여,38세,부상신고,,,,
2020102000100121,2020년 10월 20일 08시,화요일,광주광역시 북구 운암동,경상사고,0,0,1,0,차대차 - 추돌,안전거리미확보,건조,맑음,단일로 - 기타,승용,남,35세,기타불명,승용,남,49세,경상
2020102000100122,2020년 10월 20일 08시,화요일,광주광역시 북구 중흥동,경상사고,0,0,2,0,차대차 - 측면충돌,안전운전불이행,건조,맑음,단일로 - 기타,승용,남,46세,경상,화물,남,52세,경상
2020102000100192,2020년 10월 20일 10시,화요일,광주광역시 남구 월산동,경상사고,0,0,1,0,차대차 - 측면충돌,안전운전불이행,건조,맑음,교차로 - 교차로안,승용,남,71세,상해없음,승용,여,38세,경상
2020102000100193,2020년 10월 20일 10시,화요일,광주광역시 남구 진월동,경상사고,0,0,1,0,차대사람 - 횡단중,신호위반,건조,맑음,단일로 - 기타,기타불명,기타불명,미분류,기타불명,보행자,여,65세,경상
2020102000100229,2020년 10월 20일 11시,화요일,광주광역시 광산구 신창동,경상사고,0,0,2,0,차대차 - 측면충돌,안전거리미확보,건조,맑음,단일로 - 기타,이륜,남,36세,경상,승용,여,36세,경상
2020102000100262,2020년 10월 20일 12시,화요일,광주광역시 북구 오치동,경상사고,0,0,1,0,차대사람 - 기타,안전운전불이행,건조,맑음,단일로 - 기타,자전거,남,17세,상해없음,보행자,여,65세,경상
2020102000100263,2020년 10월 20일 12시,화요일,광주광역시 광산구 흑석동,경상사고,0,0,1,0,차대차 - 측면충돌,신호위반,건조,맑음,교차로 - 교차로안,승용,남,67세,상해없음,승용,남,50세,상해없음
2020102000100298,2020년 10월 20일 13시,화요일,광주광역시 서구 풍암동,경상사고,0,0,2,0,차대차 - 추돌,안전운전불이행,건조,맑음,교차로 - 교차로부근,승용,남,50세,상해없음,화물,남,27세,경상
2020102000100348,2020년 10월 20일 14시,화요일,광주광역시 서구 화정동,경상사고,0,0,1,0,차량단독 - 기타,안전운전불이행,건조,맑음,단일로 - 기타,승용,남,67세,상해없음,,,,
2020102000100349,2020년 10월 20일 14시,화요일,광주광역시 북구 두암동,중상사고,0,1,0,0,차대사람 - 기타,안전운전불이행,건조,맑음,단일로 - 기타,승용,남,39세,상해없음,보행자,남,46세,중상
2020102000100350,2020년 10월 20일 14시,화요일,광주광역시 북구 운암동,경상사고,0,0,1,2,차대차 - 측면충돌,신호위반,건조,맑음,교차로 - 교차로부근,승용,여,22세,상해없음,승용,남,72세,경상
2020102000100351,2020년 10월 20일 14시,화요일,광주광역시 광산구 신가동,경상사고,0,0,1,0,차대사람 - 횡단중,안전운전불이행,건조,맑음,기타 - 기타,개인형이동수단(PM),여,17세,상해없음,보행자,여,57세,경상
2020102000100352,2020년 10월 20일 14시,화요일,광주광역시 광산구 산월동,경상사고,0,0,1,0,차대사람 - 보도통행중,기타,건조,맑음,기타 - 기타,원동기,기타불명,미분류,기타불명,보행자,남,10세,경상
2020102000100353,2020년 10월 20일 14시,화요일,광주광역시 광산구 수완동,경상사고,0,0,2,0,차대차 - 추돌,안전운전불이행,건조,맑음,단일로 - 기타,승용,남,40세,상해없음,승용,남,53세,경상
2020102000100410,2020년 10월 20일 15시,화요일,광주광역시 광산구 송정동,경상사고,0,0,2,0,차대차 - 정면충돌,안전운전불이행,건조,맑음,단일로 - 기타,승용,여,58세,기타불명,승용,남,33세,경상
2020102000100454,2020년 10월 20일 16시,화요일,광주광역시 북구 양산동,중상사고,0,1,0,0,차대사람 - 기타,안전운전불이행,건조,맑음,교차로 - 교차로안,승용,남,38세,상해없음,보행자,남,77세,중상
2020102000100455,2020년 10월 20일 16시,화요일,광주광역시 북구 용봉동,경상사고,0,0,3,0,차대차 - 측면충돌,안전운전불이행,건조,맑음,교차로 - 교차로안,승용,남,21세,경상,이륜,남,22세,경상
2020102000100504,2020년 10월 20일 17시,화요일,광주광역시 남구 진월동,경상사고,0,0,3,0,차대차 - 측면충돌,교차로운행방법위반,건조,맑음,교차로 - 교차로안,승용,여,50세,상해없음,승용,남,81세,경상
2020102000100505,2020년 10월 20일 17시,화요일,광주광역시 북구 두암동,경상사고,0,0,1,0,차대차 - 추돌,안전운전불이행,건조,맑음,단일로 - 기타,승용,남,42세,상해없음,화물,남,37세,경상
2020102000100506,2020년 10월 20일 17시,화요일,광주광역시 광산구 송촌동,중상사고,0,1,0,0,차대사람 - 보도통행중,신호위반,건조,맑음,교차로 - 교차로횡단보도내,승용,남,67세,상해없음,보행자,남,81세,중상
2020102000100574,2020년 10월 20일 18시,화요일,광주광역시 서구 마륵동,경상사고,0,0,2,0,차대차 - 추돌,안전운전불이행,건조,맑음,교차로 - 교차로부근,승용,남,64세,상해없음,승용,여,54세,경상
2020102000100575,2020년 10월 20일 18시,화요일,광주광역시 북구 운암동,경상사고,0,0,1,0,차대차 - 측면충돌,교차로운행방법위반,건조,맑음,교차로 - 교차로안,승용,여,54세,상해없음,승용,남,52세,경상
2020102000100576,2020년 10월 20일 18시,화요일,광주광역시 광산구 신창동,경상사고,0,0,1,0,차대차 - 측면충돌,안전운전불이행,건조,맑음,교차로 - 교차로안,승용,남,22세,기타불명,승용,남,32세,경상
2020102000100625,2020년 10월 20일 19시,화요일,광주광역시 서구 쌍촌동,경상사고,0,0,2,0,차대차 - 측면충돌,교차로운행방법위반,건조,맑음,교차로 - 교차로안,승용,남,25세,상해없음,승용,남,30세,경상
2020102000100626,2020년 10월 20일 19시,화요일,광주광역시 광산구 운남동,경상사고,0,0,1,0,차대차 - 측면충돌,교차로운행방법위반,건조,맑음,교차로 - 교차로안,화물,남,70세,상해없음,승용,남,32세,경상
2020102100100074,2020년 10월 21일 06시,수요일,광주광역시 광산구 하남동,중상사고,0,2,1,1,차대차 - 측면충돌,교차로운행방법위반,건조,맑음,교차로 - 교차로안,승용,남,32세,부상신고,승용,남,68세,중상
2020102100100107,2020년 10월 21일 07시,수요일,광주광역시 북구 각화동,경상사고,0,0,1,0,차대차 - 측면충돌,안전운전불이행,건조,맑음,단일로 - 기타,기타불명,기타불명,미분류,기타불명,승용,남,60세,경상
2020102100100108,2020년 10월 21일 07시,수요일,광주광역시 광산구 송촌동,경상사고,0,0,1,0,차대차 - 추돌,안전운전불이행,건조,맑음,단일로 - 기타,승용,남,60세,상해없음,승용,남,34세,경상
2020102100100145,2020년 10월 21일 08시,수요일,광주광역시 동구 계림동,경상사고,0,0,1,0,차대사람 - 횡단중,보행자보호의무위반,건조,맑음,교차로 - 교차로부근,승용,여,36세,상해없음,보행자,남,45세,경상
2020102100100146,2020년 10월 21일 08시,수요일,광주광역시 서구 치평동,경상사고,0,0,1,0,차대차 - 기타,안전거리미확보,건조,맑음,단일로 - 기타,화물,남,38세,상해없음,승합,남,51세,상해없음
2020102100100147,2020년 10월 21일 08시,수요일,광주광역시 남구 진월동,경상사고,0,0,1,0,차대차 - 측면충돌,교차로운행방법위반,건조,맑음,교차로 - 교차로부근,승용,여,39세,상해없음,승용,여,60세,경상
2020102100100148,2020년 10월 21일 08시,수요일,광주광역시 광산구 월곡동,부상신고사고,0,0,0,1,차대차 - 추돌,안전운전불이행,건조,맑음,교차로 - 교차로안,기타불명,기타불명,미분류,기타불명,자전거,여,14세,부상신고
2020102100100186,2020년 10월 21일 09시,수요일,광주광역시 서구 용두동,경상사고,0,0,1,0,차대차 - 기타,안전운전불이행,건조,맑음,교차로 - 교차로안,화물,남,77세,상해없음,화물,남,33세,경상
2020102100100187,2020년 10월 21일 09시,수요일,광주광역시 북구 운암동,경상사고,0,0,1,0,차대차 - 기타,안전운전불이행,건조,맑음,단일로 - 기타,화물,남,66세,상해없음,승용,남,31세,경상
2020102100100188,2020년 10월 21일 09시,수요일,광주광역시 광산구 흑석동,경상사고,0,0,2,0,차대차 - 측면충돌,안전운전불이행,건조,맑음,교차로 - 교차로안,화물,남,63세,상해없음,이륜,남,17세,경상
2020102100100214,2020년 10월 21일 10시,수요일,광주광역시 북구 우산동,경상사고,0,0,1,0,차대차 - 기타,안전운전불이행,건조,흐림,단일로 - 기타,승용,남,50세,상해없음,이륜,남,45세,경상
2020102100100215,2020년 10월 21일 10시,수요일,광주광역시 북구 대촌동,중상사고,0,1,1,0,차대차 - 기타,신호위반,건조,흐림,교차로 - 교차로안,승용,남,72세,상해없음,화물,남,69세,경상
2020102100100315,2020년 10월 21일 14시,수요일,광주광역시 북구 운암동,경상사고,0,0,1,0,차대차 - 기타,안전운전불이행,건조,맑음,교차로 - 교차로안,승용,여,28세,상해없음,이륜,남,23세,경상
2020102100100360,2020년 10월 21일 15시,수요일,광주광역시 북구 일곡동,경상사고,0,0,1,1,차대차 - 기타,직진우회전진행방해,젖음/습기,비,교차로 - 교차로안,승용,여,42세,상해없음,승용,남,62세,부상신고
2020102100100396,2020년 10월 21일 16시,수요일,광주광역시 광산구 월계동,경상사고,0,0,4,0,차대차 - 정면충돌,신호위반,젖음/습기,비,교차로 - 교차로안,화물,남,40세,경상,승용,여,29세,경상
2020102100100424,2020년 10월 21일 17시,수요일,광주광역시 북구 망월동,경상사고,0,0,1,0,차대차 - 기타,안전거리미확보,건조,맑음,기타 - 기타,승용,여,24세,기타불명,특수,남,43세,경상
2020102100100528,2020년 10월 21일 18시,수요일,광주광역시 북구 풍향동,경상사고,0,0,1,0,차대차 - 기타,안전운전불이행,젖음/습기,비,교차로 - 교차로안,승용,여,40세,기타불명,원동기,남,43세,경상
2020102100100529,2020년 10월 21일 18시,수요일,광주광역시 북구 용봉동,경상사고,0,0,1,0,차대차 - 추돌,안전거리미확보,젖음/습기,비,단일로 - 기타,승용,여,56세,상해없음,승용,여,51세,경상
2020102100100530,2020년 10월 21일 18시,수요일,광주광역시 광산구 운남동,중상사고,0,1,0,0,차대사람 - 횡단중,보행자보호의무위반,젖음/습기,비,교차로 - 교차로안,승용,남,40세,상해없음,보행자,여,60세,중상
2020102100100573,2020년 10월 21일 19시,수요일,광주광역시 서구 화정동,경상사고,0,0,1,0,차대사람 - 기타,안전운전불이행,젖음/습기,비,단일로 - 기타,승용,남,58세,상해없음,보행자,여,47세,경상
2020102100100574,2020년 10월 21일 19시,수요일,광주광역시 서구 동천동,경상사고,0,0,1,0,차대차 - 측면충돌,안전거리미확보,젖음/습기,비,단일로 - 기타,승용,여,51세,상해없음,승용,남,23세,경상
2020102100100575,2020년 10월 21일 19시,수요일,광주광역시 서구 농성동,중상사고,0,1,0,0,차대차 - 측면충돌,차로위반,젖음/습기,비,교차로 - 교차로부근,화물,남,51세,상해없음,승용,남,26세,중상
2020102100100576,2020년 10월 21일 19시,수요일,광주광역시 남구 방림동,중상사고,0,1,0,0,차대차 - 기타,안전운전불이행,젖음/습기,비,단일로 - 기타,승용,여,68세,상해없음,기타불명,여,77세,중상
2020102100100577,2020년 10월 21일 19시,수요일,광주광역시 남구 주월동,경상사고,0,0,1,0,차대차 - 추돌,안전운전불이행,젖음/습기,비,단일로 - 기타,승용,남,56세,상해없음,승용,남,28세,상해없음
2020102100100578,2020년 10월 21일 19시,수요일,광주광역시 북구 동림동,경상사고,0,0,1,0,차대차 - 측면충돌,중앙선침범,건조,맑음,단일로 - 지하차도(도로)내,승용,여,46세,상해없음,승용,남,38세,경상
2020102100100623,2020년 10월 21일 20시,수요일,광주광역시 서구 내방동,경상사고,0,0,1,0,차대차 - 측면충돌,직진우회전진행방해,젖음/습기,흐림,교차로 - 교차로안,승용,남,61세,상해없음,승용,남,45세,경상
2020102100100624,2020년 10월 21일 20시,수요일,광주광역시 서구 치평동,경상사고,0,0,1,0,차대차 - 추돌,안전운전불이행,젖음/습기,흐림,단일로 - 교량,승용,남,50세,상해없음,승용,여,55세,경상
2020102100100625,2020년 10월 21일 20시,수요일,광주광역시 북구 양산동,중상사고,0,1,0,0,차대사람 - 횡단중,신호위반,젖음/습기,비,교차로 - 교차로안,이륜,남,34세,상해없음,보행자,여,18세,중상
2020102100100665,2020년 10월 21일 21시,수요일,광주광역시 북구 용봉동,경상사고,0,0,2,0,차대차 - 측면충돌,안전운전불이행,젖음/습기,흐림,교차로 - 교차로안,승용,여,28세,상해없음,승용,여,37세,경상
2020102100100666,2020년 10월 21일 21시,수요일,광주광역시 광산구 신창동,경상사고,0,0,1,0,차대차 - 추돌,안전운전불이행,건조,맑음,단일로 - 기타,승용,남,33세,상해없음,승용,남,56세,경상
2020102100100699,2020년 10월 21일 22시,수요일,광주광역시 광산구 신창동,중상사고,0,1,0,0,차대차 - 기타,안전운전불이행,젖음/습기,비,단일로 - 기타,승용,남,27세,상해없음,이륜,남,40세,중상
2020102200100013,2020년 10월 22일 00시,목요일,광주광역시 서구 마륵동,경상사고,0,0,2,0,차대차 - 추돌,안전거리미확보,건조,흐림,단일로 - 기타,승용,남,52세,상해없음,승용,남,46세,경상
2020102200100024,2020년 10월 22일 01시,목요일,광주광역시 남구 임암동,경상사고,0,0,1,0,차대차 - 추돌,안전운전불이행,건조,맑음,단일로 - 기타,승합,기타불명,미분류,기타불명,승용,남,50세,경상
2020102200100025,2020년 10월 22일 01시,목요일,광주광역시 북구 매곡동,경상사고,0,0,3,0,차대차 - 추돌,안전운전불이행,건조,흐림,교차로 - 교차로안,승용,남,37세,경상,승용,남,52세,경상
2020102200100033,2020년 10월 22일 02시,목요일,광주광역시 북구 용봉동,경상사고,0,0,1,0,차대차 - 추돌,안전운전불이행,건조,맑음,교차로 - 교차로안,승용,남,37세,상해없음,승용,남,61세,경상
2020102200100094,2020년 10월 22일 07시,목요일,광주광역시 서구 풍암동,경상사고,0,0,1,0,차대차 - 추돌,안전운전불이행,건조,맑음,단일로 - 기타,승용,여,36세,상해없음,승용,여,45세,경상
2020102200100095,2020년 10월 22일 07시,목요일,광주광역시 남구 봉선동,경상사고,0,0,2,0,차대차 - 측면충돌,안전거리미확보,건조,맑음,단일로 - 기타,화물,남,44세,경상,승용,여,45세,경상
2020102200100096,2020년 10월 22일 07시,목요일,광주광역시 광산구 장덕동,경상사고,0,0,1,0,차대차 - 측면충돌,안전운전불이행,건조,맑음,단일로 - 기타,승용,남,55세,상해없음,승용,남,41세,상해없음
2020102200100135,2020년 10월 22일 08시,목요일,광주광역시 서구 쌍촌동,경상사고,0,0,4,0,차대차 - 측면충돌,교차로운행방법위반,건조,맑음,교차로 - 교차로안,승용,여,48세,경상,승용,남,41세,경상
2020102200100136,2020년 10월 22일 08시,목요일,광주광역시 북구 망월동,경상사고,0,0,1,0,차대차 - 측면충돌,안전운전불이행,건조,맑음,교차로 - 교차로부근,승용,여,62세,상해없음,화물,여,63세,경상
2020102200100165,2020년 10월 22일 09시,목요일,광주광역시 북구 중흥동,경상사고,0,0,1,0,차대차 - 기타,안전운전불이행,건조,맑음,단일로 - 기타,승용,여,28세,상해없음,승용,여,25세,경상
2020102200100166,2020년 10월 22일 09시,목요일,광주광역시 북구 양산동,경상사고,0,0,1,0,차대차 - 측면충돌,안전운전불이행,건조,맑음,단일로 - 기타,화물,남,30세,상해없음,승용,여,26세,경상
2020102200100260,2020년 10월 22일 12시,목요일,광주광역시 남구 송하동,경상사고,0,0,1,0,차대차 - 추돌,안전거리미확보,건조,맑음,교차로 - 교차로안,원동기,남,39세,상해없음,승용,여,47세,경상
2020102200100261,2020년 10월 22일 12시,목요일,광주광역시 광산구 송정동,중상사고,0,1,1,0,차대차 - 측면충돌,교차로운행방법위반,건조,맑음,교차로 - 교차로안,승용,여,38세,중상,승용,남,45세,경상
2020102200100292,2020년 10월 22일 13시,목요일,광주광역시 동구 학동,경상사고,0,0,1,0,차대차 - 추돌,안전거리미확보,건조,맑음,교차로 - 교차로부근,승용,남,28세,상해없음,승용,여,55세,경상
2020102200100293,2020년 10월 22일 13시,목요일,광주광역시 서구 화정동,경상사고,0,0,1,0,차대사람 - 횡단중,보행자보호의무위반,건조,맑음,단일로 - 기타,이륜,남,47세,상해없음,보행자,여,12세,경상
2020102200100294,2020년 10월 22일 13시,목요일,광주광역시 서구 동천동,경상사고,0,0,1,0,차대차 - 측면충돌,안전운전불이행,건조,맑음,교차로 - 교차로부근,승용,남,55세,상해없음,이륜,남,37세,경상
2020102200100295,2020년 10월 22일 13시,목요일,광주광역시 동구 소태동,경상사고,0,0,1,0,차대차 - 측면충돌,안전운전불이행,건조,맑음,교차로 - 교차로부근,승용,남,82세,상해없음,승용,여,39세,경상
2020102200100296,2020년 10월 22일 13시,목요일,광주광역시 남구 백운동,경상사고,0,0,2,1,차대차 - 측면충돌,안전운전불이행,건조,맑음,교차로 - 교차로부근,화물,남,58세,부상신고,화물,남,43세,경상
2020102200100324,2020년 10월 22일 14시,목요일,광주광역시 동구 학동,경상사고,0,0,1,0,차대사람 - 횡단중,신호위반,건조,맑음,교차로 - 교차로안,승용,남,69세,상해없음,보행자,남,53세,경상
2020102200100325,2020년 10월 22일 14시,목요일,광주광역시 동구 용산동,중상사고,0,1,0,0,차대차 - 측면충돌,안전운전불이행,건조,맑음,단일로 - 기타,승용,남,74세,기타불명,자전거,남,82세,중상
2020102200100326,2020년 10월 22일 14시,목요일,광주광역시 북구 본촌동,경상사고,0,0,1,0,차대차 - 측면충돌,안전운전불이행,건조,맑음,교차로 - 교차로부근,승용,남,68세,상해없음,승용,남,73세,경상
2020102200100363,2020년 10월 22일 15시,목요일,광주광역시 서구 양동,경상사고,0,0,1,0,차대차 - 추돌,안전운전불이행,건조,맑음,단일로 - 기타,승용,여,56세,상해없음,승용,여,60세,경상
2020102200100407,2020년 10월 22일 16시,목요일,광주광역시 서구 쌍촌동,경상사고,0,0,1,0,차대사람 - 기타,안전운전불이행,건조,맑음,단일로 - 기타,승용,남,49세,상해없음,보행자,남,78세,경상
2020102200100408,2020년 10월 22일 16시,목요일,광주광역시 광산구 우산동,경상사고,0,0,3,0,차대차 - 측면충돌,안전운전불이행,건조,맑음,단일로 - 기타,화물,남,54세,기타불명,승용,남,43세,경상
2020102200100441,2020년 10월 22일 17시,목요일,광주광역시 광산구 월계동,경상사고,0,0,1,0,차대차 - 후진중충돌,안전운전불이행,젖음/습기,비,주차장 - 주차장,승용,남,70세,상해없음,승용,남,35세,경상
2020102200100515,2020년 10월 22일 18시,목요일,광주광역시 동구 계림동,중상사고,0,1,0,0,차대사람 - 횡단중,보행자보호의무위반,건조,맑음,교차로 - 교차로안,승용,남,58세,상해없음,보행자,남,78세,중상
2020102200100516,2020년 10월 22일 18시,목요일,광주광역시 광산구 도천동,경상사고,0,0,1,0,차대차 - 측면충돌,안전운전불이행,건조,맑음,단일로 - 기타,승용,남,50세,상해없음,자전거,남,40세,경상
2020102200100517,2020년 10월 22일 18시,목요일,광주광역시 광산구 신창동,경상사고,0,0,1,0,차대차 - 추돌,안전운전불이행,건조,맑음,단일로 - 기타,화물,남,58세,상해없음,승용,여,38세,경상
2020102200100556,2020년 10월 22일 19시,목요일,광주광역시 남구 월산동,경상사고,0,0,1,0,차대차 - 기타,안전거리미확보,건조,맑음,단일로 - 기타,승용,여,49세,기타불명,승합,남,55세,상해없음
2020102200100557,2020년 10월 22일 19시,목요일,광주광역시 남구 주월동,경상사고,0,0,1,0,차대차 - 기타,안전거리미확보,건조,맑음,단일로 - 기타,승합,남,67세,상해없음,승용,남,34세,경상
2020102200100558,2020년 10월 22일 19시,목요일,광주광역시 북구 두암동,경상사고,0,0,1,0,차대사람 - 기타,안전운전불이행,건조,흐림,단일로 - 기타,승용,남,18세,상해없음,보행자,남,39세,경상
2020102200100559,2020년 10월 22일 19시,목요일,광주광역시 광산구 쌍암동,경상사고,0,0,1,6,차량단독 - 전도전복 - 전도,교차로운행방법위반,건조,맑음,교차로 - 교차로안,승합,남,30세,상해없음,,,,
2020102200100578,2020년 10월 22일 20시,목요일,광주광역시 북구 문흥동,중상사고,0,1,0,0,차대차 - 측면충돌,교차로운행방법위반,건조,맑음,교차로 - 교차로안,승용,여,66세,상해없음,원동기,남,41세,중상