사고번호,사고일시,요일,시군구,사고내용,사망자수,중상자수,경상자수,부상신고자수,사고유형,법규위반,노면상태,기상상태,도로형태,가해운전자 차종,가해운전자 성별,가해운전자 연령,가해운전자 상해정도,피해운전자 차종,피해운전자 성별,피해운전자 연령,피해운전자 상해정도
2020102200100579,2020년 10월 22일 20시,목요일,광주광역시 북구 두암동,경상사고,0,0,1,0,차대사람 - 기타,안전운전불이행,건조,맑음,단일로 - 기타,기타불명,기타불명,미분류,기타불명,보행자,남,64세,경상
2020102200100580,2020년 10월 22일 20시,목요일,광주광역시 광산구 신가동,경상사고,0,0,1,0,차대차 - 기타,안전운전불이행,건조,맑음,단일로 - 기타,승용,남,39세,상해없음,승용,남,22세,경상
2020102200100605,2020년 10월 22일 21시,목요일,광주광역시 북구 운암동,경상사고,0,0,3,0,차대차 - 측면충돌,안전거리미확보,건조,맑음,단일로 - 기타,승용,남,39세,상해없음,승용,남,21세,경상
2020102200100634,2020년 10월 22일 22시,목요일,광주광역시 광산구 장덕동,경상사고,0,0,1,0,차대차 - 추돌,안전운전불이행,건조,맑음,교차로 - 교차로부근,승용,남,37세,기타불명,승용,남,51세,경상
2020102200100651,2020년 10월 22일 23시,목요일,광주광역시 서구 화정동,경상사고,0,0,1,0,차량단독 - 공작물충돌,안전운전불이행,건조,맑음,단일로 - 기타,승용,남,39세,경상,,,,
2020102300100069,2020년 10월 23일 06시,금요일,광주광역시 북구 신안동,경상사고,0,0,1,0,차대차 - 측면충돌,직진우회전진행방해,건조,맑음,교차로 - 교차로안,승용,남,67세,상해없음,승용,남,55세,상해없음
2020102300100070,2020년 10월 23일 06시,금요일,광주광역시 광산구 송촌동,중상사고,0,1,1,0,차대차 - 측면충돌,신호위반,건조,맑음,교차로 - 교차로안,승용,남,55세,경상,승용,남,47세,중상
2020102300100108,2020년 10월 23일 07시,금요일,광주광역시 서구 동천동,경상사고,0,0,1,0,차대사람 - 횡단중,안전운전불이행,건조,맑음,교차로 - 교차로부근,승용,여,60세,상해없음,보행자,여,23세,경상
2020102300100109,2020년 10월 23일 07시,금요일,광주광역시 서구 쌍촌동,경상사고,0,0,1,0,차대차 - 측면충돌,안전운전불이행,건조,맑음,단일로 - 기타,승용,남,46세,상해없음,승용,여,56세,경상
2020102300100149,2020년 10월 23일 08시,금요일,광주광역시 광산구 선암동,경상사고,0,0,1,0,차대차 - 측면충돌,차로위반,건조,맑음,단일로 - 기타,승용,여,35세,상해없음,승용,남,34세,경상
2020102300100304,2020년 10월 23일 12시,금요일,광주광역시 광산구 쌍암동,경상사고,0,0,1,0,차대차 - 측면충돌,안전운전불이행,건조,맑음,교차로 - 교차로안,승용,남,38세,상해없음,승용,여,40세,경상
2020102300100345,2020년 10월 23일 13시,금요일,광주광역시 서구 금호동,경상사고,0,0,2,0,차대차 - 추돌,안전운전불이행,건조,맑음,교차로 - 교차로안,승용,남,72세,상해없음,승용,남,54세,경상
2020102300100346,2020년 10월 23일 13시,금요일,광주광역시 북구 동림동,경상사고,0,0,2,0,차대차 - 추돌,안전운전불이행,건조,맑음,교차로 - 교차로안,원동기,남,20세,경상,승용,남,37세,경상
2020102300100347,2020년 10월 23일 13시,금요일,광주광역시 북구 용봉동,경상사고,0,0,1,0,차대사람 - 기타,안전운전불이행,건조,맑음,단일로 - 기타,승용,여,34세,상해없음,보행자,남,27세,경상
2020102300100386,2020년 10월 23일 14시,금요일,광주광역시 서구 금호동,경상사고,0,0,1,0,차대차 - 기타,안전거리미확보,건조,맑음,단일로 - 기타,승용,여,67세,상해없음,승합,남,31세,상해없음
2020102300100442,2020년 10월 23일 15시,금요일,광주광역시 북구 오치동,경상사고,0,0,1,0,차대사람 - 차도통행중,안전운전불이행,건조,맑음,단일로 - 기타,승용,여,48세,상해없음,보행자,남,46세,경상
2020102300100500,2020년 10월 23일 16시,금요일,광주광역시 서구 벽진동,중상사고,0,1,0,0,차대차 - 기타,신호위반,건조,맑음,교차로 - 교차로안,승용,남,59세,상해없음,승용,여,49세,중상
2020102300100501,2020년 10월 23일 16시,금요일,광주광역시 북구 연제동,경상사고,0,0,1,0,차대사람 - 횡단중,안전운전불이행,건조,맑음,단일로 - 기타,승용,남,64세,상해없음,보행자,여,18세,경상
2020102300100502,2020년 10월 23일 16시,금요일,광주광역시 광산구 수완동,경상사고,0,0,2,0,차대차 - 추돌,안전운전불이행,건조,맑음,단일로 - 기타,승용,남,74세,상해없음,승용,여,35세,경상
2020102300100564,2020년 10월 23일 17시,금요일,광주광역시 동구 대인동,경상사고,0,0,1,0,차대차 - 기타,안전운전불이행,건조,맑음,기타 - 기타,승용,여,57세,상해없음,승용,남,33세,경상
2020102300100657,2020년 10월 23일 18시,금요일,광주광역시 서구 매월동,경상사고,0,0,1,0,차대차 - 측면충돌,안전운전불이행,건조,맑음,교차로 - 교차로안,승용,여,57세,상해없음,승용,여,46세,경상
2020102300100658,2020년 10월 23일 18시,금요일,광주광역시 북구 용두동,경상사고,0,0,1,0,차대차 - 추돌,안전거리미확보,건조,맑음,단일로 - 기타,승합,남,72세,상해없음,승용,남,50세,경상
2020102300100659,2020년 10월 23일 18시,금요일,광주광역시 북구 신용동,경상사고,0,0,2,0,차대차 - 기타,안전운전불이행,건조,맑음,교차로 - 교차로안,승용,남,77세,경상,승용,남,47세,경상
2020102300100719,2020년 10월 23일 19시,금요일,광주광역시 서구 금호동,경상사고,0,0,1,0,차대사람 - 기타,안전운전불이행,건조,맑음,단일로 - 기타,승용,남,69세,상해없음,보행자,여,56세,경상
2020102300100761,2020년 10월 23일 20시,금요일,광주광역시 북구 용두동,중상사고,0,1,0,0,차대차 - 기타,교차로운행방법위반,건조,맑음,교차로 - 교차로안,승용,남,31세,상해없음,원동기,남,38세,중상
2020102300100762,2020년 10월 23일 20시,금요일,광주광역시 광산구 장덕동,부상신고사고,0,0,0,1,차대차 - 측면충돌,중앙선침범,건조,맑음,단일로 - 기타,승용,남,63세,상해없음,이륜,남,19세,부상신고
2020102300100851,2020년 10월 23일 23시,금요일,광주광역시 서구 치평동,경상사고,0,0,1,0,차량단독 - 기타,안전운전불이행,건조,맑음,단일로 - 기타,승용,남,60세,상해없음,,,,
2020102400100023,2020년 10월 24일 00시,토요일,광주광역시 서구 동천동,경상사고,0,0,3,0,차대차 - 측면충돌,중앙선침범,건조,맑음,단일로 - 기타,승용,여,23세,상해없음,승용,남,43세,경상
2020102400100024,2020년 10월 24일 00시,토요일,광주광역시 서구 광천동,경상사고,0,0,1,0,차대차 - 측면충돌,안전운전불이행,건조,맑음,교차로 - 교차로안,승용,남,22세,상해없음,승용,남,58세,경상
2020102400100025,2020년 10월 24일 00시,토요일,광주광역시 북구 우산동,경상사고,0,0,1,0,차대차 - 추돌,안전운전불이행,건조,맑음,단일로 - 기타,화물,남,41세,상해없음,승용,남,32세,경상
2020102400100026,2020년 10월 24일 00시,토요일,광주광역시 북구 운암동,경상사고,0,0,3,0,차대차 - 기타,중앙선침범,건조,맑음,단일로 - 고가도로위,승용,여,23세,상해없음,승용,남,32세,경상
2020102400100027,2020년 10월 24일 00시,토요일,광주광역시 광산구 신창동,경상사고,0,0,1,0,차대차 - 기타,안전거리미확보,건조,맑음,교차로 - 교차로부근,승용,남,18세,상해없음,승용,남,39세,경상
2020102400100080,2020년 10월 24일 05시,토요일,광주광역시 서구 치평동,경상사고,0,0,1,0,차대차 - 측면충돌,신호위반,건조,맑음,교차로 - 교차로안,승용,남,43세,상해없음,승용,남,30세,경상
2020102400100094,2020년 10월 24일 06시,토요일,광주광역시 광산구 진곡동,중상사고,0,2,1,1,차대차 - 측면충돌,안전거리미확보,건조,맑음,교차로 - 교차로부근,승용,남,27세,부상신고,화물,남,67세,중상
2020102400100111,2020년 10월 24일 07시,토요일,광주광역시 북구 문흥동,경상사고,0,0,1,0,차대사람 - 횡단중,안전운전불이행,건조,맑음,단일로 - 기타,승용,남,42세,기타불명,보행자,여,25세,경상
2020102400100159,2020년 10월 24일 09시,토요일,광주광역시 북구 두암동,경상사고,0,0,1,0,차대사람 - 기타,안전운전불이행,건조,맑음,단일로 - 기타,승용,남,47세,상해없음,보행자,여,56세,경상
2020102400100186,2020년 10월 24일 10시,토요일,광주광역시 광산구 도산동,중상사고,0,1,0,0,차대차 - 측면충돌,안전운전불이행,건조,맑음,단일로 - 기타,화물,남,38세,상해없음,자전거,남,82세,중상
2020102400100221,2020년 10월 24일 11시,토요일,광주광역시 동구 소태동,경상사고,0,0,3,0,차대차 - 기타,안전거리미확보,건조,맑음,기타 - 기타,승용,남,60세,기타불명,승용,남,31세,경상
2020102400100222,2020년 10월 24일 11시,토요일,광주광역시 광산구 송정동,경상사고,0,0,2,0,차대차 - 기타,안전운전불이행,건조,맑음,교차로 - 교차로안,승용,여,38세,상해없음,승합,남,55세,경상
2020102400100279,2020년 10월 24일 12시,토요일,광주광역시 북구 매곡동,경상사고,0,0,1,0,차대차 - 측면충돌,안전운전불이행,건조,맑음,단일로 - 기타,승용,남,78세,상해없음,자전거,여,20세,경상
2020102400100321,2020년 10월 24일 13시,토요일,광주광역시 동구 서석동,경상사고,0,0,1,0,차대차 - 기타,교차로운행방법위반,건조,맑음,교차로 - 교차로부근,승용,남,76세,상해없음,승용,남,35세,상해없음
2020102400100322,2020년 10월 24일 13시,토요일,광주광역시 북구 신용동,경상사고,0,0,1,0,차대사람 - 기타,안전운전불이행,건조,맑음,단일로 - 기타,승용,남,46세,상해없음,보행자,남,66세,경상
2020102400100323,2020년 10월 24일 13시,토요일,광주광역시 북구 중흥동,경상사고,0,0,3,0,차대차 - 추돌,안전운전불이행,건조,맑음,교차로 - 교차로부근,화물,남,54세,상해없음,승용,남,31세,경상
2020102400100379,2020년 10월 24일 14시,토요일,광주광역시 서구 벽진동,경상사고,0,0,3,0,차대차 - 추돌,안전운전불이행,건조,맑음,단일로 - 기타,승용,여,63세,경상,승용,남,55세,상해없음
2020102400100380,2020년 10월 24일 14시,토요일,광주광역시 북구 우산동,경상사고,0,0,3,0,차대차 - 측면충돌,안전운전불이행,건조,맑음,단일로 - 기타,승용,여,65세,경상,승용,남,58세,경상
2020102400100381,2020년 10월 24일 14시,토요일,광주광역시 광산구 도천동,경상사고,0,0,6,0,차대차 - 측면충돌,안전운전불이행,건조,맑음,교차로 - 교차로부근,승용,남,48세,경상,승용,남,38세,경상
2020102400100508,2020년 10월 24일 17시,토요일,광주광역시 동구 소태동,경상사고,0,0,2,0,차대차 - 기타,신호위반,건조,맑음,교차로 - 교차로안,승용,남,61세,경상,승용,남,72세,경상
2020102400100509,2020년 10월 24일 17시,토요일,광주광역시 광산구 우산동,경상사고,0,0,4,0,차대차 - 측면충돌,안전거리미확보,건조,맑음,단일로 - 기타,승용,남,64세,상해없음,승용,남,23세,경상
2020102400100546,2020년 10월 24일 18시,토요일,광주광역시 서구 풍암동,경상사고,0,0,1,0,차대차 - 기타,안전운전불이행,건조,맑음,단일로 - 기타,승용,여,58세,상해없음,승용,여,36세,경상
2020102400100547,2020년 10월 24일 18시,토요일,광주광역시 광산구 산정동,중상사고,0,1,0,0,차대차 - 추돌,안전운전불이행,건조,맑음,단일로 - 교량,화물,남,26세,상해없음,이륜,남,52세,중상
2020102400100588,2020년 10월 24일 19시,토요일,광주광역시 북구 양산동,경상사고,0,0,1,0,차대차 - 측면충돌,안전운전불이행,건조,맑음,단일로 - 기타,승용,남,75세,상해없음,이륜,남,37세,경상
2020102400100589,2020년 10월 24일 19시,토요일,광주광역시 북구 두암동,경상사고,0,0,2,0,차대차 - 기타,안전운전불이행,건조,맑음,단일로 - 기타,승용,여,21세,상해없음,승용,여,28세,경상
2020102400100590,2020년 10월 24일 19시,토요일,광주광역시 광산구 송정동,중상사고,0,1,0,0,차대사람 - 기타,안전운전불이행,건조,맑음,단일로 - 기타,기타불명,기타불명,미분류,기타불명,보행자,남,59세,중상
2020102400100619,2020년 10월 24일 20시,토요일,광주광역시 북구 중흥동,경상사고,0,0,4,0,차대차 - 기타,차로위반,건조,맑음,단일로 - 기타,이륜,남,25세,경상,승합,남,50세,기타불명
2020102400100649,2020년 10월 24일 21시,토요일,광주광역시 북구 오치동,중상사고,0,1,0,0,차대차 - 기타,중앙선침범,건조,맑음,단일로 - 기타,승용,남,54세,상해없음,원동기,남,27세,중상
2020102400100650,2020년 10월 24일 21시,토요일,광주광역시 북구 각화동,경상사고,0,0,1,0,차대차 - 측면충돌,안전운전불이행,건조,맑음,단일로 - 기타,승용,여,67세,상해없음,승용,여,53세,경상
2020102400100662,2020년 10월 24일 22시,토요일,광주광역시 북구 용봉동,경상사고,0,0,2,0,차대차 - 측면충돌,안전운전불이행,건조,맑음,단일로 - 기타,승용,남,53세,상해없음,승용,남,44세,기타불명
2020102400100685,2020년 10월 24일 23시,토요일,광주광역시 서구 쌍촌동,경상사고,0,0,2,1,차대차 - 측면충돌,신호위반,건조,맑음,교차로 - 교차로안,승용,남,29세,부상신고,승용,남,57세,경상
2020102400100686,2020년 10월 24일 23시,토요일,광주광역시 광산구 신창동,경상사고,0,0,4,0,차대차 - 측면충돌,교차로운행방법위반,건조,맑음,교차로 - 교차로안,이륜,남,34세,경상,승용,남,58세,경상
2020102500100013,2020년 10월 25일 00시,일요일,광주광역시 남구 진월동,경상사고,0,0,3,0,차대차 - 측면충돌,안전운전불이행,건조,맑음,단일로 - 기타,승용,남,69세,상해없음,승용,남,51세,경상
2020102500100027,2020년 10월 25일 01시,일요일,광주광역시 북구 운암동,부상신고사고,0,0,0,1,차량단독 - 전도전복 - 전도,안전운전불이행,건조,맑음,단일로 - 기타,원동기,남,21세,상해없음,,,,
2020102500100064,2020년 10월 25일 04시,일요일,광주광역시 광산구 진곡동,부상신고사고,0,0,0,1,차대차 - 추돌,안전운전불이행,건조,맑음,단일로 - 기타,승용,남,42세,부상신고,화물,남,33세,기타불명
2020102500100248,2020년 10월 25일 13시,일요일,광주광역시 서구 금호동,중상사고,0,1,0,0,차대차 - 측면충돌,안전운전불이행,건조,맑음,단일로 - 기타,승용,여,39세,상해없음,원동기,남,37세,중상
2020102500100249,2020년 10월 25일 13시,일요일,광주광역시 광산구 송정동,경상사고,0,0,1,0,차대차 - 측면충돌,신호위반,건조,맑음,교차로 - 교차로부근,화물,남,64세,상해없음,자전거,남,18세,경상
2020102500100318,2020년 10월 25일 15시,일요일,광주광역시 동구 소태동,경상사고,0,0,1,0,차대차 - 기타,차로위반,건조,맑음,단일로 - 기타,승용,남,45세,상해없음,승용,남,48세,경상
2020102500100351,2020년 10월 25일 16시,일요일,광주광역시 광산구 산월동,경상사고,0,0,1,0,차대차 - 측면충돌,안전운전불이행,건조,맑음,교차로 - 교차로부근,승용,여,65세,기타불명,승용,여,21세,상해없음
2020102500100394,2020년 10월 25일 17시,일요일,광주광역시 남구 주월동,경상사고,0,0,2,0,차대차 - 측면충돌,신호위반,건조,맑음,교차로 - 교차로안,승용,남,60세,상해없음,승용,여,48세,경상
2020102500100395,2020년 10월 25일 17시,일요일,광주광역시 북구 오치동,경상사고,0,0,1,0,차대차 - 기타,안전운전불이행,건조,맑음,단일로 - 기타,자전거,남,31세,경상,승합,남,58세,상해없음
2020102500100455,2020년 10월 25일 18시,일요일,광주광역시 남구 송하동,경상사고,0,0,1,0,차대차 - 측면충돌,차로위반,건조,맑음,단일로 - 기타,승용,여,42세,상해없음,승용,남,32세,경상
2020102500100504,2020년 10월 25일 19시,일요일,광주광역시 북구 누문동,경상사고,0,0,4,0,차대차 - 측면충돌,신호위반,건조,맑음,교차로 - 교차로안,승용,여,42세,상해없음,승용,남,32세,경상
2020102600100039,2020년 10월 26일 05시,월요일,광주광역시 서구 쌍촌동,경상사고,0,0,1,0,차대차 - 측면충돌,교차로운행방법위반,건조,맑음,교차로 - 교차로안,승용,남,63세,상해없음,승용,남,54세,경상
2020102600100056,2020년 10월 26일 06시,월요일,광주광역시 북구 신안동,경상사고,0,0,1,0,차대차 - 측면충돌,안전거리미확보,건조,맑음,교차로 - 교차로부근,승합,남,69세,상해없음,화물,남,42세,경상
2020102600100084,2020년 10월 26일 07시,월요일,광주광역시 광산구 수완동,경상사고,0,0,1,0,차대차 - 측면충돌,안전운전불이행,건조,맑음,교차로 - 교차로안,승용,남,19세,상해없음,자전거,여,17세,경상
2020102600100085,2020년 10월 26일 07시,월요일,광주광역시 광산구 우산동,경상사고,0,0,1,0,차대차 - 추돌,안전운전불이행,건조,맑음,단일로 - 기타,승용,남,25세,상해없음,승용,여,41세,경상
2020102600100140,2020년 10월 26일 08시,월요일,광주광역시 남구 양과동,경상사고,0,0,5,0,차대차 - 추돌,안전거리미확보,건조,맑음,단일로 - 기타,승용,남,55세,상해없음,승용,남,54세,상해없음
2020102600100141,2020년 10월 26일 08시,월요일,광주광역시 남구 노대동,중상사고,0,1,0,0,차대사람 - 횡단중,안전운전불이행,건조,맑음,단일로 - 기타,승용,여,31세,상해없음,보행자,여,58세,중상
2020102600100142,2020년 10월 26일 08시,월요일,광주광역시 남구 노대동,경상사고,0,0,1,0,차대차 - 기타,안전운전불이행,건조,맑음,단일로 - 기타,승용,여,43세,상해없음,승용,여,44세,경상
2020102600100143,2020년 10월 26일 08시,월요일,광주광역시 북구 용봉동,경상사고,0,0,2,0,차대차 - 추돌,차로위반,건조,맑음,단일로 - 기타,승용,여,46세,경상,승용,남,39세,경상
2020102600100144,2020년 10월 26일 08시,월요일,광주광역시 북구 오룡동,경상사고,0,0,1,0,차대차 - 추돌,안전운전불이행,건조,맑음,단일로 - 기타,화물,남,46세,상해없음,화물,남,42세,경상
2020102600100145,2020년 10월 26일 08시,월요일,광주광역시 광산구 운남동,경상사고,0,0,1,1,차대차 - 측면충돌,교차로운행방법위반,건조,맑음,교차로 - 교차로안,화물,남,41세,부상신고,승용,여,42세,경상
2020102600100146,2020년 10월 26일 08시,월요일,광주광역시 광산구 수완동,중상사고,0,1,0,0,차대차 - 기타,안전운전불이행,건조,맑음,교차로 - 교차로횡단보도내,승용,남,58세,상해없음,자전거,남,12세,중상
2020102600100186,2020년 10월 26일 09시,월요일,광주광역시 광산구 신창동,경상사고,0,0,2,0,차대차 - 측면충돌,안전운전불이행,건조,맑음,교차로 - 교차로안,승용,여,76세,경상,승용,여,43세,경상
2020102600100276,2020년 10월 26일 11시,월요일,광주광역시 북구 용봉동,경상사고,0,0,2,0,차대차 - 추돌,안전운전불이행,건조,맑음,교차로 - 교차로부근,이륜,남,22세,경상,승용,남,29세,경상
2020102600100312,2020년 10월 26일 12시,월요일,광주광역시 동구 학동,경상사고,0,0,1,0,차대차 - 정면충돌,신호위반,건조,맑음,교차로 - 교차로부근,승용,여,44세,상해없음,이륜,남,16세,경상
2020102600100313,2020년 10월 26일 12시,월요일,광주광역시 광산구 신창동,경상사고,0,0,1,0,차대차 - 측면충돌,안전운전불이행,건조,맑음,단일로 - 기타,원동기,남,21세,경상,승용,남,59세,상해없음
2020102600100347,2020년 10월 26일 13시,월요일,광주광역시 광산구 월전동,경상사고,0,0,1,0,차대차 - 측면충돌,차로위반,건조,맑음,단일로 - 기타,화물,남,48세,상해없음,승용,남,46세,경상
2020102600100348,2020년 10월 26일 13시,월요일,광주광역시 광산구 월곡동,중상사고,0,1,0,0,차대사람 - 길가장자리구역통행중,안전운전불이행,건조,맑음,교차로 - 교차로부근,승용,남,28세,상해없음,보행자,여,49세,중상
2020102600100373,2020년 10월 26일 14시,월요일,광주광역시 남구 진월동,경상사고,0,0,7,0,차대차 - 측면충돌,차로위반,건조,맑음,단일로 - 기타,건설기계,남,60세,상해없음,승용,남,72세,경상
2020102600100470,2020년 10월 26일 16시,월요일,광주광역시 서구 유촌동,중상사고,0,1,0,1,차대차 - 측면충돌,안전운전불이행,건조,맑음,단일로 - 기타,화물,남,50세,부상신고,승용,남,72세,중상
2020102600100513,2020년 10월 26일 17시,월요일,광주광역시 동구 학동,경상사고,0,0,1,0,차대차 - 측면충돌,교차로운행방법위반,건조,맑음,교차로 - 교차로안,승용,여,62세,상해없음,승용,여,40세,경상
2020102600100514,2020년 10월 26일 17시,월요일,광주광역시 동구 산수동,경상사고,0,0,1,0,차대사람 - 횡단중,안전운전불이행,건조,맑음,교차로 - 교차로안,승용,여,70세,상해없음,보행자,여,8세,경상
2020102600100515,2020년 10월 26일 17시,월요일,광주광역시 광산구 월계동,중상사고,0,1,0,0,차대차 - 정면충돌,중앙선침범,건조,맑음,교차로 - 교차로안,승용,남,28세,상해없음,이륜,여,34세,중상
2020102600100516,2020년 10월 26일 17시,월요일,광주광역시 광산구 월계동,경상사고,0,0,1,0,차대차 - 기타,안전운전불이행,건조,맑음,교차로 - 교차로안,승용,남,48세,상해없음,승용,여,43세,경상
2020102600100580,2020년 10월 26일 18시,월요일,광주광역시 남구 노대동,경상사고,0,0,2,0,차대차 - 측면충돌,안전운전불이행,건조,맑음,교차로 - 교차로안,화물,남,57세,상해없음,승용,여,38세,경상
2020102600100581,2020년 10월 26일 18시,월요일,광주광역시 광산구 하남동,사망사고,1,0,0,0,차대사람 - 횡단중,과속,건조,맑음,단일로 - 기타,승용,남,50세,상해없음,보행자,남,53세,사망
2020102600100583,2020년 10월 26일 18시,월요일,광주광역시 광산구 신촌동,경상사고,0,0,1,0,차대차 - 추돌,안전거리미확보,건조,맑음,단일로 - 기타,승용,남,62세,상해없음,승용,남,66세,경상
2020102600100620,2020년 10월 26일 19시,월요일,광주광역시 북구 중흥동,경상사고,0,0,7,0,차대차 - 추돌,안전운전불이행,건조,맑음,단일로 - 기타,승합,남,56세,경상,화물,남,23세,경상
2020102600100621,2020년 10월 26일 19시,월요일,광주광역시 광산구 비아동,경상사고,0,0,1,0,차대차 - 후진중충돌,안전운전불이행,건조,맑음,주차장 - 주차장,승용,여,54세,상해없음,승용,여,23세,경상
2020102600100687,2020년 10월 26일 22시,월요일,광주광역시 북구 삼각동,경상사고,0,0,6,0,차대차 - 측면충돌,신호위반,건조,맑음,교차로 - 교차로안,사륜오토바이(ATV),남,19세,경상,승용,남,66세,경상
2020102600100688,2020년 10월 26일 22시,월요일,광주광역시 북구 운암동,경상사고,0,0,2,0,차대차 - 추돌,안전운전불이행,건조,맑음,교차로 - 교차로안,승용,남,36세,상해없음,승용,남,22세,경상
2020102700100013,2020년 10월 27일 00시,화요일,광주광역시 광산구 월계동,경상사고,0,0,2,0,차대차 - 후진중충돌,안전운전불이행,건조,맑음,교차로 - 교차로안,승용,남,32세,상해없음,승용,여,39세,경상
2020102700100123,2020년 10월 27일 08시,화요일,광주광역시 서구 마륵동,경상사고,0,0,1,0,차대차 - 기타,안전거리미확보,건조,맑음,단일로 - 기타,승용,남,71세,상해없음,승용,여,38세,경상
2020102700100124,2020년 10월 27일 08시,화요일,광주광역시 북구 월출동,경상사고,0,0,1,0,차대차 - 측면충돌,신호위반,건조,맑음,교차로 - 교차로안,승합,남,46세,상해없음,승용,여,52세,경상
2020102700100200,2020년 10월 27일 10시,화요일,광주광역시 서구 광천동,중상사고,0,1,3,0,차대차 - 기타,안전운전불이행,건조,맑음,단일로 - 기타,승용,남,26세,상해없음,승용,여,56세,경상
2020102700100201,2020년 10월 27일 10시,화요일,광주광역시 북구 운암동,중상사고,0,1,0,0,차대사람 - 기타,안전운전불이행,건조,맑음,교차로 - 교차로부근,화물,남,49세,상해없음,보행자,남,75세,중상
2020102700100202,2020년 10월 27일 10시,화요일,광주광역시 북구 생용동,사망사고,1,0,0,0,차대차 - 기타,안전운전불이행,건조,맑음,단일로 - 기타,건설기계,남,45세,상해없음,자전거,남,81세,사망
2020102700100265,2020년 10월 27일 12시,화요일,광주광역시 북구 문흥동,경상사고,0,0,1,0,차대차 - 측면충돌,중앙선침범,건조,맑음,교차로 - 교차로부근,승용,남,40세,상해없음,승용,여,48세,경상
2020102700100266,2020년 10월 27일 12시,화요일,광주광역시 북구 각화동,경상사고,0,0,1,0,차대사람 - 기타,안전운전불이행,건조,맑음,단일로 - 기타,승용,남,67세,상해없음,보행자,남,47세,경상
2020102700100315,2020년 10월 27일 13시,화요일,광주광역시 광산구 월곡동,경상사고,0,0,1,0,차대차 - 측면충돌,안전거리미확보,건조,맑음,단일로 - 기타,승용,남,63세,상해없음,승용,여,28세,경상
2020102700100344,2020년 10월 27일 14시,화요일,광주광역시 광산구 우산동,중상사고,0,1,0,0,차대사람 - 보도통행중,보행자보호의무위반,건조,맑음,교차로 - 교차로부근,승합,남,64세,상해없음,보행자,남,43세,중상
2020102700100345,2020년 10월 27일 14시,화요일,광주광역시 광산구 운수동,경상사고,0,0,1,0,차대차 - 측면충돌,안전운전불이행,건조,맑음,단일로 - 기타,승용,남,38세,상해없음,승용,여,44세,경상
2020102700100383,2020년 10월 27일 15시,화요일,광주광역시 북구 운암동,경상사고,0,0,1,0,차대사람 - 기타,안전운전불이행,건조,맑음,교차로 - 교차로안,승용,남,37세,상해없음,보행자,여,15세,경상
2020102700100429,2020년 10월 27일 16시,화요일,광주광역시 광산구 우산동,경상사고,0,0,1,0,차대차 - 측면충돌,안전거리미확보,건조,맑음,단일로 - 기타,화물,남,33세,상해없음,승용,여,37세,경상
2020102700100534,2020년 10월 27일 18시,화요일,광주광역시 광산구 비아동,경상사고,0,0,1,0,차대차 - 측면충돌,안전운전불이행,건조,맑음,단일로 - 고가도로위,자전거,남,59세,경상,승용,여,46세,상해없음
2020102700100578,2020년 10월 27일 19시,화요일,광주광역시 서구 쌍촌동,경상사고,0,0,2,0,차대차 - 추돌,안전운전불이행,건조,맑음,단일로 - 기타,화물,남,30세,상해없음,승용,남,30세,경상
2020102700100619,2020년 10월 27일 20시,화요일,광주광역시 광산구 장덕동,부상신고사고,0,0,0,1,차대사람 - 보도통행중,기타,건조,맑음,단일로 - 기타,개인형이동수단(PM),남,15세,상해없음,보행자,남,34세,부상신고
2020102700100644,2020년 10월 27일 21시,화요일,광주광역시 동구 계림동,경상사고,0,0,1,0,차량단독 - 전도전복 - 전도,안전운전불이행,건조,흐림,교차로 - 교차로안,개인형이동수단(PM),남,28세,경상,,,,
2020102700100645,2020년 10월 27일 21시,화요일,광주광역시 남구 주월동,경상사고,0,0,1,0,차대차 - 측면충돌,안전운전불이행,건조,맑음,단일로 - 기타,승용,남,53세,상해없음,승용,여,36세,경상
2020102700100683,2020년 10월 27일 23시,화요일,광주광역시 북구 우산동,경상사고,0,0,2,0,차대차 - 추돌,중앙선침범,건조,맑음,단일로 - 기타,승용,여,33세,상해없음,승용,남,46세,경상
2020102800100016,2020년 10월 28일 00시,수요일,광주광역시 서구 쌍촌동,경상사고,0,0,1,0,차대차 - 후진중충돌,안전운전불이행,건조,맑음,교차로 - 교차로안,승용,남,33세,상해없음,이륜,남,24세,경상
2020102800100028,2020년 10월 28일 01시,수요일,광주광역시 광산구 월계동,경상사고,0,0,2,0,차대차 - 측면충돌,신호위반,건조,맑음,교차로 - 교차로안,이륜,남,35세,경상,승용,남,60세,경상
2020102800100130,2020년 10월 28일 08시,수요일,광주광역시 광산구 산정동,중상사고,0,1,0,0,차대사람 - 횡단중,안전운전불이행,건조,맑음,교차로 - 교차로부근,승용,여,50세,상해없음,보행자,남,9세,중상
2020102800100169,2020년 10월 28일 09시,수요일,광주광역시 서구 유촌동,경상사고,0,0,1,0,차대차 - 측면충돌,안전운전불이행,건조,흐림,단일로 - 기타,화물,남,44세,기타불명,승용,남,31세,경상
2020102800100251,2020년 10월 28일 11시,수요일,광주광역시 북구 임동,경상사고,0,0,1,0,차대차 - 측면충돌,교차로운행방법위반,건조,맑음,교차로 - 교차로부근,승용,여,58세,상해없음,승용,남,41세,경상