사고번호,사고일시,요일,시군구,사고내용,사망자수,중상자수,경상자수,부상신고자수,사고유형,법규위반,노면상태,기상상태,도로형태,가해운전자 차종,가해운전자 성별,가해운전자 연령,가해운전자 상해정도,피해운전자 차종,피해운전자 성별,피해운전자 연령,피해운전자 상해정도
2020102800100252,2020년 10월 28일 11시,수요일,광주광역시 광산구 옥동,중상사고,0,1,1,0,차대차 - 측면충돌,신호위반,건조,맑음,교차로 - 교차로안,사륜오토바이(ATV),남,87세,중상,화물,남,57세,경상
2020102800100279,2020년 10월 28일 12시,수요일,광주광역시 서구 마륵동,중상사고,0,1,0,0,차대차 - 추돌,안전운전불이행,건조,맑음,교차로 - 교차로부근,화물,남,49세,상해없음,승용,남,34세,중상
2020102800100280,2020년 10월 28일 12시,수요일,광주광역시 서구 광천동,경상사고,0,0,1,0,차대차 - 측면충돌,안전운전불이행,건조,맑음,단일로 - 기타,승용,남,71세,상해없음,승용,남,33세,경상
2020102800100281,2020년 10월 28일 12시,수요일,광주광역시 북구 임동,경상사고,0,0,1,0,차대차 - 측면충돌,안전운전불이행,건조,맑음,교차로 - 교차로안,승용,남,65세,상해없음,승합,남,67세,경상
2020102800100282,2020년 10월 28일 12시,수요일,광주광역시 북구 신안동,경상사고,0,0,1,0,차대차 - 측면충돌,안전운전불이행,건조,맑음,단일로 - 기타,화물,남,58세,상해없음,자전거,남,61세,경상
2020102800100322,2020년 10월 28일 13시,수요일,광주광역시 광산구 장덕동,경상사고,0,0,1,0,차대사람 - 횡단중,보행자보호의무위반,건조,맑음,교차로 - 교차로횡단보도내,승용,여,45세,상해없음,보행자,남,8세,경상
2020102800100393,2020년 10월 28일 15시,수요일,광주광역시 동구 호남동,경상사고,0,0,2,0,차대차 - 기타,안전운전불이행,건조,맑음,단일로 - 기타,승용,여,38세,상해없음,이륜,남,27세,경상
2020102800100394,2020년 10월 28일 15시,수요일,광주광역시 북구 동림동,경상사고,0,0,2,0,차대사람 - 차도통행중,안전운전불이행,건조,맑음,단일로 - 기타,자전거,여,53세,상해없음,보행자,여,59세,경상
2020102800100436,2020년 10월 28일 16시,수요일,광주광역시 남구 주월동,경상사고,0,0,1,0,차대차 - 측면충돌,안전거리미확보,건조,맑음,단일로 - 기타,승용,여,41세,상해없음,승용,여,29세,경상
2020102800100437,2020년 10월 28일 16시,수요일,광주광역시 북구 두암동,경상사고,0,0,1,0,차대사람 - 기타,안전운전불이행,건조,맑음,단일로 - 기타,이륜,남,20세,상해없음,보행자,남,61세,경상
2020102800100548,2020년 10월 28일 18시,수요일,광주광역시 서구 화정동,경상사고,0,0,1,0,차대차 - 측면충돌,안전운전불이행,건조,맑음,교차로 - 교차로안,승용,남,74세,상해없음,승용,남,43세,경상
2020102800100549,2020년 10월 28일 18시,수요일,광주광역시 서구 광천동,경상사고,0,0,2,0,차대차 - 측면충돌,안전운전불이행,건조,맑음,교차로 - 교차로부근,승용,남,59세,상해없음,승용,여,58세,경상
2020102800100550,2020년 10월 28일 18시,수요일,광주광역시 남구 주월동,경상사고,0,0,1,0,차대차 - 후진중충돌,안전운전불이행,건조,맑음,교차로 - 교차로부근,승용,남,52세,상해없음,이륜,남,23세,경상
2020102800100551,2020년 10월 28일 18시,수요일,광주광역시 북구 두암동,경상사고,0,0,1,0,차대차 - 추돌,안전운전불이행,건조,맑음,단일로 - 기타,승용,남,26세,상해없음,승용,여,41세,경상
2020102800100592,2020년 10월 28일 19시,수요일,광주광역시 북구 양산동,경상사고,0,0,1,0,차대차 - 기타,안전운전불이행,건조,맑음,단일로 - 기타,승용,남,71세,상해없음,승용,여,50세,경상
2020102800100675,2020년 10월 28일 22시,수요일,광주광역시 서구 금호동,경상사고,0,0,1,0,차량단독 - 기타,안전거리미확보,건조,맑음,교차로 - 교차로부근,기타불명,기타불명,미분류,기타불명,,,,
2020102800100676,2020년 10월 28일 22시,수요일,광주광역시 광산구 장덕동,중상사고,0,1,0,1,차대차 - 측면충돌,신호위반,건조,맑음,교차로 - 교차로안,승용,남,61세,부상신고,승용,남,39세,중상
2020102900100136,2020년 10월 29일 08시,목요일,광주광역시 서구 쌍촌동,경상사고,0,0,1,0,차대차 - 기타,안전운전불이행,건조,맑음,단일로 - 기타,승용,남,75세,상해없음,승용,남,37세,경상
2020102900100137,2020년 10월 29일 08시,목요일,광주광역시 서구 치평동,중상사고,0,1,1,0,차대차 - 측면충돌,교차로운행방법위반,건조,맑음,교차로 - 교차로안,승용,남,63세,상해없음,승용,여,49세,중상
2020102900100178,2020년 10월 29일 09시,목요일,광주광역시 광산구 비아동,부상신고사고,0,0,0,1,차대사람 - 횡단중,안전운전불이행,건조,맑음,교차로 - 교차로부근,기타불명,기타불명,미분류,기타불명,보행자,남,49세,부상신고
2020102900100218,2020년 10월 29일 10시,목요일,광주광역시 광산구 삼거동,경상사고,0,0,2,0,차대차 - 측면충돌,직진우회전진행방해,건조,맑음,교차로 - 교차로안,승용,남,29세,경상,승용,남,36세,경상
2020102900100259,2020년 10월 29일 11시,목요일,광주광역시 북구 양산동,경상사고,0,0,1,0,차대차 - 측면충돌,안전운전불이행,건조,맑음,교차로 - 교차로안,승용,여,69세,상해없음,승용,여,43세,경상
2020102900100288,2020년 10월 29일 12시,목요일,광주광역시 남구 양림동,경상사고,0,0,2,0,차대차 - 기타,교차로운행방법위반,건조,맑음,교차로 - 교차로안,승용,남,51세,상해없음,승용,남,62세,경상
2020102900100368,2020년 10월 29일 14시,목요일,광주광역시 북구 동림동,경상사고,0,0,1,0,차대차 - 측면충돌,안전운전불이행,건조,맑음,기타 - 기타,화물,남,59세,상해없음,사륜오토바이(ATV),남,34세,경상
2020102900100369,2020년 10월 29일 14시,목요일,광주광역시 북구 용봉동,경상사고,0,0,3,0,차대차 - 기타,차로위반,건조,맑음,단일로 - 기타,승용,남,70세,경상,승용,여,43세,경상
2020102900100370,2020년 10월 29일 14시,목요일,광주광역시 광산구 소촌동,경상사고,0,0,1,0,차대차 - 측면충돌,안전거리미확보,건조,맑음,단일로 - 기타,승용,남,58세,상해없음,승용,남,46세,경상
2020102900100399,2020년 10월 29일 15시,목요일,광주광역시 서구 화정동,경상사고,0,0,1,0,차대차 - 측면충돌,안전운전불이행,건조,맑음,단일로 - 기타,승용,남,48세,상해없음,승용,여,45세,경상
2020102900100400,2020년 10월 29일 15시,목요일,광주광역시 서구 농성동,경상사고,0,0,1,0,차대차 - 추돌,안전거리미확보,건조,맑음,교차로 - 교차로부근,화물,남,72세,상해없음,승용,여,24세,경상
2020102900100449,2020년 10월 29일 16시,목요일,광주광역시 서구 금호동,경상사고,0,0,3,0,차대차 - 추돌,안전운전불이행,건조,맑음,교차로 - 교차로안,승용,남,55세,상해없음,승용,남,46세,경상
2020102900100450,2020년 10월 29일 16시,목요일,광주광역시 북구 운암동,경상사고,0,0,3,0,차대차 - 기타,안전거리미확보,건조,맑음,단일로 - 기타,승용,남,58세,경상,화물,남,25세,경상
2020102900100506,2020년 10월 29일 17시,목요일,광주광역시 서구 광천동,경상사고,0,0,1,0,차대사람 - 기타,안전운전불이행,건조,맑음,단일로 - 기타,승용,남,26세,상해없음,보행자,남,63세,경상
2020102900100507,2020년 10월 29일 17시,목요일,광주광역시 북구 용봉동,중상사고,0,1,1,0,차대차 - 측면충돌,신호위반,건조,맑음,교차로 - 교차로안,이륜,여,29세,중상,승용,남,31세,경상
2020102900100578,2020년 10월 29일 18시,목요일,광주광역시 북구 오치동,경상사고,0,0,1,0,차대차 - 측면충돌,안전운전불이행,건조,맑음,교차로 - 교차로부근,화물,남,61세,상해없음,승용,남,39세,경상
2020102900100579,2020년 10월 29일 18시,목요일,광주광역시 북구 오치동,경상사고,0,0,4,0,차대차 - 측면충돌,안전운전불이행,건조,맑음,단일로 - 기타,승용,남,37세,경상,승용,여,61세,경상
2020102900100580,2020년 10월 29일 18시,목요일,광주광역시 광산구 장덕동,경상사고,0,0,1,0,차대차 - 측면충돌,안전운전불이행,건조,맑음,교차로 - 교차로횡단보도내,승용,남,38세,기타불명,자전거,남,39세,경상
2020102900100581,2020년 10월 29일 18시,목요일,광주광역시 광산구 하남동,경상사고,0,0,3,0,차대차 - 측면충돌,교차로운행방법위반,건조,맑음,교차로 - 교차로안,승용,여,57세,기타불명,승용,남,38세,경상
2020102900100615,2020년 10월 29일 19시,목요일,광주광역시 북구 누문동,중상사고,0,1,0,0,차량단독 - 기타,안전운전불이행,건조,맑음,단일로 - 기타,승합,남,54세,상해없음,,,,
2020102900100685,2020년 10월 29일 21시,목요일,광주광역시 서구 광천동,경상사고,0,0,2,0,차대차 - 추돌,안전운전불이행,건조,맑음,교차로 - 교차로부근,승용,남,26세,상해없음,승용,남,29세,경상
2020102900100686,2020년 10월 29일 21시,목요일,광주광역시 남구 방림동,경상사고,0,0,2,0,차대차 - 측면충돌,신호위반,건조,맑음,교차로 - 교차로안,승용,여,44세,경상,승용,남,47세,경상
2020102900100687,2020년 10월 29일 21시,목요일,광주광역시 광산구 월계동,경상사고,0,0,1,0,차대사람 - 횡단중,신호위반,건조,맑음,단일로 - 기타,이륜,남,33세,상해없음,보행자,남,55세,경상
2020102900100688,2020년 10월 29일 21시,목요일,광주광역시 광산구 신창동,경상사고,0,0,1,0,차대차 - 측면충돌,신호위반,건조,맑음,교차로 - 교차로안,승용,남,47세,상해없음,승용,남,24세,경상
2020102900100712,2020년 10월 29일 22시,목요일,광주광역시 북구 임동,경상사고,0,0,5,0,차대차 - 측면충돌,안전운전불이행,건조,맑음,단일로 - 교량,승용,남,24세,기타불명,승용,여,19세,경상
2020103000100024,2020년 10월 30일 01시,금요일,광주광역시 광산구 신창동,경상사고,0,0,3,0,차대차 - 추돌,안전운전불이행,건조,맑음,단일로 - 기타,승용,여,25세,상해없음,승용,남,56세,경상
2020103000100033,2020년 10월 30일 02시,금요일,광주광역시 광산구 신가동,경상사고,0,0,4,0,차대차 - 추돌,안전운전불이행,건조,맑음,단일로 - 기타,승용,남,42세,경상,승용,남,57세,경상
2020103000100301,2020년 10월 30일 12시,금요일,광주광역시 북구 연제동,사망사고,1,0,2,0,차대차 - 측면충돌,과속,건조,맑음,교차로 - 교차로안,승용,남,26세,경상,이륜,남,56세,사망
2020103000100343,2020년 10월 30일 13시,금요일,광주광역시 북구 월출동,중상사고,0,1,1,0,차대차 - 추돌,안전운전불이행,건조,맑음,단일로 - 기타,화물,남,36세,경상,화물,남,38세,상해없음
2020103000100344,2020년 10월 30일 13시,금요일,광주광역시 광산구 수완동,경상사고,0,0,1,0,차대차 - 측면충돌,안전거리미확보,건조,맑음,단일로 - 기타,승용,여,59세,상해없음,승용,여,55세,경상
2020103000100427,2020년 10월 30일 15시,금요일,광주광역시 북구 동림동,경상사고,0,0,4,0,차대차 - 추돌,안전운전불이행,건조,맑음,단일로 - 기타,승용,남,56세,경상,승용,남,47세,경상
2020103000100478,2020년 10월 30일 16시,금요일,광주광역시 서구 화정동,경상사고,0,0,1,0,차대사람 - 횡단중,보행자보호의무위반,건조,맑음,교차로 - 교차로안,화물,남,35세,상해없음,보행자,여,72세,경상
2020103000100479,2020년 10월 30일 16시,금요일,광주광역시 서구 벽진동,경상사고,0,0,3,0,차대차 - 측면충돌,안전거리미확보,건조,맑음,단일로 - 기타,승용,여,42세,경상,화물,남,66세,경상
2020103000100480,2020년 10월 30일 16시,금요일,광주광역시 북구 본촌동,경상사고,0,0,1,0,차대차 - 추돌,안전운전불이행,건조,맑음,단일로 - 기타,이륜,남,16세,기타불명,승용,여,58세,경상
2020103000100481,2020년 10월 30일 16시,금요일,광주광역시 광산구 소촌동,경상사고,0,0,2,0,차대차 - 추돌,안전운전불이행,건조,맑음,단일로 - 기타,화물,남,53세,상해없음,이륜,남,16세,경상
2020103000100526,2020년 10월 30일 17시,금요일,광주광역시 남구 월산동,중상사고,0,1,1,0,차대차 - 추돌,차로위반,건조,맑음,단일로 - 기타,승용,남,54세,상해없음,승용,여,35세,중상
2020103000100527,2020년 10월 30일 17시,금요일,광주광역시 북구 용봉동,경상사고,0,0,1,1,차대차 - 정면충돌,신호위반,건조,맑음,단일로 - 기타,개인형이동수단(PM),남,19세,부상신고,승용,여,31세,경상
2020103000100590,2020년 10월 30일 18시,금요일,광주광역시 북구 문흥동,경상사고,0,0,1,0,차대차 - 추돌,안전운전불이행,건조,맑음,단일로 - 기타,승용,남,28세,상해없음,승용,남,61세,경상
2020103000100610,2020년 10월 30일 18시,금요일,광주광역시 북구 오치동,경상사고,0,0,1,0,차대차 - 추돌,안전운전불이행,건조,맑음,기타 - 기타,화물,남,66세,상해없음,승용,여,28세,경상
2020103000100611,2020년 10월 30일 18시,금요일,광주광역시 광산구 산월동,경상사고,0,0,2,0,차대차 - 측면충돌,교차로운행방법위반,건조,맑음,교차로 - 교차로안,승용,남,47세,경상,이륜,남,56세,경상
2020103000100612,2020년 10월 30일 18시,금요일,광주광역시 광산구 월계동,경상사고,0,0,2,0,차대차 - 추돌,안전운전불이행,건조,맑음,교차로 - 교차로부근,승용,여,39세,상해없음,승용,여,46세,경상
2020103000100666,2020년 10월 30일 19시,금요일,광주광역시 남구 진월동,경상사고,0,0,1,0,차대사람 - 횡단중,안전운전불이행,건조,맑음,교차로 - 교차로안,승용,여,23세,상해없음,보행자,여,66세,경상
2020103000100667,2020년 10월 30일 19시,금요일,광주광역시 북구 신용동,중상사고,0,1,2,0,차대차 - 측면충돌,안전거리미확보,건조,맑음,교차로 - 교차로부근,원동기,남,40세,중상,승용,여,22세,경상
2020103000100668,2020년 10월 30일 19시,금요일,광주광역시 광산구 수완동,경상사고,0,0,3,0,차대차 - 측면충돌,교차로운행방법위반,건조,맑음,교차로 - 교차로안,승용,남,52세,상해없음,승용,남,27세,상해없음
2020103000100669,2020년 10월 30일 19시,금요일,광주광역시 광산구 신촌동,경상사고,0,0,1,0,차대차 - 측면충돌,신호위반,건조,맑음,교차로 - 교차로안,승용,남,29세,상해없음,승용,여,67세,경상
2020103000100702,2020년 10월 30일 20시,금요일,광주광역시 북구 두암동,경상사고,0,0,2,0,차대차 - 기타,안전운전불이행,건조,맑음,단일로 - 기타,승용,여,27세,경상,승용,여,57세,경상
2020103100100046,2020년 10월 31일 02시,토요일,광주광역시 남구 주월동,경상사고,0,0,1,0,차대사람 - 기타,안전운전불이행,건조,맑음,단일로 - 기타,기타불명,기타불명,미분류,기타불명,보행자,남,56세,경상
2020103100100071,2020년 10월 31일 05시,토요일,광주광역시 광산구 쌍암동,경상사고,0,0,1,0,차대차 - 추돌,안전운전불이행,건조,맑음,교차로 - 교차로부근,승용,남,38세,상해없음,승용,여,24세,경상
2020103100100120,2020년 10월 31일 08시,토요일,광주광역시 광산구 장덕동,경상사고,0,0,2,0,차대차 - 추돌,안전운전불이행,건조,맑음,단일로 - 기타,이륜,남,25세,경상,승용,남,60세,경상
2020103100100149,2020년 10월 31일 09시,토요일,광주광역시 서구 쌍촌동,경상사고,0,0,1,0,차대차 - 측면충돌,중앙선침범,건조,맑음,단일로 - 기타,승용,남,21세,상해없음,화물,남,66세,경상
2020103100100150,2020년 10월 31일 09시,토요일,광주광역시 남구 주월동,경상사고,0,0,1,0,차대차 - 측면충돌,안전거리미확보,건조,맑음,단일로 - 기타,원동기,남,51세,기타불명,승용,남,37세,상해없음
2020103100100194,2020년 10월 31일 10시,토요일,광주광역시 북구 금곡동,중상사고,0,1,1,0,차량단독 - 기타,안전운전불이행,건조,맑음,단일로 - 기타,승용,남,22세,상해없음,,,,
2020103100100238,2020년 10월 31일 11시,토요일,광주광역시 동구 선교동,경상사고,0,0,2,0,차대차 - 추돌,안전거리미확보,건조,맑음,단일로 - 기타,화물,남,36세,기타불명,승용,남,53세,경상
2020103100100239,2020년 10월 31일 11시,토요일,광주광역시 북구 삼각동,경상사고,0,0,8,0,차대차 - 추돌,안전운전불이행,건조,맑음,단일로 - 기타,승용,남,55세,상해없음,승용,남,48세,경상
2020103100100277,2020년 10월 31일 12시,토요일,광주광역시 광산구 쌍암동,경상사고,0,0,1,0,차대차 - 추돌,안전운전불이행,건조,맑음,교차로 - 교차로부근,승용,남,29세,상해없음,승용,남,46세,경상
2020103100100322,2020년 10월 31일 13시,토요일,광주광역시 북구 양산동,경상사고,0,0,2,0,차대차 - 측면충돌,차로위반,건조,맑음,단일로 - 기타,화물,남,48세,상해없음,승용,남,40세,경상
2020103100100323,2020년 10월 31일 13시,토요일,광주광역시 광산구 산정동,경상사고,0,0,1,0,차대차 - 기타,안전운전불이행,건조,맑음,단일로 - 기타,승용,여,61세,상해없음,자전거,남,10세,경상
2020103100100368,2020년 10월 31일 14시,토요일,광주광역시 광산구 월계동,경상사고,0,0,1,0,차대차 - 기타,안전운전불이행,건조,맑음,교차로 - 교차로안,건설기계,남,57세,기타불명,자전거,남,31세,경상
2020103100100436,2020년 10월 31일 16시,토요일,광주광역시 북구 운암동,경상사고,0,0,1,0,차대차 - 측면충돌,신호위반,건조,맑음,교차로 - 교차로안,승용,남,59세,상해없음,승용,남,34세,경상
2020103100100437,2020년 10월 31일 16시,토요일,광주광역시 북구 양산동,경상사고,0,0,1,1,차대차 - 측면충돌,안전거리미확보,건조,맑음,교차로 - 교차로부근,화물,남,53세,부상신고,승용,여,46세,경상
2020103100100591,2020년 10월 31일 19시,토요일,광주광역시 서구 금호동,경상사고,0,0,2,0,차대차 - 추돌,안전운전불이행,건조,맑음,단일로 - 기타,승용,남,42세,경상,승용,남,53세,경상
2020103100100622,2020년 10월 31일 20시,토요일,광주광역시 광산구 신가동,경상사고,0,0,2,0,차대차 - 정면충돌,신호위반,건조,맑음,교차로 - 교차로안,승용,여,41세,상해없음,승용,남,52세,경상
2020103100100679,2020년 10월 31일 22시,토요일,광주광역시 북구 우산동,중상사고,0,2,0,0,차대사람 - 기타,신호위반,건조,맑음,교차로 - 교차로횡단보도내,이륜,남,20세,중상,보행자,남,64세,중상
2020103100100708,2020년 10월 31일 23시,토요일,광주광역시 북구 용봉동,경상사고,0,0,2,0,차대차 - 측면충돌,안전운전불이행,건조,맑음,단일로 - 기타,승용,남,26세,상해없음,승용,남,62세,경상
2020110100100026,2020년 11월 1일 01시,일요일,광주광역시 광산구 산정동,경상사고,0,0,2,0,차대차 - 기타,안전운전불이행,건조,맑음,교차로 - 교차로안,승합,남,32세,경상,승용,남,26세,경상
2020110100100043,2020년 11월 1일 03시,일요일,광주광역시 서구 유촌동,경상사고,0,0,2,0,차대차 - 측면충돌,신호위반,건조,흐림,교차로 - 교차로안,승용,남,35세,상해없음,승용,남,44세,경상
2020110100100044,2020년 11월 1일 03시,일요일,광주광역시 서구 쌍촌동,중상사고,0,1,1,0,차대차 - 측면충돌,안전거리미확보,건조,맑음,교차로 - 교차로안,승용,남,18세,상해없음,승용,남,64세,경상
2020110100100058,2020년 11월 1일 04시,일요일,광주광역시 광산구 신창동,중상사고,0,1,0,0,차대차 - 추돌,안전운전불이행,건조,맑음,단일로 - 기타,승용,남,65세,상해없음,자전거,여,71세,중상
2020110100100071,2020년 11월 1일 05시,일요일,광주광역시 서구 농성동,중상사고,0,1,0,0,차대사람 - 기타,안전운전불이행,젖음/습기,비,단일로 - 기타,승용,남,52세,상해없음,보행자,남,79세,중상
2020110100100079,2020년 11월 1일 06시,일요일,광주광역시 서구 동천동,경상사고,0,0,1,0,차대차 - 측면충돌,안전운전불이행,건조,맑음,교차로 - 교차로안,승용,남,35세,상해없음,승용,여,28세,경상
2020110100100118,2020년 11월 1일 09시,일요일,광주광역시 북구 매곡동,경상사고,0,0,2,0,차대차 - 추돌,안전운전불이행,건조,맑음,단일로 - 기타,승용,여,68세,상해없음,승용,남,33세,경상
2020110100100160,2020년 11월 1일 11시,일요일,광주광역시 광산구 월계동,경상사고,0,0,7,0,차대차 - 측면충돌,교차로운행방법위반,건조,맑음,교차로 - 교차로안,승용,남,28세,경상,승용,여,45세,경상
2020110100100192,2020년 11월 1일 12시,일요일,광주광역시 광산구 신가동,경상사고,0,0,1,0,차대차 - 추돌,안전운전불이행,건조,맑음,단일로 - 기타,화물,남,46세,상해없음,승용,남,31세,경상
2020110100100223,2020년 11월 1일 13시,일요일,광주광역시 광산구 신창동,경상사고,0,0,1,0,차대차 - 측면충돌,신호위반,젖음/습기,비,교차로 - 교차로안,승용,남,62세,상해없음,승용,남,25세,경상
2020110100100252,2020년 11월 1일 14시,일요일,광주광역시 광산구 운수동,중상사고,0,3,2,0,차대차 - 정면충돌,중앙선침범,젖음/습기,맑음,단일로 - 기타,승용,남,50세,상해없음,승용,남,42세,경상
2020110100100260,2020년 11월 1일 14시,일요일,광주광역시 동구 계림동,경상사고,0,0,1,0,차대차 - 추돌,안전거리미확보,젖음/습기,비,단일로 - 기타,승용,남,51세,상해없음,이륜,남,33세,경상
2020110100100261,2020년 11월 1일 14시,일요일,광주광역시 북구 용봉동,경상사고,0,0,1,0,차대차 - 기타,안전운전불이행,젖음/습기,비,단일로 - 기타,승용,남,40세,상해없음,이륜,남,19세,경상
2020110100100293,2020년 11월 1일 15시,일요일,광주광역시 남구 봉선동,중상사고,0,2,0,0,차대사람 - 횡단중,기타,젖음/습기,비,교차로 - 교차로횡단보도내,이륜,남,17세,상해없음,보행자,여,46세,중상
2020110100100323,2020년 11월 1일 16시,일요일,광주광역시 북구 누문동,경상사고,0,0,1,0,차대차 - 추돌,안전거리미확보,젖음/습기,비,단일로 - 기타,승용,남,52세,상해없음,승용,남,45세,상해없음
2020110100100324,2020년 11월 1일 16시,일요일,광주광역시 남구 서동,경상사고,0,0,1,0,차대차 - 측면충돌,안전거리미확보,건조,맑음,교차로 - 교차로안,승용,여,27세,상해없음,이륜,남,51세,경상
2020110100100325,2020년 11월 1일 16시,일요일,광주광역시 북구 매곡동,경상사고,0,0,1,0,차대차 - 기타,안전운전불이행,젖음/습기,비,단일로 - 기타,승용,남,57세,상해없음,이륜,남,50세,경상
2020110100100369,2020년 11월 1일 17시,일요일,광주광역시 북구 우산동,경상사고,0,0,1,0,차대차 - 측면충돌,안전운전불이행,건조,맑음,교차로 - 교차로안,기타불명,기타불명,미분류,기타불명,승용,남,69세,경상
2020110100100412,2020년 11월 1일 18시,일요일,광주광역시 남구 백운동,경상사고,0,0,3,0,차대차 - 후진중충돌,안전운전불이행,건조,맑음,단일로 - 기타,승용,남,75세,상해없음,승용,남,39세,경상
2020110100100471,2020년 11월 1일 20시,일요일,광주광역시 북구 신용동,중상사고,0,1,0,0,차대사람 - 횡단중,안전운전불이행,젖음/습기,비,단일로 - 기타,승용,여,64세,상해없음,보행자,남,77세,중상
2020110100100472,2020년 11월 1일 20시,일요일,광주광역시 광산구 신가동,경상사고,0,0,1,0,차대차 - 기타,안전거리미확보,젖음/습기,비,단일로 - 기타,승용,남,27세,상해없음,이륜,남,50세,경상
2020110100100499,2020년 11월 1일 21시,일요일,광주광역시 북구 임동,중상사고,0,1,1,0,차대차 - 기타,신호위반,젖음/습기,흐림,교차로 - 교차로안,승용,남,56세,기타불명,승용,남,30세,경상
2020110200100011,2020년 11월 2일 00시,월요일,광주광역시 동구 소태동,중상사고,0,1,0,0,차대사람 - 기타,신호위반,젖음/습기,비,교차로 - 교차로안,승용,남,61세,기타불명,보행자,남,44세,중상
2020110200100069,2020년 11월 2일 06시,월요일,광주광역시 북구 용두동,경상사고,0,0,1,0,차대차 - 측면충돌,안전운전불이행,건조,맑음,교차로 - 교차로안,승용,남,67세,상해없음,자전거,남,38세,경상
2020110200100070,2020년 11월 2일 06시,월요일,광주광역시 북구 임동,중상사고,0,1,0,0,차대차 - 기타,신호위반,건조,맑음,교차로 - 교차로안,이륜,남,57세,중상,승용,여,53세,상해없음
2020110200100093,2020년 11월 2일 07시,월요일,광주광역시 동구 학동,경상사고,0,0,2,0,차대차 - 기타,안전거리미확보,건조,맑음,단일로 - 교량,승합,남,60세,상해없음,승용,남,40세,경상
2020110200100094,2020년 11월 2일 07시,월요일,광주광역시 광산구 신창동,경상사고,0,0,1,0,차대차 - 측면충돌,안전운전불이행,건조,맑음,교차로 - 교차로부근,건설기계,남,55세,상해없음,화물,남,53세,경상
2020110200100131,2020년 11월 2일 08시,월요일,광주광역시 동구 용산동,경상사고,0,0,1,0,차대차 - 추돌,안전운전불이행,건조,맑음,교차로 - 교차로부근,승용,남,87세,기타불명,승용,여,37세,경상
2020110200100132,2020년 11월 2일 08시,월요일,광주광역시 서구 농성동,경상사고,0,0,1,0,차대차 - 측면충돌,안전거리미확보,건조,맑음,단일로 - 기타,승용,남,37세,상해없음,승용,남,66세,경상
2020110200100133,2020년 11월 2일 08시,월요일,광주광역시 북구 연제동,경상사고,0,0,1,0,차대차 - 측면충돌,안전거리미확보,건조,맑음,단일로 - 기타,승용,남,46세,기타불명,승용,남,37세,경상
2020110200100134,2020년 11월 2일 08시,월요일,광주광역시 북구 용봉동,경상사고,0,0,1,0,차대사람 - 횡단중,보행자보호의무위반,건조,맑음,단일로 - 기타,기타불명,기타불명,미분류,기타불명,보행자,여,20세,경상
2020110200100135,2020년 11월 2일 08시,월요일,광주광역시 북구 오룡동,중상사고,0,1,0,0,차대차 - 측면충돌,신호위반,건조,맑음,교차로 - 교차로부근,승용,남,47세,상해없음,자전거,여,30세,중상
2020110200100161,2020년 11월 2일 09시,월요일,광주광역시 서구 화정동,경상사고,0,0,1,0,차대차 - 추돌,안전운전불이행,건조,맑음,교차로 - 교차로부근,승용,남,30세,상해없음,승용,남,32세,경상
2020110200100162,2020년 11월 2일 09시,월요일,광주광역시 서구 금호동,경상사고,0,0,1,0,차대차 - 측면충돌,안전거리미확보,건조,맑음,단일로 - 기타,승용,남,40세,상해없음,화물,남,57세,경상
2020110200100163,2020년 11월 2일 09시,월요일,광주광역시 북구 두암동,경상사고,0,0,1,0,차대차 - 추돌,안전운전불이행,건조,맑음,기타 - 기타,승용,여,51세,상해없음,승용,남,63세,경상
2020110200100236,2020년 11월 2일 11시,월요일,광주광역시 북구 우산동,경상사고,0,0,1,0,차대차 - 측면충돌,안전운전불이행,건조,맑음,단일로 - 기타,자전거,남,79세,경상,승용,남,55세,상해없음
2020110200100237,2020년 11월 2일 11시,월요일,광주광역시 북구 우산동,경상사고,0,0,1,0,차대차 - 측면충돌,안전운전불이행,건조,맑음,교차로 - 교차로안,화물,남,59세,상해없음,승용,남,68세,경상
2020110200100267,2020년 11월 2일 12시,월요일,광주광역시 동구 금남로5가,경상사고,0,0,1,0,차대차 - 측면충돌,교차로운행방법위반,건조,맑음,교차로 - 교차로안,화물,남,76세,상해없음,승용,남,65세,경상
2020110200100268,2020년 11월 2일 12시,월요일,광주광역시 북구 임동,경상사고,0,0,2,0,차대차 - 측면충돌,교차로운행방법위반,건조,맑음,교차로 - 교차로안,승용,여,47세,기타불명,승용,여,49세,경상
2020110200100303,2020년 11월 2일 13시,월요일,광주광역시 광산구 운수동,경상사고,0,0,9,0,차대차 - 추돌,신호위반,건조,맑음,단일로 - 기타,승합,남,62세,상해없음,화물,남,56세,경상
2020110200100339,2020년 11월 2일 14시,월요일,광주광역시 북구 임동,경상사고,0,0,1,0,차대차 - 기타,안전운전불이행,건조,맑음,교차로 - 교차로안,승용,여,61세,상해없음,승용,남,20세,경상
2020110200100379,2020년 11월 2일 15시,월요일,광주광역시 동구 서석동,경상사고,0,0,1,0,차대차 - 측면충돌,신호위반,건조,맑음,교차로 - 교차로안,승용,남,23세,상해없음,승용,남,71세,경상
2020110200100380,2020년 11월 2일 15시,월요일,광주광역시 남구 주월동,중상사고,0,1,0,0,차대사람 - 차도통행중,안전운전불이행,건조,맑음,단일로 - 기타,화물,남,59세,상해없음,보행자,여,89세,중상