사고번호,사고일시,요일,시군구,사고내용,사망자수,중상자수,경상자수,부상신고자수,사고유형,법규위반,노면상태,기상상태,도로형태,가해운전자 차종,가해운전자 성별,가해운전자 연령,가해운전자 상해정도,피해운전자 차종,피해운전자 성별,피해운전자 연령,피해운전자 상해정도
2020110700100539,2020년 11월 7일 18시,토요일,광주광역시 광산구 소촌동,경상사고,0,0,2,0,차대차 - 추돌,안전운전불이행,건조,맑음,단일로 - 기타,승용,남,24세,상해없음,승용,남,47세,경상
2020110700100581,2020년 11월 7일 19시,토요일,광주광역시 광산구 우산동,경상사고,0,0,2,0,차대차 - 추돌,안전거리미확보,건조,맑음,단일로 - 교량,승용,남,48세,경상,승용,여,52세,상해없음
2020110700100613,2020년 11월 7일 20시,토요일,광주광역시 서구 치평동,경상사고,0,0,1,1,차대차 - 기타,교차로운행방법위반,건조,맑음,교차로 - 교차로부근,승용,여,46세,부상신고,승합,남,41세,경상
2020110700100614,2020년 11월 7일 20시,토요일,광주광역시 북구 중흥동,경상사고,0,0,1,0,차대차 - 측면충돌,안전운전불이행,건조,맑음,단일로 - 기타,승용,남,64세,상해없음,승용,남,66세,상해없음
2020110700100615,2020년 11월 7일 20시,토요일,광주광역시 광산구 월계동,경상사고,0,0,1,0,차대차 - 기타,신호위반,건조,맑음,교차로 - 교차로안,기타불명,기타불명,미분류,기타불명,원동기,남,45세,경상
2020110700100616,2020년 11월 7일 20시,토요일,광주광역시 광산구 우산동,경상사고,0,0,1,0,차대차 - 측면충돌,안전운전불이행,건조,맑음,교차로 - 교차로부근,승용,남,61세,상해없음,승용,남,24세,경상
2020110700100643,2020년 11월 7일 21시,토요일,광주광역시 북구 용봉동,경상사고,0,0,2,0,차대차 - 측면충돌,안전운전불이행,건조,맑음,단일로 - 터널,승용,남,61세,경상,승용,여,44세,경상
2020110700100666,2020년 11월 7일 22시,토요일,광주광역시 광산구 신가동,중상사고,0,1,0,0,차대차 - 측면충돌,신호위반,건조,맑음,교차로 - 교차로안,승용,남,23세,상해없음,이륜,남,45세,중상
2020110700100687,2020년 11월 7일 23시,토요일,광주광역시 서구 화정동,중상사고,0,1,1,0,차대차 - 측면충돌,신호위반,건조,맑음,교차로 - 교차로안,승용,남,35세,상해없음,승용,남,55세,경상
2020110800100023,2020년 11월 8일 00시,일요일,광주광역시 서구 치평동,중상사고,0,1,0,0,차대차 - 측면충돌,안전운전불이행,건조,맑음,교차로 - 교차로부근,승용,남,18세,상해없음,승용,남,45세,기타불명
2020110800100064,2020년 11월 8일 04시,일요일,광주광역시 서구 치평동,중상사고,0,1,0,0,차대사람 - 횡단중,보행자보호의무위반,건조,맑음,단일로 - 기타,기타불명,기타불명,미분류,기타불명,보행자,남,26세,중상
2020110800100071,2020년 11월 8일 05시,일요일,광주광역시 북구 임동,사망사고,1,0,0,0,차대사람 - 횡단중,안전운전불이행,건조,맑음,단일로 - 기타,승용,남,63세,상해없음,보행자,남,72세,사망
2020110800100094,2020년 11월 8일 08시,일요일,광주광역시 남구 월산동,경상사고,0,0,4,1,차대차 - 추돌,안전운전불이행,건조,맑음,단일로 - 기타,승용,남,50세,부상신고,승용,남,61세,경상
2020110800100138,2020년 11월 8일 10시,일요일,광주광역시 서구 화정동,경상사고,0,0,1,0,차대차 - 기타,안전운전불이행,건조,맑음,단일로 - 기타,승용,남,26세,상해없음,승용,여,42세,경상
2020110800100165,2020년 11월 8일 11시,일요일,광주광역시 광산구 월전동,경상사고,0,0,2,0,차대차 - 측면충돌,안전운전불이행,건조,맑음,교차로 - 교차로안,승용,남,22세,상해없음,승용,남,60세,경상
2020110800100356,2020년 11월 8일 16시,일요일,광주광역시 북구 매곡동,경상사고,0,0,1,0,차대차 - 측면충돌,교차로운행방법위반,건조,맑음,교차로 - 교차로안,승용,여,58세,상해없음,자전거,남,58세,경상
2020110800100357,2020년 11월 8일 16시,일요일,광주광역시 북구 대촌동,경상사고,0,0,2,0,차대차 - 측면충돌,교차로운행방법위반,건조,맑음,교차로 - 교차로안,승용,여,40세,경상,승용,여,55세,경상
2020110800100400,2020년 11월 8일 17시,일요일,광주광역시 광산구 월계동,경상사고,0,0,4,0,차대차 - 기타,안전운전불이행,건조,맑음,단일로 - 기타,승용,남,36세,상해없음,승용,남,36세,경상
2020110800100448,2020년 11월 8일 18시,일요일,광주광역시 광산구 도산동,경상사고,0,0,3,0,차대차 - 기타,교차로운행방법위반,건조,맑음,교차로 - 교차로안,승용,남,74세,경상,승용,여,49세,경상
2020110800100449,2020년 11월 8일 18시,일요일,광주광역시 광산구 우산동,경상사고,0,0,1,0,차량단독 - 기타,기타,건조,맑음,교차로 - 교차로안,승용,남,54세,상해없음,,,,
2020110800100512,2020년 11월 8일 20시,일요일,광주광역시 광산구 신촌동,중상사고,0,1,0,0,차대차 - 측면충돌,중앙선침범,건조,맑음,단일로 - 기타,승용,남,54세,상해없음,이륜,남,47세,중상
2020110800100531,2020년 11월 8일 21시,일요일,광주광역시 북구 두암동,경상사고,0,0,1,0,차대사람 - 기타,안전운전불이행,건조,맑음,단일로 - 기타,승용,여,49세,상해없음,보행자,남,68세,경상
2020110800100548,2020년 11월 8일 22시,일요일,광주광역시 북구 운암동,경상사고,0,0,1,0,차대차 - 추돌,안전거리미확보,건조,맑음,단일로 - 기타,승용,남,27세,상해없음,승용,남,27세,경상
2020110800100549,2020년 11월 8일 22시,일요일,광주광역시 광산구 신가동,중상사고,0,1,0,0,차대차 - 측면충돌,안전거리미확보,건조,맑음,단일로 - 기타,승용,남,68세,상해없음,이륜,남,19세,중상
2020110800100563,2020년 11월 8일 23시,일요일,광주광역시 북구 오치동,경상사고,0,0,2,0,차대차 - 측면충돌,안전운전불이행,건조,맑음,단일로 - 기타,이륜,남,51세,경상,승용,여,58세,경상
2020110900100113,2020년 11월 9일 08시,월요일,광주광역시 북구 동림동,경상사고,0,0,1,0,차대차 - 추돌,안전운전불이행,건조,맑음,기타 - 기타,승용,남,21세,상해없음,승용,여,48세,경상
2020110900100130,2020년 11월 9일 08시,월요일,광주광역시 남구 월산동,중상사고,0,1,1,0,차대차 - 측면충돌,교차로운행방법위반,건조,맑음,교차로 - 교차로안,승용,여,38세,경상,승용,여,26세,중상
2020110900100131,2020년 11월 9일 08시,월요일,광주광역시 광산구 우산동,경상사고,0,0,1,0,차대사람 - 기타,안전운전불이행,건조,맑음,기타 - 기타,승용,남,75세,기타불명,보행자,남,8세,경상
2020110900100171,2020년 11월 9일 09시,월요일,광주광역시 북구 두암동,경상사고,0,0,1,0,차대차 - 기타,안전운전불이행,건조,맑음,교차로 - 교차로안,승용,남,63세,상해없음,승용,남,45세,경상
2020110900100210,2020년 11월 9일 10시,월요일,광주광역시 동구 대인동,경상사고,0,0,1,0,차대차 - 기타,안전운전불이행,건조,맑음,단일로 - 기타,승용,여,50세,상해없음,승용,남,54세,경상
2020110900100211,2020년 11월 9일 10시,월요일,광주광역시 동구 학동,경상사고,0,0,1,0,차량단독 - 기타,기타,건조,맑음,기타 - 기타,승합,남,51세,상해없음,,,,
2020110900100212,2020년 11월 9일 10시,월요일,광주광역시 북구 오치동,경상사고,0,0,3,0,차대차 - 추돌,안전운전불이행,건조,맑음,단일로 - 기타,승용,남,55세,상해없음,승용,남,55세,경상
2020110900100213,2020년 11월 9일 10시,월요일,광주광역시 북구 운암동,중상사고,0,1,2,1,차대차 - 기타,안전거리미확보,건조,맑음,단일로 - 기타,승용,남,55세,상해없음,승용,남,30세,경상
2020110900100214,2020년 11월 9일 10시,월요일,광주광역시 광산구 소촌동,중상사고,0,1,4,0,차대차 - 추돌,안전운전불이행,건조,맑음,단일로 - 기타,화물,남,49세,상해없음,승용,남,59세,경상
2020110900100243,2020년 11월 9일 11시,월요일,광주광역시 남구 월산동,경상사고,0,0,3,0,차대차 - 측면충돌,안전운전불이행,건조,맑음,교차로 - 교차로안,승용,여,50세,상해없음,승용,남,42세,경상
2020110900100244,2020년 11월 9일 11시,월요일,광주광역시 남구 월산동,경상사고,0,0,2,0,차대차 - 측면충돌,교차로운행방법위반,건조,맑음,교차로 - 교차로안,승용,남,34세,경상,승용,남,70세,경상
2020110900100295,2020년 11월 9일 12시,월요일,광주광역시 광산구 장덕동,경상사고,0,0,1,0,차대차 - 측면충돌,중앙선침범,건조,맑음,교차로 - 교차로부근,이륜,남,50세,상해없음,승용,여,35세,경상
2020110900100329,2020년 11월 9일 13시,월요일,광주광역시 남구 구동,경상사고,0,0,1,0,차대차 - 측면충돌,안전거리미확보,기타,맑음,교차로 - 교차로부근,승용,남,42세,상해없음,이륜,남,54세,경상
2020110900100330,2020년 11월 9일 13시,월요일,광주광역시 북구 운암동,경상사고,0,0,2,0,차대차 - 기타,안전운전불이행,건조,맑음,단일로 - 기타,승용,여,37세,경상,승용,남,35세,경상
2020110900100361,2020년 11월 9일 14시,월요일,광주광역시 서구 덕흥동,경상사고,0,0,1,0,차대차 - 정면충돌,안전운전불이행,건조,맑음,교차로 - 교차로안,승용,여,57세,상해없음,화물,남,41세,경상
2020110900100362,2020년 11월 9일 14시,월요일,광주광역시 광산구 진곡동,경상사고,0,0,2,0,차대차 - 기타,안전거리미확보,건조,맑음,교차로 - 교차로안,화물,남,31세,경상,화물,남,39세,상해없음
2020110900100418,2020년 11월 9일 15시,월요일,광주광역시 북구 운암동,경상사고,0,0,1,0,차대차 - 기타,안전운전불이행,건조,맑음,단일로 - 기타,이륜,남,21세,경상,승용,여,58세,상해없음
2020110900100459,2020년 11월 9일 16시,월요일,광주광역시 동구 소태동,경상사고,0,0,1,0,차대차 - 기타,안전운전불이행,건조,맑음,단일로 - 기타,이륜,남,17세,경상,개인형이동수단(PM),남,16세,상해없음
2020110900100461,2020년 11월 9일 16시,월요일,광주광역시 서구 쌍촌동,경상사고,0,0,1,0,차대차 - 측면충돌,교차로운행방법위반,건조,맑음,교차로 - 교차로안,승합,남,75세,상해없음,이륜,남,41세,경상
2020110900100514,2020년 11월 9일 17시,월요일,광주광역시 서구 금호동,경상사고,0,0,1,0,차대차 - 추돌,안전운전불이행,건조,맑음,단일로 - 기타,승용,남,43세,상해없음,승용,여,33세,경상
2020110900100515,2020년 11월 9일 17시,월요일,광주광역시 북구 용봉동,경상사고,0,0,1,0,차대사람 - 기타,안전운전불이행,건조,맑음,단일로 - 기타,승용,여,41세,상해없음,보행자,여,63세,경상
2020110900100516,2020년 11월 9일 17시,월요일,광주광역시 광산구 수완동,경상사고,0,0,1,0,차대차 - 측면충돌,교차로운행방법위반,건조,맑음,교차로 - 교차로안,승용,남,63세,상해없음,화물,남,48세,경상
2020110900100572,2020년 11월 9일 18시,월요일,광주광역시 북구 용봉동,경상사고,0,0,1,0,차대차 - 추돌,안전운전불이행,건조,맑음,단일로 - 기타,승용,남,54세,상해없음,승용,여,43세,경상
2020110900100610,2020년 11월 9일 19시,월요일,광주광역시 서구 쌍촌동,경상사고,0,0,1,0,차대차 - 측면충돌,교차로운행방법위반,건조,맑음,교차로 - 교차로안,승용,남,69세,상해없음,승용,남,63세,경상
2020110900100611,2020년 11월 9일 19시,월요일,광주광역시 서구 농성동,부상신고사고,0,0,0,1,차대차 - 측면충돌,교차로운행방법위반,건조,맑음,교차로 - 교차로안,승용,남,64세,부상신고,승용,남,39세,상해없음
2020110900100612,2020년 11월 9일 19시,월요일,광주광역시 광산구 월계동,경상사고,0,0,1,0,차대사람 - 보도통행중,안전운전불이행,건조,맑음,단일로 - 기타,승용,남,31세,상해없음,보행자,여,22세,경상
2020110900100642,2020년 11월 9일 20시,월요일,광주광역시 광산구 송정동,경상사고,0,0,1,0,차대차 - 측면충돌,직진우회전진행방해,건조,맑음,교차로 - 교차로안,승용,남,18세,기타불명,승용,남,60세,경상
2020110900100656,2020년 11월 9일 21시,월요일,광주광역시 북구 우산동,경상사고,0,0,5,0,차대차 - 추돌,안전운전불이행,기타,맑음,단일로 - 기타,승용,남,61세,상해없음,승용,여,28세,경상
2020110900100657,2020년 11월 9일 21시,월요일,광주광역시 광산구 우산동,경상사고,0,0,2,0,차대차 - 추돌,교차로운행방법위반,건조,맑음,단일로 - 교량,승용,남,61세,경상,승용,여,30세,경상
2020111000100020,2020년 11월 10일 01시,화요일,광주광역시 남구 봉선동,사망사고,1,0,0,0,차량단독 - 기타,안전운전불이행,건조,맑음,단일로 - 기타,이륜,남,18세,사망,,,,
2020111000100021,2020년 11월 10일 01시,화요일,광주광역시 북구 용봉동,경상사고,0,0,1,0,차대사람 - 횡단중,안전운전불이행,건조,맑음,단일로 - 기타,승용,남,48세,상해없음,보행자,남,45세,경상
2020111000100141,2020년 11월 10일 08시,화요일,광주광역시 북구 본촌동,경상사고,0,0,1,0,차대차 - 추돌,안전운전불이행,건조,맑음,단일로 - 기타,승용,남,24세,상해없음,승용,여,43세,경상
2020111000100142,2020년 11월 10일 08시,화요일,광주광역시 광산구 소촌동,경상사고,0,0,2,0,차대차 - 측면충돌,교차로운행방법위반,건조,맑음,교차로 - 교차로안,승용,남,32세,상해없음,승용,여,40세,경상
2020111000100181,2020년 11월 10일 09시,화요일,광주광역시 동구 학동,경상사고,0,0,4,0,차대차 - 측면충돌,신호위반,건조,맑음,단일로 - 기타,승용,남,77세,상해없음,승용,여,30세,경상
2020111000100182,2020년 11월 10일 09시,화요일,광주광역시 서구 치평동,경상사고,0,0,1,0,차대차 - 측면충돌,신호위반,건조,맑음,교차로 - 교차로안,승용,여,67세,상해없음,승용,남,31세,경상
2020111000100221,2020년 11월 10일 10시,화요일,광주광역시 동구 지산동,경상사고,0,0,1,0,차대사람 - 기타,안전운전불이행,건조,맑음,기타 - 기타,자전거,여,22세,상해없음,보행자,여,73세,경상
2020111000100255,2020년 11월 10일 11시,화요일,광주광역시 동구 금남로4가,경상사고,0,0,1,0,차대차 - 측면충돌,교차로운행방법위반,건조,맑음,교차로 - 교차로안,승용,남,45세,상해없음,승용,남,72세,경상
2020111000100256,2020년 11월 10일 11시,화요일,광주광역시 광산구 우산동,경상사고,0,0,1,0,차대차 - 측면충돌,직진우회전진행방해,건조,맑음,교차로 - 교차로안,승용,여,45세,기타불명,승용,남,29세,경상
2020111000100324,2020년 11월 10일 13시,화요일,광주광역시 서구 쌍촌동,중상사고,0,1,0,0,차대차 - 측면충돌,안전운전불이행,건조,맑음,단일로 - 기타,승용,여,60세,상해없음,자전거,남,68세,중상
2020111000100325,2020년 11월 10일 13시,화요일,광주광역시 북구 일곡동,중상사고,0,1,0,0,차대차 - 기타,교차로운행방법위반,건조,맑음,교차로 - 교차로안,이륜,남,79세,중상,승용,남,51세,상해없음
2020111000100364,2020년 11월 10일 14시,화요일,광주광역시 서구 쌍촌동,경상사고,0,0,2,0,차대차 - 기타,안전운전불이행,건조,맑음,교차로 - 교차로안,승용,남,68세,상해없음,승용,남,63세,경상
2020111000100365,2020년 11월 10일 14시,화요일,광주광역시 광산구 장덕동,사망사고,1,0,0,0,차량단독 - 공작물충돌,안전운전불이행,건조,맑음,교차로 - 교차로부근,이륜,남,19세,사망,,,,
2020111000100366,2020년 11월 10일 14시,화요일,광주광역시 광산구 우산동,경상사고,0,0,4,0,차대차 - 측면충돌,교차로운행방법위반,건조,맑음,교차로 - 교차로안,승용,남,45세,경상,승용,여,46세,경상
2020111000100409,2020년 11월 10일 15시,화요일,광주광역시 북구 신안동,경상사고,0,0,2,0,차대차 - 측면충돌,교차로운행방법위반,건조,맑음,교차로 - 교차로안,승용,남,58세,경상,승용,남,72세,경상
2020111000100410,2020년 11월 10일 15시,화요일,광주광역시 북구 중흥동,경상사고,0,0,1,0,차량단독 - 기타,안전운전불이행,건조,맑음,단일로 - 기타,승용,남,64세,기타불명,,,,
2020111000100522,2020년 11월 10일 17시,화요일,광주광역시 서구 쌍촌동,경상사고,0,0,1,0,차대차 - 기타,안전거리미확보,건조,맑음,단일로 - 기타,승용,남,51세,상해없음,승용,여,49세,경상
2020111000100523,2020년 11월 10일 17시,화요일,광주광역시 광산구 비아동,경상사고,0,0,2,0,차대차 - 측면충돌,안전거리미확보,건조,맑음,단일로 - 기타,승용,남,56세,상해없음,승용,남,39세,경상
2020111000100585,2020년 11월 10일 18시,화요일,광주광역시 서구 벽진동,경상사고,0,0,2,0,차대차 - 기타,안전거리미확보,건조,맑음,단일로 - 기타,승용,남,40세,상해없음,승용,여,57세,경상
2020111000100586,2020년 11월 10일 18시,화요일,광주광역시 북구 북동,경상사고,0,0,1,0,차대차 - 측면충돌,신호위반,건조,맑음,교차로 - 교차로안,승용,여,57세,상해없음,승용,여,24세,경상
2020111000100587,2020년 11월 10일 18시,화요일,광주광역시 광산구 하남동,경상사고,0,0,1,0,차대차 - 측면충돌,안전운전불이행,건조,맑음,단일로 - 기타,화물,남,52세,기타불명,승용,여,53세,경상
2020111000100588,2020년 11월 10일 18시,화요일,광주광역시 광산구 장록동,경상사고,0,0,2,0,차대차 - 측면충돌,안전거리미확보,건조,맑음,교차로 - 교차로안,화물,남,68세,경상,승용,남,74세,경상
2020111000100628,2020년 11월 10일 19시,화요일,광주광역시 서구 화정동,경상사고,0,0,1,0,차대차 - 추돌,안전운전불이행,건조,맑음,교차로 - 교차로부근,승용,남,49세,상해없음,승합,남,49세,경상
2020111000100629,2020년 11월 10일 19시,화요일,광주광역시 북구 두암동,경상사고,0,0,3,0,차대차 - 측면충돌,교차로운행방법위반,건조,맑음,교차로 - 교차로안,승용,남,69세,상해없음,승합,남,62세,경상
2020111000100630,2020년 11월 10일 19시,화요일,광주광역시 광산구 하남동,경상사고,0,0,3,1,차대차 - 측면충돌,안전거리미확보,건조,맑음,단일로 - 기타,승용,여,41세,부상신고,승용,남,52세,경상
2020111000100704,2020년 11월 10일 21시,화요일,광주광역시 광산구 쌍암동,경상사고,0,0,2,0,차대차 - 추돌,안전거리미확보,건조,맑음,교차로 - 교차로부근,승용,남,69세,상해없음,승용,남,40세,경상
2020111100100079,2020년 11월 11일 07시,수요일,광주광역시 북구 용강동,경상사고,0,0,1,0,차대차 - 추돌,직진우회전진행방해,건조,맑음,기타 - 기타,화물,남,75세,상해없음,승용,남,28세,경상
2020111100100123,2020년 11월 11일 08시,수요일,광주광역시 동구 금남로3가,경상사고,0,0,1,0,차대차 - 측면충돌,신호위반,건조,맑음,교차로 - 교차로안,승용,남,72세,기타불명,승용,남,34세,경상
2020111100100124,2020년 11월 11일 08시,수요일,광주광역시 북구 동림동,경상사고,0,0,1,1,차대차 - 측면충돌,안전거리미확보,건조,맑음,단일로 - 기타,승용,남,61세,부상신고,승용,남,52세,경상
2020111100100125,2020년 11월 11일 08시,수요일,광주광역시 광산구 신창동,경상사고,0,0,1,0,차대차 - 측면충돌,안전운전불이행,건조,맑음,교차로 - 교차로부근,자전거,남,16세,경상,승용,남,36세,상해없음
2020111100100126,2020년 11월 11일 08시,수요일,광주광역시 광산구 흑석동,경상사고,0,0,1,0,차대차 - 측면충돌,기타,건조,맑음,단일로 - 기타,화물,남,53세,기타불명,승용,여,41세,경상
2020111100100211,2020년 11월 11일 10시,수요일,광주광역시 북구 두암동,경상사고,0,0,2,0,차대차 - 측면충돌,안전운전불이행,건조,맑음,단일로 - 기타,승용,여,26세,경상,승용,여,58세,경상
2020111100100302,2020년 11월 11일 12시,수요일,광주광역시 북구 본촌동,중상사고,0,1,1,0,차대차 - 기타,안전거리미확보,건조,맑음,단일로 - 기타,화물,남,42세,상해없음,승용,남,36세,중상
2020111100100303,2020년 11월 11일 12시,수요일,광주광역시 광산구 송정동,경상사고,0,0,2,0,차대차 - 추돌,안전운전불이행,건조,맑음,교차로 - 교차로안,승용,여,49세,상해없음,이륜,남,54세,경상
2020111100100343,2020년 11월 11일 13시,수요일,광주광역시 북구 신안동,경상사고,0,0,2,0,차대차 - 추돌,안전운전불이행,건조,맑음,교차로 - 교차로부근,승용,남,65세,상해없음,승용,남,36세,경상
2020111100100379,2020년 11월 11일 14시,수요일,광주광역시 북구 동림동,경상사고,0,0,1,0,차대차 - 기타,교차로운행방법위반,건조,맑음,교차로 - 교차로안,화물,남,70세,상해없음,이륜,남,78세,경상
2020111100100426,2020년 11월 11일 15시,수요일,광주광역시 남구 주월동,경상사고,0,0,1,0,차대차 - 기타,안전거리미확보,건조,맑음,교차로 - 교차로부근,승용,여,60세,상해없음,승용,남,24세,경상
2020111100100427,2020년 11월 11일 15시,수요일,광주광역시 남구 송하동,경상사고,0,0,1,0,차대차 - 측면충돌,안전거리미확보,건조,맑음,단일로 - 기타,승용,남,64세,상해없음,승용,남,32세,경상
2020111100100474,2020년 11월 11일 16시,수요일,광주광역시 동구 대인동,경상사고,0,0,1,0,차대차 - 측면충돌,차로위반,건조,맑음,기타 - 기타,승용,남,75세,상해없음,화물,남,57세,경상
2020111100100475,2020년 11월 11일 16시,수요일,광주광역시 서구 화정동,부상신고사고,0,0,0,1,차대사람 - 길가장자리구역통행중,안전운전불이행,건조,맑음,단일로 - 기타,승용,여,29세,상해없음,보행자,여,11세,부상신고
2020111100100476,2020년 11월 11일 16시,수요일,광주광역시 서구 농성동,경상사고,0,0,3,0,차대차 - 기타,안전거리미확보,건조,맑음,단일로 - 기타,승용,여,59세,상해없음,승용,남,29세,경상
2020111100100477,2020년 11월 11일 16시,수요일,광주광역시 남구 월산동,중상사고,0,1,0,0,차대사람 - 횡단중,안전운전불이행,건조,맑음,교차로 - 교차로안,승용,여,22세,상해없음,보행자,여,80세,중상
2020111100100478,2020년 11월 11일 16시,수요일,광주광역시 북구 용두동,중상사고,0,1,0,0,차대사람 - 기타,안전운전불이행,건조,맑음,단일로 - 기타,승용,여,29세,상해없음,보행자,여,9세,중상
2020111100100479,2020년 11월 11일 16시,수요일,광주광역시 북구 오룡동,경상사고,0,0,2,0,차대차 - 기타,안전운전불이행,건조,맑음,단일로 - 기타,승용,남,26세,경상,화물,남,61세,경상
2020111100100521,2020년 11월 11일 17시,수요일,광주광역시 동구 충장로5가,부상신고사고,0,0,0,1,차대차 - 측면충돌,불법유턴,건조,맑음,교차로 - 교차로안,자전거,여,28세,부상신고,승용,남,49세,상해없음
2020111100100522,2020년 11월 11일 17시,수요일,광주광역시 광산구 신창동,부상신고사고,0,0,0,1,차대차 - 측면충돌,안전운전불이행,건조,맑음,교차로 - 교차로안,원동기,남,50세,부상신고,화물,남,51세,상해없음
2020111100100595,2020년 11월 11일 18시,수요일,광주광역시 서구 치평동,경상사고,0,0,1,0,차대차 - 추돌,안전운전불이행,건조,맑음,교차로 - 교차로부근,승용,여,62세,상해없음,승용,여,45세,경상
2020111100100686,2020년 11월 11일 20시,수요일,광주광역시 서구 치평동,경상사고,0,0,2,0,차대차 - 기타,안전운전불이행,건조,맑음,교차로 - 교차로안,승용,여,62세,상해없음,승용,남,33세,경상
2020111100100687,2020년 11월 11일 20시,수요일,광주광역시 북구 매곡동,경상사고,0,0,1,1,차대차 - 측면충돌,안전운전불이행,건조,맑음,단일로 - 기타,승용,남,41세,부상신고,승용,여,39세,경상
2020111200100017,2020년 11월 12일 00시,목요일,광주광역시 북구 운암동,경상사고,0,0,2,0,차대차 - 기타,중앙선침범,건조,맑음,단일로 - 기타,개인형이동수단(PM),남,37세,경상,이륜,남,21세,경상
2020111200100018,2020년 11월 12일 00시,목요일,광주광역시 북구 양산동,경상사고,0,0,1,0,차대차 - 기타,안전운전불이행,건조,맑음,단일로 - 기타,승용,남,57세,경상,승용,여,67세,기타불명
2020111200100029,2020년 11월 12일 01시,목요일,광주광역시 동구 금남로3가,경상사고,0,0,2,0,차대차 - 측면충돌,신호위반,건조,맑음,교차로 - 교차로안,승용,남,60세,상해없음,승용,남,35세,경상
2020111200100030,2020년 11월 12일 01시,목요일,광주광역시 남구 진월동,중상사고,0,1,0,0,차대차 - 측면충돌,신호위반,건조,맑음,교차로 - 교차로안,승용,남,48세,상해없음,이륜,남,16세,중상
2020111200100058,2020년 11월 12일 05시,목요일,광주광역시 서구 쌍촌동,경상사고,0,0,3,0,차대차 - 측면충돌,안전운전불이행,건조,맑음,교차로 - 교차로안,승용,여,37세,경상,승용,남,53세,경상
2020111200100140,2020년 11월 12일 08시,목요일,광주광역시 광산구 장덕동,경상사고,0,0,2,0,차대차 - 측면충돌,직진우회전진행방해,건조,맑음,교차로 - 교차로안,승용,남,36세,경상,승용,남,34세,경상
2020111200100181,2020년 11월 12일 09시,목요일,광주광역시 북구 용두동,중상사고,0,1,1,0,차대차 - 추돌,과속,건조,맑음,단일로 - 교량,승용,남,45세,중상,화물,남,36세,경상
2020111200100182,2020년 11월 12일 09시,목요일,광주광역시 북구 오치동,경상사고,0,0,5,0,차대차 - 측면충돌,교차로운행방법위반,건조,맑음,교차로 - 교차로안,승용,남,73세,경상,승용,남,23세,경상
2020111200100183,2020년 11월 12일 09시,목요일,광주광역시 광산구 하남동,경상사고,0,0,1,0,차대차 - 측면충돌,안전거리미확보,건조,맑음,단일로 - 기타,화물,남,54세,상해없음,승용,남,35세,경상
2020111200100204,2020년 11월 12일 10시,목요일,광주광역시 광산구 우산동,사망사고,1,0,0,0,차대사람 - 보도통행중,보행자보호의무위반,건조,맑음,교차로 - 교차로횡단보도내,화물,남,64세,상해없음,보행자,여,84세,사망
2020111200100239,2020년 11월 12일 11시,목요일,광주광역시 북구 연제동,중상사고,0,1,0,0,차대사람 - 기타,안전운전불이행,건조,맑음,단일로 - 기타,화물,남,49세,상해없음,보행자,남,35세,중상
2020111200100273,2020년 11월 12일 12시,목요일,광주광역시 광산구 월계동,중상사고,0,1,2,0,차대차 - 측면충돌,과속,건조,맑음,단일로 - 기타,이륜,남,29세,중상,승용,여,54세,경상
2020111200100387,2020년 11월 12일 15시,목요일,광주광역시 북구 신안동,경상사고,0,0,1,0,차대차 - 측면충돌,안전운전불이행,건조,맑음,교차로 - 교차로안,건설기계,남,50세,상해없음,승용,남,64세,경상
2020111200100389,2020년 11월 12일 15시,목요일,광주광역시 광산구 신창동,경상사고,0,0,3,0,차대차 - 추돌,안전운전불이행,건조,맑음,교차로 - 교차로부근,승용,남,59세,상해없음,승용,남,40세,경상
2020111200100425,2020년 11월 12일 16시,목요일,광주광역시 동구 용산동,경상사고,0,0,2,0,차대차 - 추돌,안전거리미확보,건조,맑음,단일로 - 기타,화물,남,47세,상해없음,승용,남,68세,경상
2020111200100426,2020년 11월 12일 16시,목요일,광주광역시 남구 월산동,경상사고,0,0,1,0,차대차 - 추돌,안전거리미확보,건조,맑음,단일로 - 기타,승용,남,28세,상해없음,승용,남,33세,경상
2020111200100479,2020년 11월 12일 17시,목요일,광주광역시 서구 매월동,경상사고,0,0,1,0,차대차 - 측면충돌,신호위반,건조,맑음,교차로 - 교차로안,화물,남,58세,상해없음,화물,남,49세,경상
2020111200100481,2020년 11월 12일 17시,목요일,광주광역시 서구 쌍촌동,경상사고,0,0,1,0,차대차 - 후진중충돌,불법유턴,건조,맑음,교차로 - 교차로안,승용,남,57세,상해없음,승용,남,58세,경상
2020111200100599,2020년 11월 12일 19시,목요일,광주광역시 서구 유촌동,경상사고,0,0,1,0,차대차 - 측면충돌,차로위반,건조,맑음,단일로 - 기타,승용,남,26세,상해없음,승용,여,57세,경상
2020111200100629,2020년 11월 12일 20시,목요일,광주광역시 북구 신안동,중상사고,0,1,1,0,차대차 - 측면충돌,신호위반,건조,맑음,교차로 - 교차로안,이륜,남,26세,경상,이륜,남,33세,중상
2020111200100681,2020년 11월 12일 22시,목요일,광주광역시 북구 두암동,경상사고,0,0,2,0,차대차 - 추돌,안전운전불이행,건조,맑음,교차로 - 교차로부근,승용,남,60세,상해없음,승용,남,26세,경상