사고번호,사고일시,요일,시군구,사고내용,사망자수,중상자수,경상자수,부상신고자수,사고유형,법규위반,노면상태,기상상태,도로형태,가해운전자 차종,가해운전자 성별,가해운전자 연령,가해운전자 상해정도,피해운전자 차종,피해운전자 성별,피해운전자 연령,피해운전자 상해정도
2020111200100682,2020년 11월 12일 22시,목요일,광주광역시 북구 오치동,경상사고,0,0,1,0,차대차 - 후진중충돌,안전운전불이행,건조,맑음,교차로 - 교차로부근,승용,남,60세,상해없음,이륜,남,26세,경상
2020111200100692,2020년 11월 12일 23시,목요일,광주광역시 동구 호남동,경상사고,0,0,1,0,차대차 - 측면충돌,안전운전불이행,건조,흐림,교차로 - 교차로안,승용,여,45세,상해없음,이륜,남,54세,경상
2020111300100012,2020년 11월 13일 00시,금요일,광주광역시 북구 양산동,경상사고,0,0,1,0,차대사람 - 기타,안전운전불이행,건조,맑음,단일로 - 기타,승용,남,47세,상해없음,보행자,남,39세,경상
2020111300100041,2020년 11월 13일 04시,금요일,광주광역시 광산구 장덕동,경상사고,0,0,2,0,차대차 - 측면충돌,신호위반,건조,맑음,교차로 - 교차로안,화물,남,50세,상해없음,승용,남,71세,경상
2020111300100067,2020년 11월 13일 06시,금요일,광주광역시 광산구 신가동,경상사고,0,0,1,1,차대차 - 추돌,안전거리미확보,건조,맑음,단일로 - 기타,원동기,남,62세,부상신고,승용,여,52세,경상
2020111300100133,2020년 11월 13일 08시,금요일,광주광역시 북구 용두동,경상사고,0,0,2,0,차대차 - 추돌,안전운전불이행,건조,맑음,단일로 - 기타,승용,남,32세,상해없음,승용,여,41세,경상
2020111300100169,2020년 11월 13일 09시,금요일,광주광역시 서구 양동,경상사고,0,0,1,0,차대차 - 추돌,불법유턴,건조,맑음,단일로 - 기타,승용,남,59세,상해없음,승용,남,53세,경상
2020111300100170,2020년 11월 13일 09시,금요일,광주광역시 북구 임동,중상사고,0,1,0,0,차대사람 - 횡단중,신호위반,건조,맑음,교차로 - 교차로부근,이륜,남,59세,기타불명,보행자,여,58세,중상
2020111300100232,2020년 11월 13일 11시,금요일,광주광역시 서구 광천동,경상사고,0,0,1,0,차대차 - 측면충돌,교차로운행방법위반,건조,맑음,교차로 - 교차로안,승용,남,32세,상해없음,승용,여,30세,경상
2020111300100233,2020년 11월 13일 11시,금요일,광주광역시 북구 중흥동,중상사고,0,1,0,0,차대차 - 측면충돌,교차로운행방법위반,건조,맑음,교차로 - 교차로안,승용,남,40세,상해없음,자전거,남,77세,중상
2020111300100258,2020년 11월 13일 12시,금요일,광주광역시 서구 광천동,경상사고,0,0,1,0,차대사람 - 횡단중,보행자보호의무위반,건조,맑음,단일로 - 기타,승용,남,39세,상해없음,보행자,여,21세,경상
2020111300100259,2020년 11월 13일 12시,금요일,광주광역시 서구 치평동,경상사고,0,0,1,0,차대차 - 측면충돌,안전거리미확보,건조,맑음,단일로 - 기타,승용,남,35세,상해없음,승용,여,49세,경상
2020111300100260,2020년 11월 13일 12시,금요일,광주광역시 남구 노대동,중상사고,0,1,0,0,차대차 - 측면충돌,신호위반,건조,맑음,단일로 - 기타,승용,남,51세,상해없음,이륜,남,39세,중상
2020111300100397,2020년 11월 13일 16시,금요일,광주광역시 북구 동림동,경상사고,0,0,1,0,차대차 - 기타,기타,건조,맑음,단일로 - 기타,승용,여,40세,상해없음,승용,남,58세,경상
2020111300100398,2020년 11월 13일 16시,금요일,광주광역시 광산구 대산동,경상사고,0,0,1,0,차대차 - 기타,교차로운행방법위반,건조,맑음,교차로 - 교차로안,승용,여,53세,상해없음,개인형이동수단(PM),여,64세,경상
2020111300100399,2020년 11월 13일 16시,금요일,광주광역시 광산구 우산동,경상사고,0,0,2,0,차대차 - 측면충돌,안전운전불이행,건조,맑음,교차로 - 교차로부근,승용,남,27세,경상,승용,여,35세,경상
2020111300100446,2020년 11월 13일 17시,금요일,광주광역시 광산구 우산동,경상사고,0,0,2,0,차대차 - 추돌,안전거리미확보,건조,맑음,단일로 - 기타,승용,남,37세,기타불명,화물,남,41세,경상
2020111300100604,2020년 11월 13일 20시,금요일,광주광역시 광산구 용동,경상사고,0,0,1,0,차대차 - 측면충돌,교차로운행방법위반,건조,맑음,교차로 - 교차로안,승용,남,40세,경상,승용,남,25세,상해없음
2020111300100605,2020년 11월 13일 20시,금요일,광주광역시 광산구 우산동,경상사고,0,0,2,0,차대차 - 측면충돌,안전거리미확보,건조,맑음,단일로 - 기타,승용,남,56세,기타불명,승용,남,57세,경상
2020111300100606,2020년 11월 13일 20시,금요일,광주광역시 광산구 복룡동,경상사고,0,0,2,0,차대차 - 측면충돌,신호위반,건조,맑음,교차로 - 교차로안,화물,남,48세,상해없음,승용,남,27세,경상
2020111300100639,2020년 11월 13일 21시,금요일,광주광역시 북구 용봉동,경상사고,0,0,1,0,차대차 - 측면충돌,교차로운행방법위반,건조,맑음,교차로 - 교차로안,승용,남,29세,상해없음,이륜,남,26세,경상
2020111300100662,2020년 11월 13일 22시,금요일,광주광역시 광산구 신가동,경상사고,0,0,4,0,차대차 - 측면충돌,안전운전불이행,건조,맑음,단일로 - 기타,승합,남,45세,경상,승용,남,40세,경상
2020111300100683,2020년 11월 13일 23시,금요일,광주광역시 광산구 신창동,중상사고,0,1,0,0,차대차 - 측면충돌,신호위반,서리/결빙,맑음,교차로 - 교차로안,원동기,남,18세,기타불명,원동기,남,17세,중상
2020111400100018,2020년 11월 14일 00시,토요일,광주광역시 광산구 송정동,부상신고사고,0,0,0,1,차대차 - 측면충돌,안전거리미확보,건조,맑음,단일로 - 기타,승용,여,56세,부상신고,승용,남,54세,상해없음
2020111400100036,2020년 11월 14일 01시,토요일,광주광역시 광산구 수완동,경상사고,0,0,3,0,차대차 - 정면충돌,안전운전불이행,건조,맑음,단일로 - 기타,승용,여,45세,상해없음,승용,남,62세,상해없음
2020111400100052,2020년 11월 14일 02시,토요일,광주광역시 서구 치평동,경상사고,0,0,4,0,차대차 - 추돌,안전운전불이행,건조,맑음,단일로 - 기타,승용,남,71세,상해없음,승용,남,47세,경상
2020111400100114,2020년 11월 14일 07시,토요일,광주광역시 남구 봉선동,경상사고,0,0,1,0,차대차 - 측면충돌,안전운전불이행,건조,맑음,교차로 - 교차로안,승용,남,73세,상해없음,승용,남,35세,경상
2020111400100154,2020년 11월 14일 09시,토요일,광주광역시 북구 우산동,경상사고,0,0,1,1,차대차 - 측면충돌,안전운전불이행,건조,맑음,단일로 - 기타,승용,남,66세,부상신고,승용,남,24세,경상
2020111400100191,2020년 11월 14일 10시,토요일,광주광역시 북구 용봉동,사망사고,1,0,1,0,차대차 - 측면충돌,중앙선침범,건조,맑음,교차로 - 교차로부근,이륜,남,74세,사망,이륜,남,30세,경상
2020111400100192,2020년 11월 14일 10시,토요일,광주광역시 광산구 운남동,중상사고,0,1,3,0,차대차 - 측면충돌,안전거리미확보,건조,맑음,단일로 - 기타,승용,여,33세,경상,승용,여,36세,중상
2020111400100274,2020년 11월 14일 12시,토요일,광주광역시 북구 용봉동,경상사고,0,0,1,0,차대차 - 기타,교차로운행방법위반,건조,맑음,교차로 - 교차로안,승용,남,47세,상해없음,이륜,남,44세,경상
2020111400100310,2020년 11월 14일 13시,토요일,광주광역시 서구 쌍촌동,경상사고,0,0,4,0,차대차 - 추돌,안전운전불이행,건조,맑음,단일로 - 기타,승용,여,38세,상해없음,승용,남,35세,경상
2020111400100396,2020년 11월 14일 15시,토요일,광주광역시 서구 양동,경상사고,0,0,2,0,차대차 - 측면충돌,교차로운행방법위반,건조,맑음,교차로 - 교차로부근,승용,남,73세,상해없음,화물,남,34세,경상
2020111400100423,2020년 11월 14일 16시,토요일,광주광역시 북구 운암동,경상사고,0,0,1,0,차대차 - 추돌,안전거리미확보,건조,맑음,단일로 - 기타,승용,남,29세,상해없음,승용,여,29세,경상
2020111400100436,2020년 11월 14일 16시,토요일,광주광역시 광산구 옥동,경상사고,0,0,1,0,차량단독 - 공작물충돌,안전운전불이행,건조,맑음,단일로 - 기타,승용,여,26세,경상,,,,
2020111400100525,2020년 11월 14일 18시,토요일,광주광역시 북구 운암동,경상사고,0,0,3,0,차대차 - 측면충돌,교차로운행방법위반,건조,맑음,교차로 - 교차로안,이륜,남,20세,기타불명,승용,남,38세,경상
2020111400100526,2020년 11월 14일 18시,토요일,광주광역시 광산구 운수동,중상사고,0,1,0,0,차대차 - 측면충돌,안전운전불이행,건조,맑음,교차로 - 교차로안,승용,남,70세,상해없음,이륜,남,57세,중상
2020111400100588,2020년 11월 14일 20시,토요일,광주광역시 동구 학동,경상사고,0,0,1,0,차대사람 - 기타,안전운전불이행,건조,맑음,기타 - 기타,승용,남,71세,상해없음,보행자,남,40세,경상
2020111400100589,2020년 11월 14일 20시,토요일,광주광역시 광산구 월계동,경상사고,0,0,2,0,차대차 - 측면충돌,안전거리미확보,건조,맑음,교차로 - 교차로부근,이륜,남,27세,경상,승용,여,55세,경상
2020111400100609,2020년 11월 14일 21시,토요일,광주광역시 광산구 월곡동,중상사고,0,1,3,0,차대차 - 정면충돌,중앙선침범,건조,맑음,교차로 - 교차로부근,승용,남,67세,중상,화물,남,21세,경상
2020111400100643,2020년 11월 14일 23시,토요일,광주광역시 서구 금호동,중상사고,0,1,0,0,차대사람 - 횡단중,안전운전불이행,건조,맑음,단일로 - 기타,승용,남,61세,상해없음,보행자,여,37세,중상
2020111500100012,2020년 11월 15일 01시,일요일,광주광역시 남구 주월동,경상사고,0,0,2,0,차대차 - 추돌,안전거리미확보,건조,맑음,단일로 - 기타,승용,남,57세,상해없음,승용,남,36세,경상
2020111500100027,2020년 11월 15일 03시,일요일,광주광역시 동구 광산동,부상신고사고,0,0,0,1,차대사람 - 기타,안전운전불이행,건조,맑음,교차로 - 교차로부근,기타불명,기타불명,미분류,기타불명,보행자,남,21세,부상신고
2020111500100028,2020년 11월 15일 03시,일요일,광주광역시 광산구 우산동,경상사고,0,0,1,0,차대차 - 기타,기타,건조,맑음,단일로 - 기타,승용,남,35세,기타불명,승용,남,49세,경상
2020111500100052,2020년 11월 15일 07시,일요일,광주광역시 북구 용봉동,경상사고,0,0,1,0,차대사람 - 기타,안전운전불이행,건조,맑음,단일로 - 기타,승용,남,61세,상해없음,보행자,남,22세,경상
2020111500100225,2020년 11월 15일 14시,일요일,광주광역시 남구 백운동,경상사고,0,0,2,0,차대차 - 측면충돌,교차로운행방법위반,건조,맑음,교차로 - 교차로횡단보도내,승용,남,61세,상해없음,승용,여,53세,경상
2020111500100226,2020년 11월 15일 14시,일요일,광주광역시 북구 신용동,경상사고,0,0,1,0,차대차 - 기타,신호위반,건조,맑음,교차로 - 교차로부근,승용,남,29세,경상,승용,남,52세,기타불명
2020111500100253,2020년 11월 15일 15시,일요일,광주광역시 북구 오치동,경상사고,0,0,1,0,차대사람 - 길가장자리구역통행중,안전운전불이행,건조,맑음,단일로 - 기타,승용,남,53세,상해없음,보행자,남,51세,경상
2020111500100254,2020년 11월 15일 15시,일요일,광주광역시 광산구 송정동,경상사고,0,0,2,0,차대차 - 측면충돌,안전운전불이행,건조,맑음,교차로 - 교차로안,승용,남,21세,상해없음,이륜,남,23세,경상
2020111500100255,2020년 11월 15일 15시,일요일,광주광역시 광산구 삼거동,경상사고,0,0,1,0,차대차 - 측면충돌,중앙선침범,건조,맑음,교차로 - 교차로부근,화물,남,73세,상해없음,승용,여,57세,경상
2020111500100288,2020년 11월 15일 16시,일요일,광주광역시 광산구 장덕동,경상사고,0,0,1,0,차대차 - 기타,안전운전불이행,건조,맑음,단일로 - 기타,승용,남,45세,상해없음,이륜,남,17세,경상
2020111500100310,2020년 11월 15일 17시,일요일,광주광역시 광산구 신촌동,경상사고,0,0,3,0,차대차 - 기타,신호위반,건조,맑음,교차로 - 교차로부근,화물,남,50세,경상,승용,남,23세,경상
2020111500100363,2020년 11월 15일 18시,일요일,광주광역시 광산구 수완동,경상사고,0,0,1,0,차대차 - 측면충돌,안전운전불이행,건조,맑음,단일로 - 기타,승용,여,58세,상해없음,자전거,남,13세,경상
2020111500100405,2020년 11월 15일 19시,일요일,광주광역시 동구 학동,경상사고,0,0,2,0,차대차 - 기타,신호위반,건조,맑음,교차로 - 교차로안,승용,여,37세,상해없음,승용,남,27세,경상
2020111500100406,2020년 11월 15일 19시,일요일,광주광역시 서구 농성동,경상사고,0,0,1,0,차대차 - 측면충돌,차로위반,건조,맑음,단일로 - 기타,승용,남,54세,상해없음,승용,남,21세,경상
2020111600100021,2020년 11월 16일 04시,월요일,광주광역시 북구 용봉동,경상사고,0,0,2,0,차대차 - 측면충돌,안전운전불이행,건조,맑음,교차로 - 교차로안,승용,남,25세,상해없음,승용,남,38세,경상
2020111600100032,2020년 11월 16일 05시,월요일,광주광역시 서구 광천동,중상사고,0,1,1,0,차대차 - 추돌,안전운전불이행,건조,맑음,단일로 - 기타,승용,여,54세,중상,승용,남,37세,경상
2020111600100033,2020년 11월 16일 05시,월요일,광주광역시 북구 양산동,경상사고,0,0,1,0,차대차 - 추돌,안전운전불이행,건조,맑음,단일로 - 기타,승용,남,55세,경상,화물,남,51세,상해없음
2020111600100125,2020년 11월 16일 08시,월요일,광주광역시 남구 봉선동,경상사고,0,0,2,0,차대사람 - 기타,보행자보호의무위반,건조,맑음,교차로 - 교차로횡단보도내,승용,남,65세,상해없음,보행자,여,12세,경상
2020111600100126,2020년 11월 16일 08시,월요일,광주광역시 북구 중흥동,경상사고,0,0,1,0,차대차 - 추돌,안전운전불이행,건조,맑음,단일로 - 기타,자전거,남,16세,경상,승용,남,24세,기타불명
2020111600100127,2020년 11월 16일 08시,월요일,광주광역시 북구 운암동,경상사고,0,0,1,0,차대차 - 기타,안전운전불이행,건조,맑음,교차로 - 교차로안,자전거,남,16세,경상,승용,여,45세,상해없음
2020111600100128,2020년 11월 16일 08시,월요일,광주광역시 북구 신안동,경상사고,0,0,2,0,차대차 - 측면충돌,안전거리미확보,건조,맑음,단일로 - 기타,승용,여,60세,경상,승용,남,76세,경상
2020111600100129,2020년 11월 16일 08시,월요일,광주광역시 광산구 신가동,경상사고,0,0,3,0,차대차 - 측면충돌,차로위반,건조,맑음,교차로 - 교차로부근,승용,남,51세,상해없음,승용,여,46세,경상
2020111600100155,2020년 11월 16일 09시,월요일,광주광역시 광산구 운수동,경상사고,0,0,1,0,차대차 - 추돌,안전거리미확보,건조,맑음,기타 - 기타,승용,남,58세,상해없음,승용,남,29세,경상
2020111600100163,2020년 11월 16일 09시,월요일,광주광역시 동구 학동,경상사고,0,0,1,0,차대차 - 측면충돌,중앙선침범,건조,맑음,단일로 - 기타,승합,남,76세,상해없음,승용,여,65세,경상
2020111600100196,2020년 11월 16일 10시,월요일,광주광역시 남구 백운동,사망사고,1,0,0,0,차대차 - 측면충돌,안전운전불이행,건조,맑음,교차로 - 교차로부근,건설기계,남,55세,상해없음,자전거,남,83세,사망
2020111600100197,2020년 11월 16일 10시,월요일,광주광역시 북구 임동,경상사고,0,0,2,0,차대차 - 측면충돌,안전운전불이행,건조,맑음,교차로 - 교차로안,승용,여,70세,상해없음,승용,남,63세,경상
2020111600100243,2020년 11월 16일 11시,월요일,광주광역시 동구 대인동,경상사고,0,0,1,0,차대사람 - 기타,안전운전불이행,건조,맑음,단일로 - 기타,승용,남,70세,상해없음,보행자,여,71세,경상
2020111600100281,2020년 11월 16일 12시,월요일,광주광역시 북구 문흥동,경상사고,0,0,1,0,차대사람 - 기타,안전운전불이행,건조,맑음,단일로 - 기타,승용,남,63세,상해없음,보행자,남,73세,경상
2020111600100347,2020년 11월 16일 14시,월요일,광주광역시 남구 백운동,경상사고,0,0,1,0,차대차 - 측면충돌,안전운전불이행,건조,맑음,교차로 - 교차로안,승용,남,69세,상해없음,승용,남,39세,경상
2020111600100348,2020년 11월 16일 14시,월요일,광주광역시 남구 봉선동,경상사고,0,0,1,0,차대사람 - 길가장자리구역통행중,안전운전불이행,건조,맑음,단일로 - 기타,승용,여,58세,상해없음,보행자,여,12세,경상
2020111600100350,2020년 11월 16일 14시,월요일,광주광역시 광산구 월곡동,중상사고,0,1,0,0,차량단독 - 기타,안전운전불이행,건조,맑음,단일로 - 기타,개인형이동수단(PM),남,36세,중상,,,,
2020111600100473,2020년 11월 16일 17시,월요일,광주광역시 서구 쌍촌동,경상사고,0,0,1,0,차대차 - 측면충돌,안전운전불이행,건조,맑음,단일로 - 기타,승용,여,54세,상해없음,승용,여,37세,경상
2020111600100474,2020년 11월 16일 17시,월요일,광주광역시 서구 농성동,경상사고,0,0,2,0,차대차 - 추돌,안전운전불이행,건조,맑음,교차로 - 교차로부근,승용,남,64세,상해없음,승용,남,32세,경상
2020111600100475,2020년 11월 16일 17시,월요일,광주광역시 북구 신안동,경상사고,0,0,1,0,차대차 - 측면충돌,차로위반,건조,맑음,단일로 - 기타,승용,여,49세,상해없음,승용,남,24세,경상
2020111600100476,2020년 11월 16일 17시,월요일,광주광역시 북구 매곡동,경상사고,0,0,1,0,차대차 - 측면충돌,안전운전불이행,건조,맑음,단일로 - 기타,승용,여,47세,상해없음,승용,여,46세,경상
2020111600100541,2020년 11월 16일 18시,월요일,광주광역시 서구 유촌동,경상사고,0,0,1,0,차대차 - 기타,교차로운행방법위반,건조,맑음,교차로 - 교차로안,승용,여,55세,상해없음,승용,남,28세,경상
2020111600100542,2020년 11월 16일 18시,월요일,광주광역시 광산구 신가동,부상신고사고,0,0,0,1,차대차 - 측면충돌,안전운전불이행,건조,맑음,교차로 - 교차로부근,승용,남,29세,상해없음,원동기,남,19세,부상신고
2020111600100615,2020년 11월 16일 20시,월요일,광주광역시 동구 산수동,중상사고,0,1,0,0,차대차 - 추돌,안전운전불이행,건조,맑음,교차로 - 교차로안,승용,남,62세,상해없음,이륜,남,45세,중상
2020111600100643,2020년 11월 16일 21시,월요일,광주광역시 서구 풍암동,경상사고,0,0,1,0,차량단독 - 기타,안전운전불이행,건조,맑음,단일로 - 터널,승용,남,49세,상해없음,,,,
2020111600100644,2020년 11월 16일 21시,월요일,광주광역시 북구 운암동,경상사고,0,0,3,0,차대차 - 기타,안전운전불이행,건조,맑음,단일로 - 기타,승용,남,60세,상해없음,승용,남,70세,경상
2020111600100645,2020년 11월 16일 21시,월요일,광주광역시 북구 중흥동,중상사고,0,1,0,0,차대차 - 기타,안전운전불이행,건조,맑음,기타 - 기타,승용,남,55세,상해없음,개인형이동수단(PM),남,23세,중상
2020111700100022,2020년 11월 17일 01시,화요일,광주광역시 서구 치평동,중상사고,0,1,3,0,차대차 - 측면충돌,신호위반,건조,맑음,교차로 - 교차로안,승용,남,68세,상해없음,승용,남,62세,경상
2020111700100117,2020년 11월 17일 08시,화요일,광주광역시 동구 소태동,경상사고,0,0,2,0,차대차 - 추돌,안전거리미확보,건조,맑음,단일로 - 기타,승용,남,41세,상해없음,승용,여,33세,경상
2020111700100118,2020년 11월 17일 08시,화요일,광주광역시 북구 오치동,경상사고,0,0,1,0,차대차 - 측면충돌,안전운전불이행,건조,맑음,단일로 - 기타,승용,여,22세,상해없음,승용,여,31세,경상
2020111700100119,2020년 11월 17일 08시,화요일,광주광역시 북구 운암동,사망사고,1,2,1,0,차대사람 - 횡단중,보행자보호의무위반,건조,맑음,교차로 - 교차로부근,화물,남,53세,상해없음,보행자,여,34세,중상
2020111700100189,2020년 11월 17일 10시,화요일,광주광역시 광산구 선동,경상사고,0,0,1,0,차대차 - 기타,기타,건조,맑음,단일로 - 기타,화물,남,39세,상해없음,화물,남,39세,경상
2020111700100245,2020년 11월 17일 12시,화요일,광주광역시 남구 봉선동,경상사고,0,0,1,0,차대차 - 추돌,안전거리미확보,건조,맑음,교차로 - 교차로부근,승용,남,59세,상해없음,승용,여,47세,경상
2020111700100271,2020년 11월 17일 13시,화요일,광주광역시 광산구 신가동,경상사고,0,0,1,0,차대사람 - 기타,안전운전불이행,건조,맑음,단일로 - 기타,승용,여,26세,상해없음,보행자,남,53세,경상
2020111700100343,2020년 11월 17일 15시,화요일,광주광역시 광산구 장덕동,경상사고,0,0,3,0,차대차 - 측면충돌,안전운전불이행,건조,맑음,교차로 - 교차로안,승용,남,65세,경상,승용,남,53세,경상
2020111700100376,2020년 11월 17일 16시,화요일,광주광역시 광산구 송정동,부상신고사고,0,0,0,1,차대차 - 기타,안전운전불이행,건조,맑음,단일로 - 기타,기타불명,기타불명,미분류,기타불명,자전거,남,70세,부상신고
2020111700100431,2020년 11월 17일 17시,화요일,광주광역시 동구 산수동,경상사고,0,0,1,0,차대차 - 측면충돌,교차로운행방법위반,건조,맑음,단일로 - 기타,승용,남,43세,상해없음,승용,남,60세,경상
2020111700100432,2020년 11월 17일 17시,화요일,광주광역시 동구 호남동,경상사고,0,0,1,0,차대차 - 측면충돌,안전운전불이행,건조,흐림,교차로 - 교차로안,승용,남,42세,상해없음,승용,여,69세,경상
2020111700100433,2020년 11월 17일 17시,화요일,광주광역시 북구 운암동,부상신고사고,0,0,0,1,차대차 - 기타,안전운전불이행,젖음/습기,비,교차로 - 교차로부근,기타불명,기타불명,미분류,기타불명,이륜,남,26세,부상신고
2020111700100434,2020년 11월 17일 17시,화요일,광주광역시 광산구 송정동,경상사고,0,0,1,0,차대차 - 기타,안전운전불이행,건조,맑음,단일로 - 기타,화물,남,46세,상해없음,승용,남,58세,경상
2020111700100512,2020년 11월 17일 18시,화요일,광주광역시 서구 유촌동,경상사고,0,0,1,0,차대차 - 측면충돌,차로위반,건조,흐림,단일로 - 기타,화물,남,59세,기타불명,승용,남,27세,경상
2020111700100513,2020년 11월 17일 18시,화요일,광주광역시 북구 각화동,경상사고,0,0,1,0,차대차 - 기타,안전운전불이행,젖음/습기,흐림,단일로 - 기타,승용,남,51세,상해없음,승용,남,71세,경상
2020111700100563,2020년 11월 17일 19시,화요일,광주광역시 서구 화정동,경상사고,0,0,1,0,차대차 - 기타,교차로운행방법위반,젖음/습기,비,교차로 - 교차로안,승용,남,27세,상해없음,이륜,남,30세,경상
2020111700100602,2020년 11월 17일 20시,화요일,광주광역시 서구 양동,중상사고,0,1,0,0,차대사람 - 기타,안전운전불이행,건조,맑음,단일로 - 기타,승용,남,63세,기타불명,보행자,남,53세,중상
2020111700100603,2020년 11월 17일 20시,화요일,광주광역시 남구 월산동,경상사고,0,0,1,0,차대차 - 측면충돌,교차로운행방법위반,건조,맑음,교차로 - 교차로안,승용,남,29세,상해없음,승용,여,60세,경상
2020111700100604,2020년 11월 17일 20시,화요일,광주광역시 광산구 신가동,중상사고,0,2,1,0,차대차 - 정면충돌,신호위반,건조,맑음,교차로 - 교차로안,승용,남,48세,상해없음,승용,남,47세,경상
2020111800100012,2020년 11월 18일 00시,수요일,광주광역시 북구 용봉동,경상사고,0,0,1,0,차대차 - 기타,안전운전불이행,건조,맑음,단일로 - 기타,승용,남,39세,상해없음,승용,남,44세,상해없음
2020111800100068,2020년 11월 18일 06시,수요일,광주광역시 광산구 신촌동,사망사고,1,0,0,0,차대사람 - 차도통행중,과속,건조,맑음,단일로 - 기타,승용,남,24세,상해없음,보행자,여,83세,사망
2020111800100099,2020년 11월 18일 07시,수요일,광주광역시 북구 임동,경상사고,0,0,2,0,차대차 - 측면충돌,신호위반,건조,맑음,교차로 - 교차로안,승용,남,77세,상해없음,승용,여,45세,경상
2020111800100100,2020년 11월 18일 07시,수요일,광주광역시 광산구 신촌동,경상사고,0,0,1,0,차대차 - 측면충돌,안전거리미확보,건조,맑음,단일로 - 기타,승용,남,29세,상해없음,승용,남,35세,경상
2020111800100214,2020년 11월 18일 10시,수요일,광주광역시 남구 주월동,경상사고,0,0,1,0,차대사람 - 길가장자리구역통행중,안전운전불이행,건조,맑음,단일로 - 기타,승용,남,62세,상해없음,보행자,남,55세,경상
2020111800100281,2020년 11월 18일 12시,수요일,광주광역시 북구 각화동,경상사고,0,0,1,0,차대차 - 추돌,안전운전불이행,건조,맑음,교차로 - 교차로안,승용,여,55세,상해없음,승용,여,38세,경상
2020111800100314,2020년 11월 18일 13시,수요일,광주광역시 북구 신안동,경상사고,0,0,1,0,차대차 - 기타,안전운전불이행,건조,맑음,교차로 - 교차로부근,승용,남,72세,기타불명,승용,남,29세,경상
2020111800100418,2020년 11월 18일 16시,수요일,광주광역시 서구 광천동,중상사고,0,1,2,1,차대차 - 기타,신호위반,건조,맑음,단일로 - 기타,승용,여,71세,부상신고,승용,남,40세,경상
2020111800100467,2020년 11월 18일 17시,수요일,광주광역시 광산구 오선동,경상사고,0,0,1,1,차대차 - 측면충돌,안전운전불이행,젖음/습기,흐림,교차로 - 교차로부근,승용,남,42세,부상신고,화물,남,37세,경상
2020111800100468,2020년 11월 18일 17시,수요일,광주광역시 광산구 복룡동,중상사고,0,1,0,0,차대사람 - 횡단중,신호위반,젖음/습기,비,교차로 - 교차로안,승용,여,55세,상해없음,보행자,여,60세,중상
2020111800100537,2020년 11월 18일 18시,수요일,광주광역시 서구 쌍촌동,경상사고,0,0,2,0,차대차 - 기타,안전운전불이행,젖음/습기,비,단일로 - 기타,승용,남,62세,상해없음,승용,남,36세,경상
2020111800100538,2020년 11월 18일 18시,수요일,광주광역시 북구 두암동,경상사고,0,0,1,0,차대사람 - 보도통행중,보행자보호의무위반,젖음/습기,비,단일로 - 기타,기타불명,기타불명,미분류,기타불명,보행자,여,12세,경상
2020111800100597,2020년 11월 18일 19시,수요일,광주광역시 서구 농성동,경상사고,0,0,2,0,차대차 - 측면충돌,신호위반,건조,흐림,교차로 - 교차로안,승용,남,27세,상해없음,승용,여,76세,경상
2020111800100598,2020년 11월 18일 19시,수요일,광주광역시 서구 광천동,경상사고,0,0,2,0,차대차 - 추돌,안전거리미확보,젖음/습기,비,단일로 - 기타,승용,여,31세,상해없음,승용,남,56세,경상
2020111800100599,2020년 11월 18일 19시,수요일,광주광역시 북구 임동,경상사고,0,0,1,0,차대차 - 측면충돌,차로위반,젖음/습기,비,교차로 - 교차로안,기타불명,기타불명,미분류,기타불명,승용,남,27세,경상
2020111800100600,2020년 11월 18일 19시,수요일,광주광역시 광산구 수완동,경상사고,0,0,4,0,차대차 - 기타,안전거리미확보,건조,맑음,단일로 - 기타,승용,남,67세,경상,승용,여,41세,경상
2020111800100623,2020년 11월 18일 20시,수요일,광주광역시 북구 중흥동,경상사고,0,0,1,0,차대차 - 기타,안전운전불이행,건조,맑음,단일로 - 기타,승용,남,48세,상해없음,원동기,남,27세,경상
2020111800100624,2020년 11월 18일 20시,수요일,광주광역시 광산구 신가동,경상사고,0,0,1,0,차대차 - 측면충돌,안전거리미확보,건조,맑음,교차로 - 교차로안,승용,남,65세,상해없음,승용,남,54세,경상
2020111800100655,2020년 11월 18일 21시,수요일,광주광역시 서구 쌍촌동,경상사고,0,0,1,0,차대차 - 측면충돌,신호위반,젖음/습기,맑음,교차로 - 교차로부근,이륜,남,26세,상해없음,승용,남,49세,상해없음
2020111800100656,2020년 11월 18일 21시,수요일,광주광역시 남구 이장동,경상사고,0,0,2,0,차대차 - 측면충돌,신호위반,건조,맑음,교차로 - 교차로안,승용,남,46세,상해없음,승합,남,56세,경상
2020111800100678,2020년 11월 18일 22시,수요일,광주광역시 서구 금호동,경상사고,0,0,1,0,차대차 - 추돌,안전운전불이행,건조,맑음,교차로 - 교차로부근,승용,남,62세,상해없음,이륜,남,44세,경상
2020111800100679,2020년 11월 18일 22시,수요일,광주광역시 광산구 신가동,경상사고,0,0,2,0,차대사람 - 기타,불법유턴,젖음/습기,흐림,단일로 - 기타,승용,남,70세,상해없음,보행자,남,39세,경상
2020111800100701,2020년 11월 18일 23시,수요일,광주광역시 광산구 우산동,경상사고,0,0,1,0,차대차 - 측면충돌,차로위반,건조,맑음,단일로 - 기타,승용,남,37세,상해없음,승용,남,40세,경상