사고번호,사고일시,요일,시군구,사고내용,사망자수,중상자수,경상자수,부상신고자수,사고유형,법규위반,노면상태,기상상태,도로형태,가해운전자 차종,가해운전자 성별,가해운전자 연령,가해운전자 상해정도,피해운전자 차종,피해운전자 성별,피해운전자 연령,피해운전자 상해정도
2020111900100012,2020년 11월 19일 00시,목요일,광주광역시 서구 치평동,경상사고,0,0,1,0,차대차 - 측면충돌,신호위반,젖음/습기,맑음,교차로 - 교차로안,승용,남,71세,상해없음,승용,남,40세,경상
2020111900100013,2020년 11월 19일 00시,목요일,광주광역시 서구 치평동,경상사고,0,0,1,0,차대사람 - 기타,보행자보호의무위반,건조,맑음,교차로 - 교차로횡단보도내,원동기,남,22세,상해없음,보행자,여,26세,경상
2020111900100014,2020년 11월 19일 00시,목요일,광주광역시 북구 임동,경상사고,0,0,1,0,차대차 - 추돌,안전운전불이행,젖음/습기,비,교차로 - 교차로부근,승용,여,31세,상해없음,승용,여,37세,경상
2020111900100015,2020년 11월 19일 00시,목요일,광주광역시 광산구 수완동,경상사고,0,0,3,0,차대차 - 추돌,안전거리미확보,건조,흐림,단일로 - 기타,승용,남,25세,상해없음,승용,남,44세,경상
2020111900100028,2020년 11월 19일 01시,목요일,광주광역시 광산구 수완동,부상신고사고,0,0,0,1,차량단독 - 공작물충돌,안전운전불이행,건조,맑음,단일로 - 기타,개인형이동수단(PM),남,27세,상해없음,,,,
2020111900100052,2020년 11월 19일 04시,목요일,광주광역시 서구 치평동,중상사고,0,1,0,0,차대사람 - 횡단중,안전운전불이행,건조,맑음,단일로 - 기타,승용,남,63세,상해없음,보행자,남,34세,중상
2020111900100092,2020년 11월 19일 06시,목요일,광주광역시 서구 세하동,경상사고,0,0,1,0,차대차 - 기타,신호위반,건조,맑음,교차로 - 교차로부근,승용,남,64세,상해없음,승용,남,62세,경상
2020111900100093,2020년 11월 19일 06시,목요일,광주광역시 북구 매곡동,경상사고,0,0,1,0,차대차 - 측면충돌,안전운전불이행,젖음/습기,비,교차로 - 교차로안,화물,남,57세,상해없음,승용,남,31세,경상
2020111900100191,2020년 11월 19일 08시,목요일,광주광역시 북구 용봉동,경상사고,0,0,1,0,차대차 - 추돌,안전거리미확보,젖음/습기,비,단일로 - 기타,화물,남,53세,상해없음,승용,여,36세,경상
2020111900100192,2020년 11월 19일 08시,목요일,광주광역시 북구 삼각동,경상사고,0,0,2,0,차대차 - 기타,안전운전불이행,건조,맑음,단일로 - 기타,승용,여,40세,경상,승용,남,34세,경상
2020111900100234,2020년 11월 19일 09시,목요일,광주광역시 북구 중흥동,중상사고,0,1,0,0,차대사람 - 횡단중,안전운전불이행,건조,맑음,단일로 - 기타,승용,남,28세,상해없음,보행자,여,67세,중상
2020111900100266,2020년 11월 19일 10시,목요일,광주광역시 남구 송하동,경상사고,0,0,1,0,차대차 - 측면충돌,기타,건조,맑음,단일로 - 기타,승용,남,40세,상해없음,승용,여,38세,경상
2020111900100299,2020년 11월 19일 11시,목요일,광주광역시 광산구 하남동,경상사고,0,0,2,0,차대차 - 측면충돌,신호위반,건조,맑음,교차로 - 교차로안,화물,남,65세,상해없음,승용,남,61세,경상
2020111900100365,2020년 11월 19일 13시,목요일,광주광역시 동구 궁동,경상사고,0,0,1,0,차대차 - 추돌,안전운전불이행,젖음/습기,맑음,교차로 - 교차로부근,승용,남,62세,상해없음,승용,여,54세,경상
2020111900100366,2020년 11월 19일 13시,목요일,광주광역시 광산구 수완동,경상사고,0,0,1,0,차대차 - 기타,안전운전불이행,젖음/습기,흐림,단일로 - 기타,승용,여,34세,상해없음,이륜,남,20세,경상
2020111900100367,2020년 11월 19일 13시,목요일,광주광역시 광산구 월곡동,경상사고,0,0,1,0,차대차 - 측면충돌,안전운전불이행,건조,맑음,교차로 - 교차로안,승용,남,81세,상해없음,화물,여,62세,경상
2020111900100401,2020년 11월 19일 14시,목요일,광주광역시 서구 금호동,경상사고,0,0,1,0,차대차 - 측면충돌,안전운전불이행,건조,맑음,교차로 - 교차로안,승용,남,39세,상해없음,승용,여,49세,경상
2020111900100463,2020년 11월 19일 16시,목요일,광주광역시 북구 용봉동,경상사고,0,0,1,0,차대차 - 기타,안전운전불이행,젖음/습기,흐림,교차로 - 교차로안,이륜,남,22세,경상,승용,남,37세,상해없음
2020111900100508,2020년 11월 19일 17시,목요일,광주광역시 서구 농성동,경상사고,0,0,3,0,차대차 - 측면충돌,차로위반,건조,맑음,단일로 - 기타,승용,여,53세,경상,승용,남,36세,경상
2020111900100560,2020년 11월 19일 18시,목요일,광주광역시 북구 우산동,경상사고,0,0,1,0,차대사람 - 기타,중앙선침범,건조,맑음,교차로 - 교차로부근,승용,여,49세,상해없음,보행자,남,68세,경상
2020111900100561,2020년 11월 19일 18시,목요일,광주광역시 북구 일곡동,경상사고,0,0,1,0,차대차 - 측면충돌,중앙선침범,젖음/습기,흐림,단일로 - 기타,승용,남,54세,상해없음,이륜,남,21세,경상
2020111900100562,2020년 11월 19일 18시,목요일,광주광역시 북구 중흥동,중상사고,0,1,0,0,차대차 - 측면충돌,신호위반,건조,흐림,교차로 - 교차로횡단보도내,승용,남,42세,상해없음,개인형이동수단(PM),남,25세,중상
2020111900100563,2020년 11월 19일 18시,목요일,광주광역시 북구 운암동,경상사고,0,0,2,0,차대차 - 기타,차로위반,건조,맑음,기타 - 기타,승용,남,51세,경상,승용,남,45세,경상
2020111900100564,2020년 11월 19일 18시,목요일,광주광역시 광산구 수완동,경상사고,0,0,1,0,차대차 - 추돌,안전거리미확보,젖음/습기,비,교차로 - 교차로안,승용,여,40세,상해없음,승용,여,22세,경상
2020111900100605,2020년 11월 19일 19시,목요일,광주광역시 북구 일곡동,경상사고,0,0,1,0,차대차 - 추돌,안전운전불이행,건조,맑음,교차로 - 교차로부근,승용,여,48세,상해없음,승용,남,44세,경상
2020111900100660,2020년 11월 19일 21시,목요일,광주광역시 서구 매월동,경상사고,0,0,1,0,차대차 - 측면충돌,안전운전불이행,건조,맑음,단일로 - 기타,화물,남,62세,상해없음,승용,여,45세,경상
2020111900100661,2020년 11월 19일 21시,목요일,광주광역시 서구 화정동,경상사고,0,0,2,0,차대차 - 측면충돌,안전운전불이행,건조,맑음,교차로 - 교차로안,승합,남,63세,상해없음,승용,남,58세,경상
2020111900100662,2020년 11월 19일 21시,목요일,광주광역시 북구 일곡동,경상사고,0,0,2,0,차대차 - 기타,안전운전불이행,젖음/습기,맑음,교차로 - 교차로부근,승용,남,23세,상해없음,승용,남,64세,경상
2020111900100695,2020년 11월 19일 23시,목요일,광주광역시 서구 벽진동,경상사고,0,0,1,0,차대차 - 기타,안전거리미확보,건조,맑음,단일로 - 기타,기타불명,기타불명,미분류,기타불명,승용,남,30세,기타불명
2020111900100696,2020년 11월 19일 23시,목요일,광주광역시 북구 임동,경상사고,0,0,3,0,차대차 - 측면충돌,안전운전불이행,젖음/습기,흐림,단일로 - 기타,화물,남,58세,기타불명,승용,여,35세,경상
2020112000100049,2020년 11월 20일 04시,금요일,광주광역시 서구 금호동,경상사고,0,0,1,0,차대차 - 추돌,안전운전불이행,건조,맑음,교차로 - 교차로부근,승용,여,40세,상해없음,승용,여,62세,경상
2020112000100060,2020년 11월 20일 05시,금요일,광주광역시 동구 동명동,경상사고,0,0,1,0,차대차 - 기타,중앙선침범,건조,맑음,단일로 - 기타,승용,남,22세,상해없음,이륜,남,71세,경상
2020112000100061,2020년 11월 20일 05시,금요일,광주광역시 서구 쌍촌동,경상사고,0,0,1,0,차대차 - 추돌,안전운전불이행,건조,맑음,단일로 - 기타,승용,남,36세,기타불명,승용,남,59세,경상
2020112000100078,2020년 11월 20일 06시,금요일,광주광역시 광산구 우산동,경상사고,0,0,1,0,차대차 - 측면충돌,신호위반,건조,맑음,교차로 - 교차로안,승용,여,41세,상해없음,승용,남,62세,경상
2020112000100131,2020년 11월 20일 08시,금요일,광주광역시 광산구 산월동,경상사고,0,0,1,0,차대사람 - 보도통행중,안전운전불이행,건조,맑음,단일로 - 기타,개인형이동수단(PM),기타불명,미분류,기타불명,보행자,남,18세,경상
2020112000100219,2020년 11월 20일 11시,금요일,광주광역시 동구 학동,중상사고,0,1,0,0,차대사람 - 기타,안전운전불이행,건조,맑음,단일로 - 기타,건설기계,남,50세,상해없음,보행자,남,61세,중상
2020112000100220,2020년 11월 20일 11시,금요일,광주광역시 광산구 월계동,경상사고,0,0,2,1,차대차 - 측면충돌,안전운전불이행,건조,맑음,교차로 - 교차로부근,승용,여,64세,부상신고,승용,여,29세,경상
2020112000100326,2020년 11월 20일 14시,금요일,광주광역시 남구 주월동,경상사고,0,0,1,0,차대차 - 측면충돌,안전거리미확보,건조,맑음,단일로 - 기타,승용,여,47세,상해없음,승용,남,38세,경상
2020112000100367,2020년 11월 20일 15시,금요일,광주광역시 서구 풍암동,경상사고,0,0,1,0,차대차 - 추돌,차로위반,건조,맑음,단일로 - 기타,이륜,남,16세,경상,승용,남,45세,상해없음
2020112000100368,2020년 11월 20일 15시,금요일,광주광역시 서구 화정동,경상사고,0,0,1,0,차대차 - 후진중충돌,안전운전불이행,건조,맑음,교차로 - 교차로부근,승용,여,27세,상해없음,승용,남,21세,경상
2020112000100472,2020년 11월 20일 17시,금요일,광주광역시 북구 임동,경상사고,0,0,1,0,차대차 - 측면충돌,안전거리미확보,건조,맑음,교차로 - 교차로부근,승용,남,65세,상해없음,승용,남,26세,경상
2020112000100473,2020년 11월 20일 17시,금요일,광주광역시 광산구 우산동,중상사고,0,1,2,0,차대차 - 측면충돌,안전운전불이행,건조,맑음,단일로 - 기타,승용,여,45세,경상,승용,남,26세,상해없음
2020112000100552,2020년 11월 20일 18시,금요일,광주광역시 서구 쌍촌동,경상사고,0,0,1,0,차대차 - 측면충돌,안전운전불이행,건조,맑음,교차로 - 교차로안,승용,여,69세,상해없음,승용,여,31세,경상
2020112000100640,2020년 11월 20일 20시,금요일,광주광역시 서구 쌍촌동,중상사고,0,1,2,0,차대차 - 측면충돌,교차로운행방법위반,건조,흐림,교차로 - 교차로안,이륜,남,39세,중상,승용,남,37세,경상
2020112000100673,2020년 11월 20일 21시,금요일,광주광역시 광산구 서봉동,경상사고,0,0,2,0,차대차 - 추돌,안전운전불이행,건조,맑음,교차로 - 교차로횡단보도내,화물,남,63세,경상,화물,남,47세,경상
2020112100100018,2020년 11월 21일 00시,토요일,광주광역시 서구 내방동,경상사고,0,0,1,0,차대차 - 측면충돌,안전운전불이행,건조,맑음,단일로 - 기타,승용,여,31세,상해없음,원동기,남,30세,경상
2020112100100019,2020년 11월 21일 00시,토요일,광주광역시 북구 운암동,경상사고,0,0,2,0,차대차 - 기타,신호위반,건조,맑음,교차로 - 교차로안,승용,남,64세,상해없음,승용,여,61세,경상
2020112100100020,2020년 11월 21일 00시,토요일,광주광역시 광산구 수완동,경상사고,0,0,2,0,차대차 - 기타,안전운전불이행,건조,맑음,단일로 - 기타,승용,남,24세,상해없음,승용,남,46세,경상
2020112100100053,2020년 11월 21일 03시,토요일,광주광역시 북구 풍향동,중상사고,0,1,0,0,차대사람 - 차도통행중,안전운전불이행,건조,기타,기타 - 기타,승용,남,51세,상해없음,보행자,남,85세,중상
2020112100100118,2020년 11월 21일 08시,토요일,광주광역시 남구 봉선동,경상사고,0,0,1,0,차대차 - 기타,교차로운행방법위반,건조,맑음,교차로 - 교차로안,승용,여,47세,상해없음,화물,남,54세,경상
2020112100100140,2020년 11월 21일 09시,토요일,광주광역시 북구 신안동,중상사고,0,1,4,0,차대차 - 기타,안전운전불이행,건조,맑음,단일로 - 기타,승용,남,65세,경상,승용,남,28세,경상
2020112100100164,2020년 11월 21일 10시,토요일,광주광역시 광산구 본덕동,경상사고,0,0,2,0,차대차 - 측면충돌,안전운전불이행,건조,맑음,단일로 - 기타,화물,남,68세,경상,화물,남,22세,경상
2020112100100244,2020년 11월 21일 12시,토요일,광주광역시 서구 풍암동,경상사고,0,0,1,0,차대차 - 기타,안전운전불이행,건조,맑음,단일로 - 기타,승용,남,25세,상해없음,화물,남,82세,경상
2020112100100245,2020년 11월 21일 12시,토요일,광주광역시 광산구 신가동,경상사고,0,0,1,0,차대차 - 측면충돌,안전운전불이행,건조,맑음,교차로 - 교차로부근,승용,남,64세,상해없음,이륜,남,29세,경상
2020112100100287,2020년 11월 21일 13시,토요일,광주광역시 동구 충장로4가,경상사고,0,0,1,0,차대사람 - 기타,안전운전불이행,건조,맑음,교차로 - 교차로안,승용,남,42세,상해없음,보행자,여,71세,경상
2020112100100328,2020년 11월 21일 14시,토요일,광주광역시 남구 월산동,부상신고사고,0,0,0,1,차대차 - 측면충돌,안전거리미확보,건조,맑음,단일로 - 기타,원동기,남,59세,부상신고,승용,남,21세,상해없음
2020112100100329,2020년 11월 21일 14시,토요일,광주광역시 북구 동림동,경상사고,0,0,1,0,차대차 - 추돌,안전운전불이행,건조,맑음,교차로 - 교차로부근,승용,여,60세,상해없음,승용,남,28세,경상
2020112100100386,2020년 11월 21일 16시,토요일,광주광역시 서구 화정동,경상사고,0,0,3,0,차대차 - 기타,안전운전불이행,건조,맑음,단일로 - 기타,원동기,남,49세,상해없음,승용,남,37세,경상
2020112100100387,2020년 11월 21일 16시,토요일,광주광역시 광산구 신촌동,중상사고,0,1,0,0,차대차 - 측면충돌,차로위반,건조,맑음,교차로 - 교차로안,이륜,남,66세,중상,승용,남,24세,상해없음
2020112100100470,2020년 11월 21일 18시,토요일,광주광역시 북구 용두동,중상사고,0,1,1,0,차대차 - 후진중충돌,안전운전불이행,건조,맑음,단일로 - 기타,승합,여,44세,상해없음,승용,남,27세,중상
2020112100100508,2020년 11월 21일 19시,토요일,광주광역시 광산구 수완동,경상사고,0,0,2,0,차대차 - 후진중충돌,안전운전불이행,건조,맑음,단일로 - 기타,승용,남,41세,상해없음,승용,남,45세,경상
2020112100100535,2020년 11월 21일 20시,토요일,광주광역시 북구 운암동,경상사고,0,0,2,0,차대차 - 기타,교차로운행방법위반,건조,맑음,교차로 - 교차로안,이륜,남,36세,경상,승용,여,48세,경상
2020112100100598,2020년 11월 21일 23시,토요일,광주광역시 동구 금동,경상사고,0,0,2,0,차대사람 - 기타,안전운전불이행,건조,맑음,교차로 - 교차로부근,승용,남,26세,상해없음,보행자,남,23세,경상
2020112200100012,2020년 11월 22일 00시,일요일,광주광역시 북구 운암동,중상사고,0,1,2,0,차대차 - 기타,신호위반,건조,맑음,교차로 - 교차로안,승용,남,52세,경상,이륜,남,18세,중상
2020112200100067,2020년 11월 22일 04시,일요일,광주광역시 동구 금동,경상사고,0,0,1,0,차대사람 - 기타,안전운전불이행,건조,맑음,단일로 - 기타,승용,남,24세,상해없음,보행자,남,25세,경상
2020112200100078,2020년 11월 22일 05시,일요일,광주광역시 서구 쌍촌동,경상사고,0,0,1,0,차대차 - 측면충돌,안전운전불이행,건조,맑음,교차로 - 교차로안,승용,남,57세,상해없음,이륜,남,40세,경상
2020112200100142,2020년 11월 22일 11시,일요일,광주광역시 남구 주월동,경상사고,0,0,2,0,차대차 - 추돌,안전운전불이행,건조,맑음,단일로 - 기타,승용,남,41세,상해없음,승용,남,31세,경상
2020112200100213,2020년 11월 22일 14시,일요일,광주광역시 서구 유촌동,경상사고,0,0,1,0,차대차 - 측면충돌,교차로운행방법위반,건조,맑음,교차로 - 교차로안,승용,남,29세,상해없음,승용,남,67세,경상
2020112200100214,2020년 11월 22일 14시,일요일,광주광역시 광산구 우산동,경상사고,0,0,2,0,차대차 - 기타,불법유턴,건조,맑음,단일로 - 기타,화물,남,73세,상해없음,승용,남,24세,경상
2020112200100240,2020년 11월 22일 15시,일요일,광주광역시 광산구 수완동,경상사고,0,0,1,0,차대차 - 측면충돌,안전운전불이행,건조,맑음,교차로 - 교차로안,승용,남,28세,상해없음,원동기,남,29세,경상
2020112200100326,2020년 11월 22일 18시,일요일,광주광역시 남구 월산동,경상사고,0,0,1,0,차대사람 - 횡단중,신호위반,건조,맑음,교차로 - 교차로횡단보도내,이륜,남,62세,상해없음,보행자,여,24세,경상
2020112200100327,2020년 11월 22일 18시,일요일,광주광역시 광산구 수완동,경상사고,0,0,1,0,차대차 - 기타,안전거리미확보,건조,맑음,교차로 - 교차로부근,승용,여,53세,상해없음,이륜,남,29세,경상
2020112200100377,2020년 11월 22일 20시,일요일,광주광역시 서구 풍암동,경상사고,0,0,1,0,차대차 - 측면충돌,중앙선침범,건조,맑음,단일로 - 기타,승용,남,61세,상해없음,화물,남,52세,경상
2020112200100397,2020년 11월 22일 21시,일요일,광주광역시 북구 용봉동,경상사고,0,0,2,0,차대차 - 기타,안전운전불이행,건조,흐림,단일로 - 기타,승용,여,44세,상해없음,승용,남,25세,경상
2020112200100398,2020년 11월 22일 21시,일요일,광주광역시 북구 용봉동,경상사고,0,0,2,0,차대차 - 측면충돌,안전운전불이행,건조,맑음,단일로 - 기타,이륜,남,19세,경상,승용,남,22세,경상
2020112200100427,2020년 11월 22일 23시,일요일,광주광역시 서구 금호동,중상사고,0,1,4,0,차대차 - 측면충돌,안전운전불이행,건조,맑음,교차로 - 교차로안,승용,남,61세,상해없음,승용,남,52세,경상
2020112300100017,2020년 11월 23일 01시,월요일,광주광역시 광산구 신가동,중상사고,0,4,1,0,차대차 - 측면충돌,신호위반,건조,맑음,교차로 - 교차로안,승용,남,25세,중상,승용,남,31세,중상
2020112300100050,2020년 11월 23일 06시,월요일,광주광역시 동구 산수동,경상사고,0,0,2,0,차대차 - 기타,중앙선침범,건조,맑음,단일로 - 기타,승용,남,65세,경상,승용,남,55세,경상
2020112300100077,2020년 11월 23일 07시,월요일,광주광역시 남구 송하동,경상사고,0,0,1,0,차대차 - 측면충돌,안전거리미확보,건조,맑음,단일로 - 기타,승용,남,63세,상해없음,승용,여,58세,경상
2020112300100078,2020년 11월 23일 07시,월요일,광주광역시 남구 주월동,중상사고,0,1,1,0,차대차 - 측면충돌,차로위반,건조,맑음,단일로 - 기타,이륜,남,62세,중상,승용,남,64세,경상
2020112300100079,2020년 11월 23일 07시,월요일,광주광역시 북구 삼각동,경상사고,0,0,1,0,차대차 - 기타,안전운전불이행,건조,맑음,교차로 - 교차로안,승용,여,53세,상해없음,승합,남,54세,상해없음
2020112300100121,2020년 11월 23일 08시,월요일,광주광역시 북구 문흥동,중상사고,0,1,0,0,차대사람 - 횡단중,안전운전불이행,건조,맑음,교차로 - 교차로횡단보도내,승용,남,31세,상해없음,보행자,여,63세,중상
2020112300100122,2020년 11월 23일 08시,월요일,광주광역시 북구 두암동,경상사고,0,0,6,1,차대차 - 추돌,안전운전불이행,건조,맑음,단일로 - 기타,승용,남,34세,경상,승용,남,56세,경상
2020112300100123,2020년 11월 23일 08시,월요일,광주광역시 광산구 안청동,경상사고,0,0,1,0,차대차 - 측면충돌,신호위반,건조,맑음,교차로 - 교차로안,승용,기타불명,미분류,기타불명,승용,남,37세,경상
2020112300100189,2020년 11월 23일 10시,월요일,광주광역시 서구 치평동,경상사고,0,0,1,0,차대차 - 측면충돌,신호위반,건조,맑음,교차로 - 교차로안,승용,여,40세,상해없음,승용,남,28세,경상
2020112300100190,2020년 11월 23일 10시,월요일,광주광역시 광산구 소촌동,경상사고,0,0,2,1,차대차 - 측면충돌,안전거리미확보,건조,맑음,단일로 - 기타,승용,남,65세,부상신고,승합,남,38세,상해없음
2020112300100216,2020년 11월 23일 11시,월요일,광주광역시 남구 월산동,경상사고,0,0,1,0,차대차 - 추돌,안전운전불이행,건조,맑음,단일로 - 기타,화물,남,41세,상해없음,승용,남,33세,경상
2020112300100217,2020년 11월 23일 11시,월요일,광주광역시 북구 중흥동,중상사고,0,1,0,0,차대차 - 기타,차로위반,건조,맑음,교차로 - 교차로부근,승용,남,71세,상해없음,이륜,남,54세,중상
2020112300100264,2020년 11월 23일 12시,월요일,광주광역시 광산구 월계동,경상사고,0,0,1,0,차대차 - 측면충돌,안전운전불이행,건조,맑음,단일로 - 기타,이륜,남,28세,경상,승용,남,21세,상해없음
2020112300100340,2020년 11월 23일 14시,월요일,광주광역시 북구 운암동,경상사고,0,0,1,0,차대사람 - 기타,안전운전불이행,건조,맑음,단일로 - 기타,승합,남,57세,상해없음,보행자,남,36세,경상
2020112300100341,2020년 11월 23일 14시,월요일,광주광역시 광산구 운수동,경상사고,0,0,1,0,차대차 - 측면충돌,신호위반,건조,맑음,단일로 - 터널,화물,남,60세,상해없음,승합,남,62세,상해없음
2020112300100370,2020년 11월 23일 15시,월요일,광주광역시 광산구 신창동,경상사고,0,0,1,0,차대차 - 기타,신호위반,건조,맑음,교차로 - 교차로안,자전거,남,12세,상해없음,이륜,남,20세,경상
2020112300100413,2020년 11월 23일 16시,월요일,광주광역시 북구 오치동,경상사고,0,0,1,0,차대사람 - 기타,안전운전불이행,건조,맑음,단일로 - 기타,승용,여,59세,상해없음,보행자,여,63세,경상
2020112300100520,2020년 11월 23일 18시,월요일,광주광역시 남구 이장동,경상사고,0,0,1,0,차대사람 - 길가장자리구역통행중,안전운전불이행,건조,맑음,단일로 - 기타,기타불명,기타불명,미분류,기타불명,보행자,여,80세,경상
2020112300100521,2020년 11월 23일 18시,월요일,광주광역시 광산구 장덕동,경상사고,0,0,2,0,차대차 - 측면충돌,안전운전불이행,건조,맑음,교차로 - 교차로부근,승용,남,47세,경상,승용,남,22세,경상
2020112300100574,2020년 11월 23일 20시,월요일,광주광역시 광산구 수완동,중상사고,0,2,0,0,차대차 - 측면충돌,신호위반,건조,맑음,교차로 - 교차로횡단보도내,이륜,남,21세,중상,이륜,남,17세,중상
2020112300100575,2020년 11월 23일 20시,월요일,광주광역시 광산구 선암동,경상사고,0,0,1,1,차대차 - 추돌,안전운전불이행,건조,맑음,교차로 - 교차로부근,승용,여,42세,기타불명,특수,남,48세,경상
2020112300100587,2020년 11월 23일 21시,월요일,광주광역시 동구 동명동,중상사고,0,1,0,0,차대차 - 기타,신호위반,건조,맑음,기타 - 기타,승용,여,67세,상해없음,기타불명,남,27세,중상
2020112300100588,2020년 11월 23일 21시,월요일,광주광역시 서구 치평동,경상사고,0,0,2,0,차대차 - 추돌,불법유턴,건조,맑음,단일로 - 기타,승용,여,28세,상해없음,승용,남,23세,경상
2020112300100609,2020년 11월 23일 22시,월요일,광주광역시 서구 농성동,경상사고,0,0,2,1,차대차 - 기타,안전거리미확보,건조,맑음,단일로 - 기타,승용,남,52세,부상신고,승용,남,21세,경상
2020112400100077,2020년 11월 24일 07시,화요일,광주광역시 남구 지석동,경상사고,0,0,1,0,차대차 - 측면충돌,안전거리미확보,건조,맑음,단일로 - 기타,승용,여,57세,상해없음,승용,남,44세,경상
2020112400100078,2020년 11월 24일 07시,화요일,광주광역시 광산구 비아동,중상사고,0,1,0,0,차대차 - 측면충돌,불법유턴,건조,맑음,단일로 - 기타,승용,남,29세,상해없음,화물,남,48세,중상
2020112400100167,2020년 11월 24일 10시,화요일,광주광역시 남구 백운동,중상사고,0,2,0,0,차대차 - 측면충돌,신호위반,건조,맑음,단일로 - 기타,승용,여,51세,상해없음,이륜,남,47세,중상
2020112400100196,2020년 11월 24일 11시,화요일,광주광역시 서구 치평동,경상사고,0,0,1,0,차대차 - 기타,안전거리미확보,건조,맑음,단일로 - 기타,승용,남,71세,상해없음,승용,여,43세,경상
2020112400100197,2020년 11월 24일 11시,화요일,광주광역시 광산구 우산동,경상사고,0,0,1,0,차대사람 - 길가장자리구역통행중,안전운전불이행,건조,맑음,단일로 - 기타,승용,여,58세,상해없음,보행자,남,27세,경상
2020112400100256,2020년 11월 24일 13시,화요일,광주광역시 서구 쌍촌동,경상사고,0,0,1,0,차대사람 - 기타,안전운전불이행,건조,맑음,단일로 - 기타,승용,여,23세,상해없음,보행자,남,28세,경상
2020112400100258,2020년 11월 24일 13시,화요일,광주광역시 북구 임동,경상사고,0,0,1,0,차대차 - 측면충돌,안전운전불이행,건조,맑음,기타 - 기타,화물,남,70세,기타불명,자전거,남,82세,경상
2020112400100341,2020년 11월 24일 15시,화요일,광주광역시 북구 동림동,중상사고,0,1,0,0,차대차 - 측면충돌,안전운전불이행,건조,맑음,교차로 - 교차로안,승용,남,68세,상해없음,자전거,남,75세,중상
2020112400100342,2020년 11월 24일 15시,화요일,광주광역시 북구 각화동,경상사고,0,0,1,0,차대사람 - 기타,안전운전불이행,건조,맑음,교차로 - 교차로안,화물,남,50세,상해없음,보행자,남,54세,경상
2020112400100343,2020년 11월 24일 15시,화요일,광주광역시 북구 용봉동,경상사고,0,0,2,0,차대차 - 측면충돌,안전운전불이행,건조,맑음,단일로 - 기타,승용,남,72세,상해없음,승용,남,55세,경상
2020112400100344,2020년 11월 24일 15시,화요일,광주광역시 북구 연제동,경상사고,0,0,2,0,차대차 - 측면충돌,차로위반,건조,맑음,단일로 - 기타,승용,남,68세,경상,승용,남,39세,경상
2020112400100345,2020년 11월 24일 15시,화요일,광주광역시 광산구 흑석동,경상사고,0,0,1,0,차대차 - 후진중충돌,안전운전불이행,건조,맑음,단일로 - 기타,승용,여,56세,상해없음,승용,남,30세,경상
2020112400100390,2020년 11월 24일 16시,화요일,광주광역시 서구 쌍촌동,부상신고사고,0,0,0,1,차대차 - 측면충돌,교차로운행방법위반,건조,맑음,교차로 - 교차로안,승용,남,58세,상해없음,승용,여,46세,부상신고
2020112400100435,2020년 11월 24일 17시,화요일,광주광역시 서구 농성동,경상사고,0,0,1,0,차대차 - 측면충돌,중앙선침범,건조,흐림,단일로 - 기타,승용,남,55세,상해없음,이륜,남,22세,경상
2020112400100436,2020년 11월 24일 17시,화요일,광주광역시 광산구 송정동,중상사고,0,1,0,0,차대차 - 측면충돌,직진우회전진행방해,건조,맑음,교차로 - 교차로안,자전거,여,77세,중상,승용,여,50세,상해없음
2020112400100437,2020년 11월 24일 17시,화요일,광주광역시 광산구 송정동,중상사고,0,1,0,0,차대차 - 측면충돌,안전운전불이행,건조,맑음,교차로 - 교차로횡단보도내,자전거,남,50세,상해없음,자전거,여,68세,중상
2020112400100499,2020년 11월 24일 18시,화요일,광주광역시 남구 방림동,경상사고,0,0,1,0,차대차 - 기타,교차로운행방법위반,건조,맑음,단일로 - 기타,승용,여,37세,상해없음,이륜,남,35세,경상
2020112400100543,2020년 11월 24일 19시,화요일,광주광역시 광산구 수완동,경상사고,0,0,3,0,차대차 - 측면충돌,안전운전불이행,건조,맑음,교차로 - 교차로안,이륜,남,28세,경상,승용,남,31세,경상
2020112400100568,2020년 11월 24일 20시,화요일,광주광역시 북구 오치동,경상사고,0,0,2,0,차대차 - 측면충돌,안전운전불이행,건조,맑음,교차로 - 교차로안,화물,남,62세,상해없음,승용,남,20세,경상
2020112500100065,2020년 11월 25일 07시,수요일,광주광역시 광산구 장덕동,경상사고,0,0,2,0,차대차 - 측면충돌,교차로운행방법위반,건조,맑음,교차로 - 교차로안,승용,남,23세,경상,승용,남,53세,경상
2020112500100066,2020년 11월 25일 07시,수요일,광주광역시 광산구 신가동,경상사고,0,0,2,0,차대차 - 기타,안전거리미확보,건조,맑음,교차로 - 교차로부근,승용,남,61세,기타불명,승용,남,37세,경상
2020112500100101,2020년 11월 25일 08시,수요일,광주광역시 서구 치평동,경상사고,0,0,2,0,차대차 - 측면충돌,안전거리미확보,건조,맑음,단일로 - 기타,승용,여,44세,상해없음,승용,여,66세,경상
2020112500100102,2020년 11월 25일 08시,수요일,광주광역시 북구 중흥동,경상사고,0,0,1,0,차대차 - 추돌,안전거리미확보,건조,맑음,단일로 - 기타,화물,남,28세,상해없음,승용,여,26세,경상