사고번호,사고일시,요일,시군구,사고내용,사망자수,중상자수,경상자수,부상신고자수,사고유형,법규위반,노면상태,기상상태,도로형태,가해운전자 차종,가해운전자 성별,가해운전자 연령,가해운전자 상해정도,피해운전자 차종,피해운전자 성별,피해운전자 연령,피해운전자 상해정도
2020112500100127,2020년 11월 25일 09시,수요일,광주광역시 북구 두암동,경상사고,0,0,1,0,차대차 - 측면충돌,안전운전불이행,건조,맑음,단일로 - 기타,승용,여,54세,경상,건설기계,남,48세,기타불명
2020112500100128,2020년 11월 25일 09시,수요일,광주광역시 광산구 송정동,경상사고,0,0,2,0,차대차 - 측면충돌,안전운전불이행,건조,맑음,교차로 - 교차로부근,화물,남,61세,상해없음,승용,여,26세,경상
2020112500100129,2020년 11월 25일 09시,수요일,광주광역시 광산구 산정동,경상사고,0,0,1,0,차대차 - 측면충돌,안전운전불이행,건조,맑음,교차로 - 교차로안,화물,여,39세,기타불명,승용,여,40세,경상
2020112500100175,2020년 11월 25일 10시,수요일,광주광역시 광산구 복룡동,경상사고,0,0,3,0,차대차 - 추돌,안전운전불이행,건조,맑음,단일로 - 기타,승용,남,64세,경상,승용,여,52세,경상
2020112500100246,2020년 11월 25일 12시,수요일,광주광역시 서구 풍암동,중상사고,0,1,0,0,차대차 - 측면충돌,직진우회전진행방해,건조,맑음,교차로 - 교차로안,승용,남,39세,상해없음,이륜,남,59세,중상
2020112500100275,2020년 11월 25일 13시,수요일,광주광역시 서구 농성동,중상사고,0,1,0,0,차대사람 - 횡단중,안전운전불이행,건조,맑음,단일로 - 기타,승용,여,39세,상해없음,보행자,남,68세,중상
2020112500100308,2020년 11월 25일 14시,수요일,광주광역시 북구 동림동,경상사고,0,0,3,0,차대차 - 기타,직진우회전진행방해,건조,맑음,교차로 - 교차로안,승용,여,39세,상해없음,승용,여,29세,경상
2020112500100392,2020년 11월 25일 16시,수요일,광주광역시 북구 동림동,경상사고,0,0,2,0,차대차 - 측면충돌,안전거리미확보,건조,맑음,단일로 - 기타,승용,남,70세,상해없음,화물,남,50세,경상
2020112500100438,2020년 11월 25일 17시,수요일,광주광역시 동구 광산동,경상사고,0,0,1,0,차대사람 - 횡단중,안전운전불이행,건조,맑음,교차로 - 교차로안,승용,남,19세,상해없음,보행자,여,27세,경상
2020112500100440,2020년 11월 25일 17시,수요일,광주광역시 광산구 고룡동,경상사고,0,0,1,0,차대차 - 기타,중앙선침범,건조,맑음,단일로 - 기타,승합,남,46세,상해없음,승합,남,58세,경상
2020112500100502,2020년 11월 25일 18시,수요일,광주광역시 서구 쌍촌동,경상사고,0,0,1,0,차대차 - 기타,안전거리미확보,건조,맑음,단일로 - 기타,승용,여,54세,상해없음,승용,남,30세,경상
2020112500100541,2020년 11월 25일 19시,수요일,광주광역시 북구 양산동,중상사고,0,1,0,0,차대차 - 기타,안전운전불이행,건조,맑음,교차로 - 교차로안,승용,남,61세,상해없음,이륜,남,19세,중상
2020112500100542,2020년 11월 25일 19시,수요일,광주광역시 광산구 신창동,경상사고,0,0,7,0,차대차 - 측면충돌,안전거리미확보,건조,맑음,단일로 - 기타,승용,남,29세,상해없음,승용,남,62세,경상
2020112500100566,2020년 11월 25일 20시,수요일,광주광역시 광산구 소촌동,경상사고,0,0,2,0,차대차 - 측면충돌,교차로운행방법위반,건조,맑음,교차로 - 교차로안,승용,남,27세,경상,승용,남,65세,경상
2020112500100588,2020년 11월 25일 21시,수요일,광주광역시 북구 오치동,경상사고,0,0,1,0,차대사람 - 기타,안전운전불이행,건조,맑음,기타 - 기타,승용,남,33세,상해없음,보행자,남,54세,경상
2020112500100589,2020년 11월 25일 21시,수요일,광주광역시 광산구 수완동,경상사고,0,0,1,0,차대사람 - 보도통행중,보행자보호의무위반,건조,맑음,교차로 - 교차로횡단보도내,기타불명,기타불명,미분류,기타불명,보행자,여,17세,경상
2020112500100611,2020년 11월 25일 22시,수요일,광주광역시 북구 용봉동,경상사고,0,0,2,0,차대차 - 기타,안전운전불이행,건조,맑음,교차로 - 교차로부근,승용,남,50세,상해없음,승용,남,57세,경상
2020112500100612,2020년 11월 25일 22시,수요일,광주광역시 광산구 비아동,경상사고,0,0,1,0,차대차 - 기타,안전운전불이행,건조,맑음,교차로 - 교차로안,기타불명,기타불명,미분류,기타불명,승용,여,28세,경상
2020112500100625,2020년 11월 25일 23시,수요일,광주광역시 북구 운암동,경상사고,0,0,1,4,차대차 - 측면충돌,기타,건조,맑음,교차로 - 교차로안,승용,남,28세,경상,승용,남,71세,상해없음
2020112600100010,2020년 11월 26일 00시,목요일,광주광역시 광산구 소촌동,부상신고사고,0,0,0,1,차대차 - 추돌,안전운전불이행,건조,맑음,단일로 - 기타,이륜,남,23세,부상신고,화물,남,57세,기타불명
2020112600100023,2020년 11월 26일 02시,목요일,광주광역시 북구 월출동,경상사고,0,0,1,0,차대차 - 기타,신호위반,건조,맑음,교차로 - 교차로안,화물,남,65세,상해없음,승용,남,43세,경상
2020112600100024,2020년 11월 26일 02시,목요일,광주광역시 북구 중흥동,경상사고,0,0,1,0,차대차 - 기타,안전운전불이행,건조,맑음,단일로 - 기타,기타불명,기타불명,미분류,기타불명,개인형이동수단(PM),남,23세,경상
2020112600100036,2020년 11월 26일 04시,목요일,광주광역시 북구 삼각동,경상사고,0,0,1,0,차대차 - 측면충돌,안전운전불이행,건조,맑음,교차로 - 교차로안,승용,남,25세,상해없음,승용,남,53세,경상
2020112600100069,2020년 11월 26일 06시,목요일,광주광역시 광산구 운수동,경상사고,0,0,1,0,차대차 - 측면충돌,안전거리미확보,건조,맑음,단일로 - 기타,화물,남,46세,기타불명,승용,남,34세,경상
2020112600100120,2020년 11월 26일 08시,목요일,광주광역시 북구 일곡동,경상사고,0,0,5,0,차대차 - 기타,직진우회전진행방해,건조,맑음,교차로 - 교차로안,승용,여,41세,경상,승합,여,63세,경상
2020112600100145,2020년 11월 26일 09시,목요일,광주광역시 서구 치평동,경상사고,0,0,1,0,차대차 - 측면충돌,중앙선침범,건조,맑음,교차로 - 교차로부근,승용,여,71세,상해없음,승용,남,46세,경상
2020112600100146,2020년 11월 26일 09시,목요일,광주광역시 서구 화정동,경상사고,0,0,1,0,차대차 - 추돌,안전운전불이행,건조,맑음,단일로 - 기타,승용,여,56세,상해없음,승용,여,46세,경상
2020112600100174,2020년 11월 26일 10시,목요일,광주광역시 광산구 수완동,부상신고사고,0,0,0,1,차대차 - 측면충돌,안전거리미확보,건조,맑음,단일로 - 기타,승용,남,66세,상해없음,이륜,남,32세,부상신고
2020112600100231,2020년 11월 26일 12시,목요일,광주광역시 북구 임동,경상사고,0,0,2,0,차대차 - 기타,교차로운행방법위반,건조,맑음,교차로 - 교차로안,승용,남,21세,상해없음,승용,남,39세,경상
2020112600100261,2020년 11월 26일 13시,목요일,광주광역시 서구 쌍촌동,경상사고,0,0,1,0,차대차 - 측면충돌,안전운전불이행,건조,맑음,교차로 - 교차로안,승용,여,17세,상해없음,승용,남,29세,경상
2020112600100333,2020년 11월 26일 15시,목요일,광주광역시 서구 매월동,경상사고,0,0,1,0,차대차 - 기타,안전운전불이행,건조,맑음,단일로 - 기타,승용,남,63세,상해없음,승용,여,57세,경상
2020112600100334,2020년 11월 26일 15시,목요일,광주광역시 북구 금곡동,경상사고,0,0,1,0,차대사람 - 기타,안전운전불이행,건조,맑음,기타 - 기타,승용,여,44세,상해없음,보행자,남,36세,경상
2020112600100364,2020년 11월 26일 16시,목요일,광주광역시 서구 동천동,경상사고,0,0,1,0,차대차 - 측면충돌,안전운전불이행,건조,맑음,교차로 - 교차로안,승용,남,60세,상해없음,승용,여,22세,경상
2020112600100365,2020년 11월 26일 16시,목요일,광주광역시 북구 동림동,경상사고,0,0,1,0,차대차 - 추돌,안전운전불이행,건조,맑음,교차로 - 교차로부근,승용,남,62세,상해없음,승용,남,30세,경상
2020112600100366,2020년 11월 26일 16시,목요일,광주광역시 광산구 우산동,경상사고,0,0,2,0,차대차 - 측면충돌,안전운전불이행,건조,맑음,교차로 - 교차로안,화물,남,54세,상해없음,승용,여,62세,경상
2020112600100404,2020년 11월 26일 17시,목요일,광주광역시 남구 월산동,부상신고사고,0,0,0,1,차대사람 - 기타,안전운전불이행,건조,맑음,단일로 - 기타,기타불명,기타불명,미분류,기타불명,보행자,여,81세,부상신고
2020112600100405,2020년 11월 26일 17시,목요일,광주광역시 북구 용봉동,경상사고,0,0,1,0,차대차 - 추돌,안전운전불이행,건조,맑음,단일로 - 기타,승용,남,62세,상해없음,화물,남,54세,경상
2020112600100406,2020년 11월 26일 17시,목요일,광주광역시 광산구 송정동,경상사고,0,0,1,0,차대차 - 측면충돌,안전운전불이행,건조,맑음,단일로 - 기타,승용,남,64세,상해없음,자전거,여,73세,경상
2020112600100479,2020년 11월 26일 18시,목요일,광주광역시 북구 본촌동,경상사고,0,0,2,0,차대차 - 측면충돌,교차로운행방법위반,건조,맑음,교차로 - 교차로안,승용,여,48세,상해없음,승용,남,46세,경상
2020112600100523,2020년 11월 26일 19시,목요일,광주광역시 서구 매월동,경상사고,0,0,2,0,차대차 - 측면충돌,안전운전불이행,건조,맑음,교차로 - 교차로안,승용,남,35세,상해없음,승용,여,38세,경상
2020112600100524,2020년 11월 26일 19시,목요일,광주광역시 서구 풍암동,경상사고,0,0,3,0,차대차 - 기타,안전거리미확보,건조,맑음,단일로 - 기타,승용,남,34세,경상,승용,남,34세,경상
2020112600100525,2020년 11월 26일 19시,목요일,광주광역시 남구 봉선동,경상사고,0,0,1,0,차대차 - 추돌,안전거리미확보,건조,맑음,교차로 - 교차로부근,승용,남,33세,상해없음,승용,여,40세,경상
2020112600100555,2020년 11월 26일 20시,목요일,광주광역시 북구 누문동,경상사고,0,0,1,0,차대차 - 기타,중앙선침범,건조,맑음,단일로 - 기타,기타불명,기타불명,미분류,기타불명,승용,남,55세,상해없음
2020112600100583,2020년 11월 26일 21시,목요일,광주광역시 북구 우산동,경상사고,0,0,6,0,차대차 - 추돌,안전운전불이행,건조,맑음,단일로 - 기타,화물,남,42세,상해없음,승용,남,31세,경상
2020112600100600,2020년 11월 26일 22시,목요일,광주광역시 서구 금호동,경상사고,0,0,1,0,차대차 - 측면충돌,신호위반,건조,맑음,단일로 - 기타,이륜,남,38세,상해없음,자전거,남,15세,경상
2020112600100601,2020년 11월 26일 22시,목요일,광주광역시 광산구 우산동,경상사고,0,0,1,0,차대차 - 추돌,불법유턴,건조,맑음,단일로 - 기타,승용,여,33세,기타불명,승용,남,60세,경상
2020112700100016,2020년 11월 27일 01시,금요일,광주광역시 북구 연제동,경상사고,0,0,1,0,차대차 - 측면충돌,신호위반,건조,맑음,교차로 - 교차로안,승용,남,67세,기타불명,승용,남,36세,경상
2020112700100022,2020년 11월 27일 03시,금요일,광주광역시 서구 화정동,경상사고,0,0,4,0,차대차 - 측면충돌,신호위반,건조,맑음,교차로 - 교차로안,승용,남,67세,상해없음,승용,남,20세,경상
2020112700100055,2020년 11월 27일 06시,금요일,광주광역시 서구 금호동,경상사고,0,0,1,0,차대차 - 추돌,안전거리미확보,건조,맑음,단일로 - 기타,승용,남,63세,상해없음,승용,남,52세,경상
2020112700100167,2020년 11월 27일 11시,금요일,광주광역시 서구 광천동,경상사고,0,0,1,0,차대차 - 추돌,안전운전불이행,건조,맑음,단일로 - 기타,화물,남,66세,상해없음,승용,남,36세,경상
2020112700100227,2020년 11월 27일 13시,금요일,광주광역시 서구 매월동,경상사고,0,0,1,1,차대차 - 기타,신호위반,건조,맑음,교차로 - 교차로안,승용,남,48세,부상신고,승용,남,73세,경상
2020112700100266,2020년 11월 27일 14시,금요일,광주광역시 북구 각화동,경상사고,0,0,2,0,차대차 - 후진중충돌,안전운전불이행,건조,맑음,기타 - 기타,화물,남,26세,상해없음,승용,남,38세,경상
2020112700100307,2020년 11월 27일 15시,금요일,광주광역시 북구 오치동,중상사고,0,1,0,0,차대사람 - 횡단중,보행자보호의무위반,건조,맑음,교차로 - 교차로횡단보도내,승용,남,28세,상해없음,보행자,남,62세,중상
2020112700100358,2020년 11월 27일 16시,금요일,광주광역시 서구 치평동,경상사고,0,0,1,0,차대차 - 측면충돌,차로위반,건조,맑음,단일로 - 기타,승용,여,29세,경상,건설기계,남,37세,상해없음
2020112700100359,2020년 11월 27일 16시,금요일,광주광역시 북구 두암동,경상사고,0,0,1,0,차대차 - 기타,안전운전불이행,건조,맑음,단일로 - 기타,승용,남,56세,상해없음,자전거,남,68세,경상
2020112700100410,2020년 11월 27일 17시,금요일,광주광역시 서구 쌍촌동,경상사고,0,0,1,0,차대사람 - 기타,안전운전불이행,건조,맑음,교차로 - 교차로안,승용,남,54세,상해없음,보행자,여,23세,경상
2020112700100411,2020년 11월 27일 17시,금요일,광주광역시 남구 양림동,경상사고,0,0,1,0,차대차 - 측면충돌,기타,건조,맑음,단일로 - 기타,승용,남,52세,상해없음,자전거,남,63세,경상
2020112700100412,2020년 11월 27일 17시,금요일,광주광역시 북구 우산동,경상사고,0,0,1,0,차대차 - 측면충돌,신호위반,건조,맑음,교차로 - 교차로안,승용,남,55세,상해없음,이륜,남,27세,경상
2020112700100486,2020년 11월 27일 18시,금요일,광주광역시 남구 진월동,경상사고,0,0,2,0,차대차 - 측면충돌,안전거리미확보,건조,맑음,단일로 - 기타,승용,여,48세,상해없음,승용,남,48세,경상
2020112700100487,2020년 11월 27일 18시,금요일,광주광역시 광산구 우산동,경상사고,0,0,3,0,차대차 - 측면충돌,안전운전불이행,건조,맑음,교차로 - 교차로부근,승용,남,30세,상해없음,승용,남,43세,경상
2020112700100534,2020년 11월 27일 19시,금요일,광주광역시 북구 문흥동,경상사고,0,0,2,1,차대차 - 추돌,안전운전불이행,건조,맑음,단일로 - 기타,승용,남,44세,상해없음,승용,남,52세,경상
2020112700100582,2020년 11월 27일 20시,금요일,광주광역시 북구 신용동,경상사고,0,0,2,0,차대차 - 기타,안전거리미확보,건조,맑음,단일로 - 기타,승용,남,47세,경상,이륜,남,21세,경상
2020112700100620,2020년 11월 27일 21시,금요일,광주광역시 광산구 신창동,경상사고,0,0,1,0,차대차 - 측면충돌,불법유턴,건조,맑음,교차로 - 교차로횡단보도내,승용,남,39세,상해없음,승용,남,47세,경상
2020112700100674,2020년 11월 27일 23시,금요일,광주광역시 남구 봉선동,경상사고,0,0,1,0,차대차 - 후진중충돌,안전운전불이행,건조,맑음,교차로 - 교차로안,승용,남,28세,상해없음,승용,여,28세,경상
2020112800100037,2020년 11월 28일 05시,토요일,광주광역시 남구 주월동,경상사고,0,0,1,0,차대사람 - 횡단중,신호위반,건조,맑음,교차로 - 교차로횡단보도내,이륜,남,62세,상해없음,보행자,여,69세,경상
2020112800100048,2020년 11월 28일 06시,토요일,광주광역시 북구 양산동,중상사고,0,1,0,0,차대사람 - 차도통행중,안전운전불이행,건조,맑음,단일로 - 기타,승용,남,23세,상해없음,보행자,남,35세,중상
2020112800100094,2020년 11월 28일 09시,토요일,광주광역시 서구 금호동,경상사고,0,0,1,0,차대차 - 기타,안전운전불이행,건조,맑음,교차로 - 교차로부근,승용,남,16세,상해없음,승용,여,39세,경상
2020112800100095,2020년 11월 28일 09시,토요일,광주광역시 북구 양산동,경상사고,0,0,2,0,차대차 - 측면충돌,안전거리미확보,건조,맑음,단일로 - 기타,승용,여,54세,경상,승용,남,66세,경상
2020112800100096,2020년 11월 28일 09시,토요일,광주광역시 북구 운암동,경상사고,0,0,2,0,차대차 - 측면충돌,교차로운행방법위반,건조,맑음,교차로 - 교차로안,승용,여,42세,경상,승용,남,48세,경상
2020112800100128,2020년 11월 28일 10시,토요일,광주광역시 서구 양동,경상사고,0,0,1,0,차대사람 - 횡단중,안전운전불이행,건조,맑음,단일로 - 기타,승용,여,53세,상해없음,보행자,남,52세,경상
2020112800100129,2020년 11월 28일 10시,토요일,광주광역시 서구 농성동,경상사고,0,0,1,0,차대차 - 측면충돌,안전거리미확보,건조,맑음,단일로 - 기타,화물,남,55세,상해없음,승용,여,71세,경상
2020112800100130,2020년 11월 28일 10시,토요일,광주광역시 남구 임암동,경상사고,0,0,2,0,차대차 - 측면충돌,안전거리미확보,건조,맑음,단일로 - 기타,승용,여,39세,상해없음,승용,남,44세,경상
2020112800100162,2020년 11월 28일 11시,토요일,광주광역시 서구 치평동,경상사고,0,0,2,0,차대차 - 후진중충돌,안전운전불이행,건조,맑음,단일로 - 기타,승용,여,62세,상해없음,승용,남,34세,경상
2020112800100163,2020년 11월 28일 11시,토요일,광주광역시 서구 치평동,경상사고,0,0,1,0,차대차 - 추돌,안전운전불이행,건조,맑음,단일로 - 기타,승용,남,30세,상해없음,승용,남,29세,경상
2020112800100195,2020년 11월 28일 12시,토요일,광주광역시 광산구 쌍암동,경상사고,0,0,1,0,차대차 - 기타,차로위반,건조,맑음,단일로 - 기타,승용,남,33세,상해없음,승용,남,29세,상해없음
2020112800100255,2020년 11월 28일 13시,토요일,광주광역시 북구 본촌동,경상사고,0,0,1,0,차대차 - 후진중충돌,안전운전불이행,건조,맑음,단일로 - 기타,승용,남,64세,상해없음,원동기,남,25세,경상
2020112800100288,2020년 11월 28일 14시,토요일,광주광역시 북구 문흥동,경상사고,0,0,1,0,차대차 - 추돌,안전운전불이행,건조,맑음,단일로 - 기타,승합,남,59세,상해없음,승용,남,47세,경상
2020112800100299,2020년 11월 28일 14시,토요일,광주광역시 서구 풍암동,경상사고,0,0,1,0,차대차 - 기타,안전운전불이행,건조,맑음,단일로 - 기타,승용,남,75세,상해없음,승용,남,23세,상해없음
2020112800100335,2020년 11월 28일 15시,토요일,광주광역시 북구 연제동,경상사고,0,0,1,0,차대차 - 기타,차로위반,건조,맑음,단일로 - 기타,승용,남,59세,상해없음,승용,남,58세,경상
2020112800100336,2020년 11월 28일 15시,토요일,광주광역시 남구 방림동,경상사고,0,0,3,0,차대차 - 측면충돌,안전운전불이행,건조,맑음,교차로 - 교차로부근,승용,여,54세,상해없음,승용,여,48세,경상
2020112800100337,2020년 11월 28일 15시,토요일,광주광역시 광산구 소촌동,중상사고,0,1,0,0,차대사람 - 횡단중,신호위반,건조,맑음,교차로 - 교차로횡단보도내,승용,여,64세,상해없음,보행자,여,74세,중상
2020112800100374,2020년 11월 28일 16시,토요일,광주광역시 동구 지산동,경상사고,0,0,1,0,차대사람 - 기타,신호위반,건조,맑음,교차로 - 교차로횡단보도내,승용,남,71세,상해없음,보행자,남,36세,경상
2020112800100375,2020년 11월 28일 16시,토요일,광주광역시 남구 임암동,경상사고,0,0,3,0,차대차 - 측면충돌,안전운전불이행,건조,맑음,교차로 - 교차로부근,승용,여,44세,상해없음,승용,여,33세,경상
2020112800100456,2020년 11월 28일 18시,토요일,광주광역시 서구 금호동,중상사고,0,1,1,0,차대차 - 측면충돌,교차로운행방법위반,건조,맑음,교차로 - 교차로안,승용,남,27세,경상,승용,남,26세,중상
2020112800100457,2020년 11월 28일 18시,토요일,광주광역시 북구 두암동,경상사고,0,0,1,0,차대차 - 추돌,안전거리미확보,건조,맑음,단일로 - 기타,승합,남,52세,상해없음,승용,남,53세,경상
2020112800100478,2020년 11월 28일 19시,토요일,광주광역시 서구 서창동,경상사고,0,0,1,0,차대차 - 측면충돌,차로위반,건조,흐림,단일로 - 기타,승용,여,27세,상해없음,승용,여,43세,경상
2020112800100505,2020년 11월 28일 20시,토요일,광주광역시 서구 금호동,부상신고사고,0,0,0,1,차량단독 - 기타,안전운전불이행,건조,맑음,단일로 - 기타,이륜,남,20세,부상신고,,,,
2020112800100544,2020년 11월 28일 21시,토요일,광주광역시 서구 농성동,경상사고,0,0,1,0,차량단독 - 기타,안전운전불이행,건조,맑음,단일로 - 기타,승용,남,57세,상해없음,,,,
2020112800100583,2020년 11월 28일 23시,토요일,광주광역시 광산구 수완동,경상사고,0,0,1,0,차대사람 - 기타,안전운전불이행,건조,맑음,단일로 - 기타,승용,남,21세,상해없음,보행자,남,22세,경상
2020112900100053,2020년 11월 29일 05시,일요일,광주광역시 북구 두암동,경상사고,0,0,3,0,차대사람 - 기타,과속,건조,맑음,단일로 - 기타,승용,남,55세,상해없음,보행자,여,65세,경상
2020112900100054,2020년 11월 29일 05시,일요일,광주광역시 광산구 신가동,경상사고,0,0,1,0,차대차 - 추돌,안전운전불이행,건조,맑음,단일로 - 기타,승용,남,27세,상해없음,승용,남,43세,경상
2020112900100061,2020년 11월 29일 06시,일요일,광주광역시 서구 화정동,중상사고,0,1,1,0,차대차 - 측면충돌,신호위반,건조,맑음,교차로 - 교차로안,승용,남,47세,경상,이륜,남,20세,중상
2020112900100140,2020년 11월 29일 12시,일요일,광주광역시 광산구 산정동,경상사고,0,0,2,0,차대차 - 기타,신호위반,건조,맑음,교차로 - 교차로안,승합,남,45세,상해없음,승용,여,34세,경상
2020112900100225,2020년 11월 29일 15시,일요일,광주광역시 동구 산수동,경상사고,0,0,1,0,차대사람 - 횡단중,안전운전불이행,건조,맑음,단일로 - 기타,이륜,남,22세,상해없음,보행자,남,51세,경상
2020112900100276,2020년 11월 29일 17시,일요일,광주광역시 서구 화정동,경상사고,0,0,1,0,차대차 - 측면충돌,교차로운행방법위반,건조,맑음,교차로 - 교차로안,승용,여,25세,상해없음,승용,남,28세,경상
2020112900100330,2020년 11월 29일 19시,일요일,광주광역시 광산구 산정동,경상사고,0,0,1,0,차대차 - 측면충돌,신호위반,건조,맑음,교차로 - 교차로안,승용,남,55세,상해없음,이륜,남,16세,경상
2020112900100358,2020년 11월 29일 20시,일요일,광주광역시 북구 두암동,중상사고,0,1,0,0,차대사람 - 횡단중,안전운전불이행,건조,맑음,교차로 - 교차로안,승용,여,27세,상해없음,보행자,남,62세,중상
2020112900100359,2020년 11월 29일 20시,일요일,광주광역시 광산구 월곡동,경상사고,0,0,1,0,차대차 - 측면충돌,직진우회전진행방해,건조,맑음,교차로 - 교차로안,승용,남,59세,상해없음,이륜,남,57세,경상
2020112900100360,2020년 11월 29일 20시,일요일,광주광역시 광산구 산정동,중상사고,0,1,0,0,차대차 - 측면충돌,교차로운행방법위반,건조,맑음,교차로 - 교차로부근,승용,남,63세,상해없음,이륜,남,34세,중상
2020112900100382,2020년 11월 29일 21시,일요일,광주광역시 북구 오룡동,경상사고,0,0,1,0,차대차 - 추돌,안전운전불이행,건조,맑음,교차로 - 교차로부근,승용,남,60세,상해없음,이륜,남,42세,경상
2020112900100383,2020년 11월 29일 21시,일요일,광주광역시 광산구 수완동,중상사고,0,2,0,0,차대차 - 기타,중앙선침범,건조,맑음,단일로 - 기타,개인형이동수단(PM),남,17세,상해없음,승용,남,23세,중상
2020113000100014,2020년 11월 30일 01시,월요일,광주광역시 북구 운암동,경상사고,0,0,1,0,차대차 - 측면충돌,신호위반,건조,맑음,교차로 - 교차로안,승용,남,60세,상해없음,승용,여,51세,경상
2020113000100123,2020년 11월 30일 08시,월요일,광주광역시 남구 주월동,경상사고,0,0,2,0,차대차 - 측면충돌,교차로운행방법위반,건조,맑음,교차로 - 교차로안,승용,남,62세,상해없음,승용,여,37세,경상
2020113000100124,2020년 11월 30일 08시,월요일,광주광역시 광산구 도산동,경상사고,0,0,2,0,차대차 - 측면충돌,안전거리미확보,건조,맑음,단일로 - 기타,승용,남,23세,경상,승용,남,37세,경상
2020113000100156,2020년 11월 30일 09시,월요일,광주광역시 남구 지석동,경상사고,0,0,1,0,차대차 - 후진중충돌,안전거리미확보,건조,맑음,교차로 - 교차로안,승용,남,49세,상해없음,승용,여,30세,경상
2020113000100157,2020년 11월 30일 09시,월요일,광주광역시 남구 주월동,경상사고,0,0,1,0,차대차 - 추돌,안전거리미확보,건조,맑음,교차로 - 교차로부근,승용,남,54세,상해없음,승용,여,27세,상해없음
2020113000100219,2020년 11월 30일 11시,월요일,광주광역시 광산구 운수동,경상사고,0,0,1,0,차대사람 - 기타,안전운전불이행,건조,맑음,교차로 - 교차로부근,승용,남,58세,상해없음,보행자,여,66세,경상
2020113000100249,2020년 11월 30일 12시,월요일,광주광역시 남구 월산동,중상사고,0,1,0,0,차대차 - 측면충돌,안전운전불이행,건조,맑음,교차로 - 교차로안,승용,남,32세,상해없음,화물,남,34세,중상
2020113000100324,2020년 11월 30일 14시,월요일,광주광역시 남구 월산동,중상사고,0,1,0,0,차대사람 - 횡단중,안전운전불이행,건조,맑음,교차로 - 교차로안,승용,여,62세,상해없음,보행자,남,65세,중상
2020113000100364,2020년 11월 30일 15시,월요일,광주광역시 북구 동림동,중상사고,0,2,1,0,차대차 - 추돌,안전운전불이행,건조,맑음,단일로 - 기타,승용,여,59세,중상,화물,남,56세,경상
2020113000100565,2020년 11월 30일 19시,월요일,광주광역시 광산구 우산동,경상사고,0,0,1,0,차대차 - 추돌,안전운전불이행,건조,맑음,교차로 - 교차로안,승용,남,28세,상해없음,승용,남,32세,경상
2020113000100644,2020년 11월 30일 23시,월요일,광주광역시 남구 주월동,경상사고,0,0,2,0,차대차 - 추돌,안전운전불이행,건조,맑음,단일로 - 기타,승용,남,39세,상해없음,승용,남,56세,경상
2020120100100008,2020년 12월 1일 00시,화요일,광주광역시 남구 봉선동,경상사고,0,0,1,0,차대차 - 추돌,중앙선침범,건조,맑음,교차로 - 교차로부근,이륜,남,32세,상해없음,승용,남,31세,경상
2020120100100009,2020년 12월 1일 00시,화요일,광주광역시 광산구 도산동,경상사고,0,0,1,0,차량단독 - 기타,안전운전불이행,건조,맑음,단일로 - 기타,이륜,남,55세,경상,,,,
2020120100100022,2020년 12월 1일 05시,화요일,광주광역시 북구 우산동,부상신고사고,0,0,0,1,차량단독 - 기타,안전운전불이행,건조,맑음,단일로 - 기타,승용,남,69세,부상신고,,,,
2020120100100040,2020년 12월 1일 06시,화요일,광주광역시 남구 월성동,경상사고,0,0,1,0,차대차 - 측면충돌,교차로운행방법위반,건조,맑음,교차로 - 교차로안,승용,남,53세,상해없음,승용,남,53세,경상
2020120100100069,2020년 12월 1일 07시,화요일,광주광역시 동구 계림동,경상사고,0,0,5,0,차대차 - 기타,중앙선침범,건조,맑음,교차로 - 교차로부근,승용,여,22세,상해없음,승용,여,48세,경상
2020120100100115,2020년 12월 1일 08시,화요일,광주광역시 서구 마륵동,중상사고,0,1,1,0,차대사람 - 기타,안전운전불이행,건조,맑음,단일로 - 기타,승용,여,27세,상해없음,보행자,남,56세,중상
2020120100100182,2020년 12월 1일 10시,화요일,광주광역시 북구 용봉동,경상사고,0,0,1,0,차대차 - 측면충돌,안전운전불이행,건조,맑음,교차로 - 교차로안,승용,남,23세,상해없음,승용,여,27세,경상
2020120100100213,2020년 12월 1일 11시,화요일,광주광역시 북구 신안동,경상사고,0,0,1,0,차대차 - 기타,신호위반,건조,맑음,교차로 - 교차로안,화물,남,50세,상해없음,승용,남,57세,경상
2020120100100379,2020년 12월 1일 15시,화요일,광주광역시 남구 봉선동,경상사고,0,0,1,0,차대차 - 추돌,안전거리미확보,건조,맑음,교차로 - 교차로부근,승용,여,52세,상해없음,화물,남,50세,경상
2020120100100380,2020년 12월 1일 15시,화요일,광주광역시 북구 용봉동,경상사고,0,0,1,0,차대사람 - 횡단중,안전운전불이행,건조,맑음,단일로 - 기타,자전거,남,13세,상해없음,보행자,여,9세,경상
2020120100100479,2020년 12월 1일 17시,화요일,광주광역시 북구 양산동,중상사고,0,1,0,0,차대차 - 기타,안전운전불이행,건조,맑음,단일로 - 기타,승용,남,52세,중상,화물,남,56세,기타불명
2020120100100530,2020년 12월 1일 18시,화요일,광주광역시 남구 임암동,경상사고,0,0,3,0,차대차 - 측면충돌,신호위반,건조,맑음,교차로 - 교차로안,승용,남,56세,상해없음,승용,남,25세,경상