사고번호,사고일시,요일,시군구,사고내용,사망자수,중상자수,경상자수,부상신고자수,사고유형,법규위반,노면상태,기상상태,도로형태,가해운전자 차종,가해운전자 성별,가해운전자 연령,가해운전자 상해정도,피해운전자 차종,피해운전자 성별,피해운전자 연령,피해운전자 상해정도
2020120100100531,2020년 12월 1일 18시,화요일,광주광역시 북구 용봉동,경상사고,0,0,2,1,차대차 - 기타,안전운전불이행,건조,맑음,단일로 - 기타,승용,여,49세,부상신고,승용,남,23세,경상
2020120100100562,2020년 12월 1일 19시,화요일,광주광역시 동구 학동,중상사고,0,1,0,0,차대차 - 측면충돌,안전운전불이행,건조,맑음,교차로 - 교차로안,승용,남,67세,상해없음,기타불명,여,21세,중상
2020120100100563,2020년 12월 1일 19시,화요일,광주광역시 동구 장동,중상사고,0,1,0,0,차대차 - 후진중충돌,불법유턴,건조,맑음,교차로 - 교차로부근,승용,남,19세,상해없음,승용,남,26세,중상
2020120100100564,2020년 12월 1일 19시,화요일,광주광역시 광산구 소촌동,부상신고사고,0,0,0,1,차대사람 - 횡단중,보행자보호의무위반,건조,맑음,단일로 - 기타,기타불명,기타불명,미분류,기타불명,보행자,남,34세,부상신고
2020120100100619,2020년 12월 1일 21시,화요일,광주광역시 북구 중흥동,중상사고,0,1,1,0,차대차 - 측면충돌,교차로운행방법위반,건조,맑음,교차로 - 교차로안,승용,남,25세,경상,이륜,남,46세,중상
2020120200100036,2020년 12월 2일 06시,수요일,광주광역시 동구 지산동,경상사고,0,0,1,0,차대차 - 기타,교차로운행방법위반,건조,맑음,교차로 - 교차로안,승용,남,25세,상해없음,승용,여,30세,경상
2020120200100057,2020년 12월 2일 07시,수요일,광주광역시 광산구 산정동,중상사고,0,1,1,0,차대차 - 측면충돌,교차로운행방법위반,건조,맑음,교차로 - 교차로안,승합,남,46세,상해없음,이륜,남,26세,중상
2020120200100088,2020년 12월 2일 08시,수요일,광주광역시 광산구 도천동,경상사고,0,0,1,0,차대차 - 측면충돌,차로위반,건조,맑음,교차로 - 교차로안,건설기계,남,70세,상해없음,승용,여,58세,경상
2020120200100116,2020년 12월 2일 09시,수요일,광주광역시 동구 학동,경상사고,0,0,2,0,차대차 - 측면충돌,안전거리미확보,건조,흐림,교차로 - 교차로부근,승용,남,63세,경상,승용,남,33세,경상
2020120200100136,2020년 12월 2일 10시,수요일,광주광역시 서구 광천동,경상사고,0,0,1,0,차대차 - 측면충돌,안전운전불이행,건조,맑음,단일로 - 기타,건설기계,남,61세,상해없음,승용,남,30세,경상
2020120200100232,2020년 12월 2일 13시,수요일,광주광역시 광산구 산월동,경상사고,0,0,1,0,차대차 - 추돌,안전거리미확보,건조,맑음,교차로 - 교차로안,화물,남,32세,상해없음,승용,여,61세,경상
2020120200100265,2020년 12월 2일 14시,수요일,광주광역시 남구 월산동,경상사고,0,0,1,0,차대차 - 측면충돌,안전운전불이행,건조,맑음,교차로 - 교차로부근,화물,남,59세,상해없음,자전거,남,75세,경상
2020120200100266,2020년 12월 2일 14시,수요일,광주광역시 남구 월산동,중상사고,0,1,0,0,차대사람 - 차도통행중,안전운전불이행,건조,맑음,교차로 - 교차로안,승용,여,44세,상해없음,보행자,남,35세,중상
2020120200100267,2020년 12월 2일 14시,수요일,광주광역시 광산구 신창동,경상사고,0,0,1,0,차대사람 - 기타,안전운전불이행,건조,맑음,교차로 - 교차로안,이륜,남,43세,상해없음,보행자,남,35세,경상
2020120200100294,2020년 12월 2일 15시,수요일,광주광역시 서구 풍암동,경상사고,0,0,1,0,차대차 - 추돌,안전운전불이행,건조,맑음,교차로 - 교차로부근,화물,남,55세,상해없음,승용,남,30세,경상
2020120200100295,2020년 12월 2일 15시,수요일,광주광역시 북구 연제동,경상사고,0,0,1,0,차대차 - 측면충돌,교차로운행방법위반,건조,맑음,교차로 - 교차로안,승용,여,54세,상해없음,이륜,남,51세,경상
2020120200100296,2020년 12월 2일 15시,수요일,광주광역시 광산구 월계동,경상사고,0,0,1,0,차대차 - 후진중충돌,안전운전불이행,건조,맑음,단일로 - 기타,화물,남,59세,상해없음,이륜,남,21세,경상
2020120200100323,2020년 12월 2일 16시,수요일,광주광역시 북구 운암동,경상사고,0,0,1,0,차대사람 - 횡단중,안전운전불이행,건조,맑음,단일로 - 기타,화물,남,57세,상해없음,보행자,남,8세,경상
2020120200100324,2020년 12월 2일 16시,수요일,광주광역시 북구 동림동,경상사고,0,0,3,0,차대차 - 추돌,안전운전불이행,건조,맑음,교차로 - 교차로부근,승용,남,55세,상해없음,승합,남,70세,경상
2020120200100325,2020년 12월 2일 16시,수요일,광주광역시 광산구 운수동,경상사고,0,0,1,0,차대차 - 측면충돌,중앙선침범,건조,맑음,교차로 - 교차로부근,승용,남,35세,기타불명,승용,여,39세,경상
2020120200100377,2020년 12월 2일 17시,수요일,광주광역시 동구 대인동,경상사고,0,0,1,0,차대차 - 측면충돌,차로위반,건조,맑음,기타 - 기타,승용,남,68세,상해없음,승합,남,41세,상해없음
2020120200100378,2020년 12월 2일 17시,수요일,광주광역시 북구 신안동,경상사고,0,0,2,0,차대차 - 추돌,안전거리미확보,건조,맑음,교차로 - 교차로안,승용,남,40세,상해없음,승용,여,60세,경상
2020120200100379,2020년 12월 2일 17시,수요일,광주광역시 광산구 안청동,중상사고,0,1,0,0,차대차 - 측면충돌,신호위반,건조,맑음,교차로 - 교차로안,이륜,남,29세,중상,승용,남,54세,상해없음
2020120200100442,2020년 12월 2일 18시,수요일,광주광역시 서구 풍암동,경상사고,0,0,1,0,차대차 - 기타,안전거리미확보,건조,맑음,단일로 - 기타,화물,남,67세,상해없음,승용,여,39세,경상
2020120200100443,2020년 12월 2일 18시,수요일,광주광역시 북구 연제동,경상사고,0,0,2,0,차대차 - 기타,안전운전불이행,건조,맑음,기타 - 기타,승용,남,31세,경상,승용,여,58세,경상
2020120200100487,2020년 12월 2일 19시,수요일,광주광역시 북구 용봉동,경상사고,0,0,3,0,차대차 - 추돌,안전거리미확보,건조,맑음,단일로 - 기타,승용,남,58세,경상,승용,남,27세,상해없음
2020120200100523,2020년 12월 2일 20시,수요일,광주광역시 북구 중흥동,중상사고,0,1,0,0,차대차 - 기타,안전운전불이행,건조,맑음,단일로 - 기타,승용,남,26세,상해없음,이륜,남,18세,중상
2020120200100561,2020년 12월 2일 22시,수요일,광주광역시 서구 치평동,중상사고,0,1,0,0,차대차 - 측면충돌,신호위반,건조,맑음,교차로 - 교차로안,승용,여,23세,상해없음,승용,남,30세,중상
2020120200100562,2020년 12월 2일 22시,수요일,광주광역시 광산구 운남동,경상사고,0,0,1,0,차대차 - 측면충돌,안전운전불이행,건조,맑음,교차로 - 교차로안,승용,남,63세,상해없음,승용,여,53세,경상
2020120200100573,2020년 12월 2일 23시,수요일,광주광역시 북구 용봉동,경상사고,0,0,1,0,차대차 - 기타,안전운전불이행,건조,맑음,교차로 - 교차로안,승용,남,25세,상해없음,개인형이동수단(PM),남,37세,경상
2020120300100007,2020년 12월 3일 00시,목요일,광주광역시 동구 학동,부상신고사고,0,0,0,1,차대차 - 측면충돌,신호위반,건조,맑음,교차로 - 교차로안,승용,여,40세,기타불명,승용,남,55세,부상신고
2020120300100008,2020년 12월 3일 00시,목요일,광주광역시 광산구 산월동,경상사고,0,0,2,1,차대차 - 추돌,안전운전불이행,건조,맑음,교차로 - 교차로안,승용,여,50세,부상신고,승용,남,53세,경상
2020120300100020,2020년 12월 3일 03시,목요일,광주광역시 남구 주월동,경상사고,0,0,2,0,차대차 - 측면충돌,신호위반,건조,맑음,교차로 - 교차로안,승용,남,55세,상해없음,화물,남,39세,경상
2020120300100026,2020년 12월 3일 04시,목요일,광주광역시 북구 누문동,중상사고,0,1,0,0,차량단독 - 공작물충돌,기타,건조,맑음,단일로 - 기타,승용,남,43세,중상,,,,
2020120300100097,2020년 12월 3일 08시,목요일,광주광역시 남구 주월동,중상사고,0,1,0,0,차대사람 - 횡단중,신호위반,건조,맑음,교차로 - 교차로부근,승용,여,55세,상해없음,보행자,여,84세,중상
2020120300100145,2020년 12월 3일 10시,목요일,광주광역시 북구 운암동,경상사고,0,0,3,0,차대차 - 측면충돌,안전운전불이행,건조,맑음,교차로 - 교차로안,승용,여,44세,경상,승용,남,55세,경상
2020120300100208,2020년 12월 3일 12시,목요일,광주광역시 서구 쌍촌동,경상사고,0,0,1,0,차대차 - 측면충돌,교차로운행방법위반,건조,맑음,교차로 - 교차로안,화물,남,53세,상해없음,화물,남,25세,경상
2020120300100209,2020년 12월 3일 12시,목요일,광주광역시 광산구 쌍암동,중상사고,0,1,0,0,차대차 - 측면충돌,안전운전불이행,건조,맑음,단일로 - 기타,승용,남,53세,상해없음,이륜,남,23세,중상
2020120300100238,2020년 12월 3일 13시,목요일,광주광역시 서구 매월동,경상사고,0,0,2,0,차대차 - 측면충돌,안전거리미확보,건조,맑음,단일로 - 기타,승용,여,58세,경상,승용,여,44세,경상
2020120300100239,2020년 12월 3일 13시,목요일,광주광역시 남구 진월동,경상사고,0,0,1,0,차대차 - 측면충돌,교차로운행방법위반,건조,맑음,교차로 - 교차로안,승용,남,22세,상해없음,승용,여,28세,경상
2020120300100240,2020년 12월 3일 13시,목요일,광주광역시 북구 신안동,경상사고,0,0,1,0,차대차 - 기타,안전운전불이행,건조,맑음,단일로 - 기타,승용,남,40세,상해없음,자전거,남,65세,경상
2020120300100241,2020년 12월 3일 13시,목요일,광주광역시 광산구 서봉동,경상사고,0,0,1,0,차대차 - 추돌,안전거리미확보,건조,맑음,교차로 - 교차로부근,승용,남,56세,상해없음,승용,여,41세,상해없음
2020120300100272,2020년 12월 3일 14시,목요일,광주광역시 서구 유촌동,경상사고,0,0,1,0,차대차 - 기타,안전거리미확보,건조,맑음,단일로 - 기타,승용,남,72세,상해없음,승용,여,51세,경상
2020120300100273,2020년 12월 3일 14시,목요일,광주광역시 남구 양림동,경상사고,0,0,3,0,차대차 - 측면충돌,교차로운행방법위반,건조,맑음,교차로 - 교차로안,승용,남,63세,경상,승용,남,55세,경상
2020120300100314,2020년 12월 3일 15시,목요일,광주광역시 북구 두암동,경상사고,0,0,1,1,차대차 - 측면충돌,안전운전불이행,건조,맑음,교차로 - 교차로안,승용,남,67세,부상신고,화물,남,62세,경상
2020120300100395,2020년 12월 3일 17시,목요일,광주광역시 광산구 신가동,경상사고,0,0,4,0,차대차 - 측면충돌,신호위반,건조,맑음,단일로 - 기타,승용,남,43세,기타불명,화물,남,52세,경상
2020120300100506,2020년 12월 3일 20시,목요일,광주광역시 북구 삼각동,중상사고,0,1,0,0,차대차 - 측면충돌,중앙선침범,건조,맑음,교차로 - 교차로부근,자전거,남,52세,중상,승용,여,18세,상해없음
2020120300100547,2020년 12월 3일 22시,목요일,광주광역시 남구 주월동,경상사고,0,0,1,0,차대차 - 추돌,안전운전불이행,건조,맑음,교차로 - 교차로부근,승용,여,58세,기타불명,승용,남,63세,경상
2020120300100558,2020년 12월 3일 23시,목요일,광주광역시 남구 봉선동,경상사고,0,0,1,0,차대사람 - 차도통행중,안전운전불이행,건조,맑음,단일로 - 기타,승용,여,33세,상해없음,보행자,남,27세,경상
2020120300100559,2020년 12월 3일 23시,목요일,광주광역시 북구 임동,경상사고,0,0,1,0,차대차 - 추돌,안전운전불이행,건조,맑음,교차로 - 교차로부근,승용,남,28세,기타불명,승용,남,52세,경상
2020120400100012,2020년 12월 4일 00시,금요일,광주광역시 북구 용봉동,경상사고,0,0,1,0,차대차 - 측면충돌,안전운전불이행,건조,맑음,단일로 - 기타,승용,남,44세,상해없음,승용,남,34세,경상
2020120400100030,2020년 12월 4일 04시,금요일,광주광역시 북구 각화동,경상사고,0,0,1,0,차대차 - 기타,중앙선침범,건조,맑음,단일로 - 기타,승용,여,41세,상해없음,승용,여,60세,경상
2020120400100089,2020년 12월 4일 07시,금요일,광주광역시 서구 유촌동,경상사고,0,0,2,0,차대차 - 기타,안전거리미확보,건조,맑음,단일로 - 기타,승용,남,58세,경상,승용,남,25세,경상
2020120400100123,2020년 12월 4일 08시,금요일,광주광역시 서구 매월동,중상사고,0,1,0,0,차대차 - 측면충돌,중앙선침범,건조,맑음,단일로 - 기타,자전거,남,24세,중상,승용,남,55세,상해없음
2020120400100279,2020년 12월 4일 13시,금요일,광주광역시 북구 동림동,경상사고,0,0,3,0,차대차 - 기타,안전운전불이행,건조,맑음,단일로 - 기타,화물,남,68세,경상,승용,여,46세,경상
2020120400100280,2020년 12월 4일 13시,금요일,광주광역시 광산구 장덕동,경상사고,0,0,1,0,차대사람 - 횡단중,보행자보호의무위반,건조,맑음,교차로 - 교차로횡단보도내,기타불명,기타불명,미분류,기타불명,보행자,남,7세,경상
2020120400100311,2020년 12월 4일 14시,금요일,광주광역시 서구 금호동,중상사고,0,1,1,0,차대차 - 측면충돌,안전거리미확보,건조,맑음,단일로 - 기타,화물,남,64세,경상,이륜,남,38세,중상
2020120400100312,2020년 12월 4일 14시,금요일,광주광역시 광산구 신가동,경상사고,0,0,1,0,차대차 - 기타,안전운전불이행,건조,맑음,단일로 - 기타,이륜,여,17세,상해없음,승용,여,30세,경상
2020120400100392,2020년 12월 4일 16시,금요일,광주광역시 광산구 운남동,경상사고,0,0,1,0,차대차 - 측면충돌,안전운전불이행,건조,맑음,교차로 - 교차로안,승용,여,45세,상해없음,화물,남,61세,경상
2020120400100443,2020년 12월 4일 17시,금요일,광주광역시 남구 봉선동,경상사고,0,0,1,0,차대차 - 측면충돌,안전거리미확보,건조,맑음,교차로 - 교차로부근,승용,남,23세,상해없음,승용,여,54세,경상
2020120400100444,2020년 12월 4일 17시,금요일,광주광역시 광산구 신창동,경상사고,0,0,1,0,차대사람 - 횡단중,신호위반,건조,맑음,교차로 - 교차로안,이륜,남,20세,상해없음,보행자,남,24세,경상
2020120400100445,2020년 12월 4일 17시,금요일,광주광역시 광산구 장수동,경상사고,0,0,1,0,차대차 - 측면충돌,안전거리미확보,건조,맑음,단일로 - 기타,승합,남,52세,상해없음,승용,여,36세,경상
2020120400100511,2020년 12월 4일 18시,금요일,광주광역시 서구 쌍촌동,경상사고,0,0,1,0,차대차 - 측면충돌,안전운전불이행,건조,맑음,단일로 - 기타,승용,남,62세,상해없음,승용,여,47세,경상
2020120400100512,2020년 12월 4일 18시,금요일,광주광역시 서구 유촌동,경상사고,0,0,2,0,차대차 - 측면충돌,교차로운행방법위반,건조,맑음,교차로 - 교차로안,화물,남,56세,상해없음,승용,남,24세,경상
2020120400100513,2020년 12월 4일 18시,금요일,광주광역시 북구 각화동,경상사고,0,0,1,0,차대차 - 기타,차로위반,건조,맑음,교차로 - 교차로안,이륜,남,28세,상해없음,화물,남,38세,경상
2020120400100514,2020년 12월 4일 18시,금요일,광주광역시 북구 문흥동,경상사고,0,0,2,0,차대차 - 기타,기타,건조,맑음,단일로 - 기타,승용,남,60세,상해없음,승용,여,41세,경상
2020120400100515,2020년 12월 4일 18시,금요일,광주광역시 북구 동림동,경상사고,0,0,1,0,차대차 - 기타,신호위반,건조,맑음,단일로 - 기타,승용,여,45세,상해없음,승용,남,30세,경상
2020120400100553,2020년 12월 4일 19시,금요일,광주광역시 서구 마륵동,경상사고,0,0,2,0,차대차 - 측면충돌,안전운전불이행,건조,맑음,단일로 - 기타,화물,남,68세,상해없음,승용,남,32세,경상
2020120400100592,2020년 12월 4일 20시,금요일,광주광역시 서구 쌍촌동,경상사고,0,0,1,0,차대차 - 기타,안전운전불이행,건조,맑음,교차로 - 교차로안,기타불명,기타불명,미분류,기타불명,승용,남,45세,상해없음
2020120400100593,2020년 12월 4일 20시,금요일,광주광역시 북구 북동,경상사고,0,0,2,0,차대차 - 후진중충돌,안전운전불이행,건조,맑음,단일로 - 기타,승용,남,29세,상해없음,승용,남,35세,경상
2020120400100629,2020년 12월 4일 21시,금요일,광주광역시 북구 운암동,경상사고,0,0,4,0,차대차 - 측면충돌,차로위반,건조,맑음,단일로 - 고가도로위,승용,남,54세,경상,승용,여,23세,경상
2020120400100630,2020년 12월 4일 21시,금요일,광주광역시 광산구 월곡동,경상사고,0,0,3,1,차대차 - 측면충돌,안전운전불이행,건조,맑음,교차로 - 교차로부근,이륜,남,16세,부상신고,승용,남,53세,경상
2020120400100651,2020년 12월 4일 22시,금요일,광주광역시 북구 금곡동,경상사고,0,0,1,0,차대차 - 기타,안전운전불이행,건조,맑음,단일로 - 기타,승용,남,52세,상해없음,승용,여,52세,경상
2020120400100670,2020년 12월 4일 23시,금요일,광주광역시 북구 중흥동,경상사고,0,0,1,0,차대차 - 측면충돌,안전운전불이행,건조,맑음,단일로 - 기타,승용,남,21세,상해없음,승용,여,25세,경상
2020120400100671,2020년 12월 4일 23시,금요일,광주광역시 광산구 송정동,중상사고,0,1,0,0,차대차 - 측면충돌,안전운전불이행,건조,맑음,교차로 - 교차로부근,승용,남,23세,상해없음,자전거,남,62세,중상
2020120500100025,2020년 12월 5일 01시,토요일,광주광역시 북구 신용동,경상사고,0,0,1,0,차대차 - 기타,안전운전불이행,건조,맑음,단일로 - 기타,승용,남,44세,상해없음,승용,남,25세,경상
2020120500100091,2020년 12월 5일 09시,토요일,광주광역시 서구 유촌동,중상사고,0,1,0,0,차대차 - 측면충돌,안전운전불이행,건조,맑음,교차로 - 교차로부근,자전거,남,72세,중상,화물,남,57세,상해없음
2020120500100092,2020년 12월 5일 09시,토요일,광주광역시 남구 주월동,경상사고,0,0,2,0,차대차 - 측면충돌,안전거리미확보,건조,맑음,단일로 - 기타,승용,여,60세,경상,승용,남,55세,경상
2020120500100093,2020년 12월 5일 09시,토요일,광주광역시 북구 동림동,경상사고,0,0,2,0,차대차 - 정면충돌,중앙선침범,건조,맑음,단일로 - 기타,승용,남,62세,상해없음,화물,남,51세,경상
2020120500100094,2020년 12월 5일 09시,토요일,광주광역시 북구 신안동,경상사고,0,0,1,0,차대차 - 측면충돌,중앙선침범,건조,맑음,단일로 - 기타,이륜,남,51세,경상,승용,남,68세,상해없음
2020120500100126,2020년 12월 5일 10시,토요일,광주광역시 북구 양산동,경상사고,0,0,2,0,차대차 - 기타,안전운전불이행,건조,맑음,교차로 - 교차로안,승용,남,27세,경상,이륜,남,33세,경상
2020120500100165,2020년 12월 5일 11시,토요일,광주광역시 남구 방림동,경상사고,0,0,4,0,차대차 - 측면충돌,안전운전불이행,건조,맑음,교차로 - 교차로부근,승용,남,37세,경상,승용,남,52세,경상
2020120500100166,2020년 12월 5일 11시,토요일,광주광역시 북구 두암동,경상사고,0,0,2,0,차대차 - 측면충돌,차로위반,건조,맑음,단일로 - 기타,승합,남,57세,상해없음,승용,남,31세,경상
2020120500100167,2020년 12월 5일 11시,토요일,광주광역시 북구 양산동,경상사고,0,0,1,0,차대차 - 측면충돌,교차로운행방법위반,건조,맑음,교차로 - 교차로안,승용,여,31세,상해없음,승용,남,54세,경상
2020120500100203,2020년 12월 5일 12시,토요일,광주광역시 광산구 우산동,중상사고,0,1,3,0,차대차 - 추돌,신호위반,건조,맑음,교차로 - 교차로안,승용,남,39세,경상,승용,여,27세,중상
2020120500100249,2020년 12월 5일 13시,토요일,광주광역시 서구 광천동,경상사고,0,0,1,0,차대사람 - 기타,안전운전불이행,건조,맑음,단일로 - 기타,승용,여,49세,상해없음,보행자,여,23세,경상
2020120500100250,2020년 12월 5일 13시,토요일,광주광역시 서구 마륵동,중상사고,0,1,0,0,차대차 - 측면충돌,직진우회전진행방해,건조,맑음,교차로 - 교차로안,승용,남,62세,상해없음,이륜,남,39세,중상
2020120500100251,2020년 12월 5일 13시,토요일,광주광역시 서구 치평동,경상사고,0,0,1,0,차대차 - 측면충돌,교차로운행방법위반,건조,맑음,교차로 - 교차로안,승용,여,54세,상해없음,승용,여,39세,경상
2020120500100252,2020년 12월 5일 13시,토요일,광주광역시 북구 삼각동,중상사고,0,1,2,0,차대차 - 추돌,안전운전불이행,건조,맑음,교차로 - 교차로안,승용,남,53세,상해없음,승용,여,56세,중상
2020120500100253,2020년 12월 5일 13시,토요일,광주광역시 광산구 운남동,중상사고,0,1,0,0,차대차 - 기타,교차로운행방법위반,건조,맑음,교차로 - 교차로안,승용,남,41세,상해없음,이륜,남,25세,중상
2020120500100346,2020년 12월 5일 16시,토요일,광주광역시 북구 연제동,경상사고,0,0,2,0,차대차 - 기타,안전운전불이행,건조,맑음,교차로 - 교차로부근,승용,남,67세,상해없음,승용,남,58세,경상
2020120500100395,2020년 12월 5일 17시,토요일,광주광역시 서구 광천동,경상사고,0,0,2,0,차대차 - 측면충돌,차로위반,건조,흐림,교차로 - 교차로부근,승용,여,50세,상해없음,승용,남,24세,경상
2020120500100396,2020년 12월 5일 17시,토요일,광주광역시 광산구 우산동,경상사고,0,0,4,0,차대차 - 추돌,안전운전불이행,건조,맑음,단일로 - 기타,승용,여,51세,상해없음,승용,남,66세,경상
2020120500100427,2020년 12월 5일 18시,토요일,광주광역시 북구 동림동,경상사고,0,0,1,0,차대차 - 기타,안전운전불이행,건조,맑음,기타 - 기타,승용,여,37세,상해없음,승용,여,54세,경상
2020120500100439,2020년 12월 5일 18시,토요일,광주광역시 광산구 산정동,경상사고,0,0,1,0,차대차 - 측면충돌,직진우회전진행방해,건조,맑음,교차로 - 교차로안,승용,남,65세,경상,승용,남,61세,상해없음
2020120500100476,2020년 12월 5일 19시,토요일,광주광역시 북구 임동,경상사고,0,0,1,0,차대차 - 기타,안전운전불이행,건조,맑음,단일로 - 기타,승용,남,22세,상해없음,승용,남,29세,경상
2020120500100496,2020년 12월 5일 20시,토요일,광주광역시 광산구 송정동,경상사고,0,0,1,0,차대사람 - 기타,안전운전불이행,건조,맑음,교차로 - 교차로횡단보도내,승용,남,67세,상해없음,보행자,여,38세,경상
2020120500100525,2020년 12월 5일 21시,토요일,광주광역시 동구 대인동,경상사고,0,0,1,0,차대차 - 측면충돌,안전운전불이행,건조,맑음,교차로 - 교차로안,이륜,남,69세,상해없음,승용,여,59세,경상
2020120500100526,2020년 12월 5일 21시,토요일,광주광역시 서구 유촌동,경상사고,0,0,1,0,차대차 - 추돌,안전거리미확보,건조,맑음,단일로 - 기타,승용,남,27세,상해없음,승용,여,45세,경상
2020120500100543,2020년 12월 5일 22시,토요일,광주광역시 북구 두암동,중상사고,0,1,0,1,차대차 - 기타,안전운전불이행,건조,맑음,교차로 - 교차로안,승용,남,59세,부상신고,이륜,남,19세,중상
2020120600100037,2020년 12월 6일 03시,일요일,광주광역시 서구 쌍촌동,경상사고,0,0,1,1,차대차 - 측면충돌,교차로운행방법위반,건조,흐림,교차로 - 교차로안,승용,남,27세,기타불명,승용,남,55세,부상신고
2020120600100085,2020년 12월 6일 09시,일요일,광주광역시 북구 두암동,중상사고,0,1,0,0,차대사람 - 횡단중,보행자보호의무위반,건조,맑음,교차로 - 교차로횡단보도내,승용,남,69세,상해없음,보행자,남,74세,중상
2020120600100100,2020년 12월 6일 10시,일요일,광주광역시 남구 송하동,경상사고,0,0,1,0,차대차 - 측면충돌,안전거리미확보,건조,맑음,단일로 - 기타,승용,여,51세,상해없음,승용,여,28세,경상
2020120600100126,2020년 12월 6일 11시,일요일,광주광역시 남구 주월동,경상사고,0,0,2,0,차대차 - 측면충돌,교차로운행방법위반,건조,맑음,교차로 - 교차로안,승용,남,58세,상해없음,승용,여,58세,경상
2020120600100143,2020년 12월 6일 12시,일요일,광주광역시 광산구 신가동,경상사고,0,0,1,0,차대차 - 측면충돌,안전운전불이행,건조,맑음,단일로 - 기타,승용,남,63세,상해없음,승용,남,26세,경상
2020120600100175,2020년 12월 6일 13시,일요일,광주광역시 서구 양동,경상사고,0,0,2,0,차대차 - 측면충돌,중앙선침범,건조,맑음,단일로 - 기타,이륜,남,80세,경상,승용,남,21세,경상
2020120600100176,2020년 12월 6일 13시,일요일,광주광역시 북구 용봉동,경상사고,0,0,5,0,차대차 - 추돌,안전운전불이행,건조,맑음,단일로 - 기타,화물,남,79세,상해없음,승용,남,54세,경상
2020120600100177,2020년 12월 6일 13시,일요일,광주광역시 광산구 운남동,중상사고,0,1,0,0,차대사람 - 횡단중,보행자보호의무위반,건조,맑음,교차로 - 교차로안,승용,여,46세,상해없음,보행자,여,30세,중상
2020120600100231,2020년 12월 6일 15시,일요일,광주광역시 북구 매곡동,경상사고,0,0,2,0,차대차 - 기타,안전거리미확보,건조,맑음,단일로 - 기타,승용,여,24세,상해없음,승용,남,32세,경상
2020120600100290,2020년 12월 6일 17시,일요일,광주광역시 남구 봉선동,경상사고,0,0,1,0,차대차 - 측면충돌,안전운전불이행,건조,맑음,교차로 - 교차로안,이륜,남,22세,상해없음,이륜,남,52세,경상
2020120600100322,2020년 12월 6일 18시,일요일,광주광역시 남구 주월동,경상사고,0,0,1,0,차대차 - 측면충돌,불법유턴,건조,맑음,단일로 - 기타,승합,남,35세,상해없음,원동기,남,42세,경상
2020120600100351,2020년 12월 6일 19시,일요일,광주광역시 동구 충장로4가,경상사고,0,0,1,0,차대차 - 추돌,안전운전불이행,건조,맑음,단일로 - 기타,승용,여,28세,기타불명,승용,여,43세,경상
2020120600100352,2020년 12월 6일 19시,일요일,광주광역시 광산구 오선동,중상사고,0,1,0,0,차대차 - 측면충돌,신호위반,건조,맑음,교차로 - 교차로안,승용,여,20세,상해없음,승용,남,51세,중상
2020120600100391,2020년 12월 6일 21시,일요일,광주광역시 광산구 송정동,경상사고,0,0,1,0,차대사람 - 기타,안전운전불이행,건조,맑음,단일로 - 기타,승용,남,60세,상해없음,보행자,여,60세,경상
2020120600100409,2020년 12월 6일 23시,일요일,광주광역시 동구 산수동,경상사고,0,0,2,0,차량단독 - 공작물충돌,안전운전불이행,건조,흐림,단일로 - 기타,승용,남,24세,상해없음,,,,
2020120600100410,2020년 12월 6일 23시,일요일,광주광역시 북구 운암동,경상사고,0,0,2,0,차대차 - 기타,안전운전불이행,건조,맑음,단일로 - 기타,승용,남,65세,상해없음,승용,여,22세,경상
2020120700100029,2020년 12월 7일 05시,월요일,광주광역시 북구 동림동,경상사고,0,0,1,0,차대차 - 측면충돌,안전운전불이행,건조,맑음,단일로 - 기타,승용,여,37세,상해없음,승용,남,39세,경상
2020120700100073,2020년 12월 7일 07시,월요일,광주광역시 광산구 장록동,경상사고,0,0,1,0,차대차 - 측면충돌,안전거리미확보,건조,맑음,단일로 - 기타,승용,남,20세,상해없음,승용,여,49세,경상
2020120700100097,2020년 12월 7일 08시,월요일,광주광역시 북구 양산동,경상사고,0,0,2,0,차대차 - 측면충돌,안전운전불이행,건조,맑음,교차로 - 교차로부근,승용,남,38세,경상,승용,여,26세,경상
2020120700100125,2020년 12월 7일 09시,월요일,광주광역시 남구 주월동,경상사고,0,0,1,0,차대사람 - 기타,안전운전불이행,건조,맑음,단일로 - 기타,승합,남,30세,상해없음,보행자,남,74세,경상
2020120700100158,2020년 12월 7일 10시,월요일,광주광역시 남구 주월동,경상사고,0,0,1,0,차대사람 - 차도통행중,안전운전불이행,건조,맑음,교차로 - 교차로부근,화물,남,41세,상해없음,보행자,여,62세,경상
2020120700100206,2020년 12월 7일 12시,월요일,광주광역시 서구 쌍촌동,경상사고,0,0,1,0,차대차 - 측면충돌,안전운전불이행,건조,맑음,단일로 - 기타,승용,남,80세,상해없음,개인형이동수단(PM),남,60세,경상
2020120700100231,2020년 12월 7일 13시,월요일,광주광역시 북구 신안동,경상사고,0,0,1,0,차대차 - 측면충돌,안전운전불이행,건조,맑음,교차로 - 교차로안,기타불명,기타불명,미분류,기타불명,승용,남,30세,경상
2020120700100232,2020년 12월 7일 13시,월요일,광주광역시 광산구 신가동,경상사고,0,0,1,0,차대사람 - 횡단중,보행자보호의무위반,건조,맑음,교차로 - 교차로횡단보도내,기타불명,기타불명,미분류,기타불명,보행자,여,64세,경상