사고번호,사고일시,요일,시군구,사고내용,사망자수,중상자수,경상자수,부상신고자수,사고유형,법규위반,노면상태,기상상태,도로형태,가해운전자 차종,가해운전자 성별,가해운전자 연령,가해운전자 상해정도,피해운전자 차종,피해운전자 성별,피해운전자 연령,피해운전자 상해정도
2020121200100483,2020년 12월 12일 22시,토요일,광주광역시 북구 신안동,경상사고,0,0,1,0,차대차 - 정면충돌,중앙선침범,건조,맑음,단일로 - 기타,승용,남,37세,상해없음,이륜,남,19세,경상
2020121200100497,2020년 12월 12일 23시,토요일,광주광역시 광산구 운남동,부상신고사고,0,0,0,1,차량단독 - 기타,안전운전불이행,건조,맑음,단일로 - 기타,승용,남,19세,부상신고,,,,
2020121300100024,2020년 12월 13일 02시,일요일,광주광역시 서구 양동,경상사고,0,0,1,0,차대차 - 측면충돌,신호위반,건조,맑음,교차로 - 교차로안,승용,남,60세,상해없음,승용,남,39세,상해없음
2020121300100025,2020년 12월 13일 02시,일요일,광주광역시 북구 우산동,경상사고,0,0,1,0,차대사람 - 기타,안전운전불이행,건조,흐림,단일로 - 기타,승용,남,30세,상해없음,보행자,남,24세,경상
2020121300100110,2020년 12월 13일 11시,일요일,광주광역시 서구 쌍촌동,경상사고,0,0,1,0,차대차 - 측면충돌,교차로운행방법위반,건조,맑음,교차로 - 교차로안,승용,남,58세,상해없음,승합,남,60세,상해없음
2020121300100111,2020년 12월 13일 11시,일요일,광주광역시 북구 일곡동,경상사고,0,0,2,2,차대차 - 기타,교차로운행방법위반,건조,맑음,교차로 - 교차로안,승용,남,27세,부상신고,승용,남,57세,경상
2020121300100182,2020년 12월 13일 14시,일요일,광주광역시 북구 용전동,경상사고,0,0,4,0,차대차 - 측면충돌,안전운전불이행,젖음/습기,비,교차로 - 교차로부근,화물,남,72세,상해없음,승용,여,28세,경상
2020121300100227,2020년 12월 13일 16시,일요일,광주광역시 서구 화정동,경상사고,0,0,1,0,차대차 - 기타,안전운전불이행,건조,맑음,단일로 - 기타,승용,남,37세,상해없음,이륜,남,61세,경상
2020121300100258,2020년 12월 13일 17시,일요일,광주광역시 남구 임암동,경상사고,0,0,1,0,차대차 - 측면충돌,신호위반,젖음/습기,흐림,교차로 - 교차로안,승용,여,26세,상해없음,이륜,남,18세,경상
2020121300100259,2020년 12월 13일 17시,일요일,광주광역시 광산구 월계동,중상사고,0,1,0,0,차대사람 - 횡단중,중앙선침범,건조,맑음,단일로 - 기타,승용,남,56세,상해없음,보행자,남,75세,중상
2020121300100260,2020년 12월 13일 17시,일요일,광주광역시 광산구 월계동,경상사고,0,0,3,0,차대차 - 기타,교차로운행방법위반,건조,맑음,교차로 - 교차로부근,승용,남,22세,경상,승용,남,23세,경상
2020121300100327,2020년 12월 13일 19시,일요일,광주광역시 광산구 흑석동,경상사고,0,0,1,0,차대차 - 추돌,신호위반,건조,흐림,교차로 - 교차로부근,승용,기타불명,미분류,기타불명,승용,남,61세,경상
2020121300100361,2020년 12월 13일 21시,일요일,광주광역시 남구 주월동,중상사고,0,1,3,0,차대차 - 측면충돌,신호위반,젖음/습기,흐림,교차로 - 교차로안,승용,남,75세,경상,승용,남,37세,중상
2020121300100362,2020년 12월 13일 21시,일요일,광주광역시 북구 운암동,경상사고,0,0,1,0,차대차 - 기타,안전운전불이행,건조,맑음,단일로 - 기타,승용,여,58세,상해없음,승용,여,25세,경상
2020121400100012,2020년 12월 14일 02시,월요일,광주광역시 서구 동천동,경상사고,0,0,1,0,차대차 - 측면충돌,중앙선침범,젖음/습기,눈,단일로 - 기타,이륜,남,28세,상해없음,승용,남,64세,경상
2020121400100025,2020년 12월 14일 05시,월요일,광주광역시 광산구 우산동,부상신고사고,0,0,0,1,차량단독 - 공작물충돌,안전운전불이행,서리/결빙,눈,단일로 - 기타,화물,남,42세,부상신고,,,,
2020121400100054,2020년 12월 14일 07시,월요일,광주광역시 동구 지산동,중상사고,0,1,0,0,차대사람 - 횡단중,안전운전불이행,건조,맑음,교차로 - 교차로안,승용,남,44세,상해없음,보행자,여,81세,중상
2020121400100055,2020년 12월 14일 07시,월요일,광주광역시 서구 쌍촌동,사망사고,1,0,0,0,차대차 - 기타,과속,건조,맑음,단일로 - 기타,승용,남,49세,상해없음,자전거,여,69세,사망
2020121400100056,2020년 12월 14일 07시,월요일,광주광역시 북구 풍향동,사망사고,1,0,0,0,차대차 - 측면충돌,신호위반,건조,맑음,교차로 - 교차로안,자전거,남,63세,사망,승용,남,55세,상해없음
2020121400100096,2020년 12월 14일 08시,월요일,광주광역시 남구 월산동,중상사고,0,1,0,0,차대사람 - 횡단중,보행자보호의무위반,건조,맑음,교차로 - 교차로횡단보도내,승용,여,28세,상해없음,보행자,여,67세,중상
2020121400100177,2020년 12월 14일 11시,월요일,광주광역시 서구 치평동,경상사고,0,0,1,0,차대차 - 측면충돌,안전거리미확보,건조,맑음,단일로 - 기타,승용,여,62세,상해없음,승용,여,34세,경상
2020121400100178,2020년 12월 14일 11시,월요일,광주광역시 광산구 월전동,경상사고,0,0,3,0,차대차 - 추돌,안전운전불이행,서리/결빙,맑음,교차로 - 교차로부근,화물,남,28세,기타불명,승용,남,45세,경상
2020121400100340,2020년 12월 14일 16시,월요일,광주광역시 서구 동천동,경상사고,0,0,2,0,차대차 - 측면충돌,안전운전불이행,건조,맑음,교차로 - 교차로안,이륜,남,27세,상해없음,승용,남,62세,상해없음
2020121400100341,2020년 12월 14일 16시,월요일,광주광역시 광산구 장록동,중상사고,0,1,1,0,차대차 - 추돌,안전거리미확보,건조,맑음,교차로 - 교차로부근,화물,남,35세,중상,화물,남,63세,경상
2020121400100380,2020년 12월 14일 17시,월요일,광주광역시 서구 농성동,경상사고,0,0,4,0,차대차 - 기타,차로위반,건조,맑음,단일로 - 기타,승용,남,25세,상해없음,승용,여,64세,경상
2020121400100475,2020년 12월 14일 19시,월요일,광주광역시 남구 진월동,중상사고,0,1,0,0,차대차 - 측면충돌,신호위반,건조,맑음,교차로 - 교차로안,승용,여,51세,상해없음,이륜,여,21세,중상
2020121400100476,2020년 12월 14일 19시,월요일,광주광역시 광산구 오선동,경상사고,0,0,1,0,차대차 - 측면충돌,신호위반,건조,맑음,단일로 - 기타,화물,남,49세,상해없음,승용,남,28세,경상
2020121400100477,2020년 12월 14일 19시,월요일,광주광역시 광산구 수완동,중상사고,0,1,0,0,차대사람 - 기타,안전운전불이행,건조,맑음,단일로 - 기타,승합,남,55세,상해없음,보행자,여,68세,중상
2020121400100527,2020년 12월 14일 21시,월요일,광주광역시 남구 주월동,중상사고,0,1,0,0,차대사람 - 차도통행중,안전운전불이행,건조,맑음,단일로 - 기타,승용,여,40세,상해없음,보행자,여,57세,중상
2020121400100542,2020년 12월 14일 22시,월요일,광주광역시 서구 쌍촌동,중상사고,0,1,1,0,차대차 - 측면충돌,기타,건조,맑음,교차로 - 교차로안,이륜,남,18세,경상,이륜,남,25세,중상
2020121400100556,2020년 12월 14일 23시,월요일,광주광역시 북구 두암동,부상신고사고,0,0,0,1,차대사람 - 기타,안전운전불이행,건조,맑음,교차로 - 교차로부근,승용,남,60세,상해없음,보행자,남,42세,부상신고
2020121400100557,2020년 12월 14일 23시,월요일,광주광역시 북구 임동,경상사고,0,0,2,0,차대차 - 기타,신호위반,건조,맑음,교차로 - 교차로안,승용,여,51세,상해없음,승용,여,57세,경상
2020121500100004,2020년 12월 15일 00시,화요일,광주광역시 서구 풍암동,경상사고,0,0,2,0,차대차 - 추돌,안전운전불이행,건조,맑음,교차로 - 교차로부근,승용,남,56세,상해없음,승용,남,52세,경상
2020121500100005,2020년 12월 15일 00시,화요일,광주광역시 광산구 신가동,중상사고,0,1,3,0,차대차 - 측면충돌,신호위반,건조,맑음,교차로 - 교차로안,승용,남,42세,경상,승용,남,63세,경상
2020121500100047,2020년 12월 15일 07시,화요일,광주광역시 동구 금남로5가,중상사고,0,1,1,0,차대차 - 측면충돌,신호위반,젖음/습기,흐림,교차로 - 교차로안,승용,여,42세,경상,승용,여,38세,중상
2020121500100048,2020년 12월 15일 07시,화요일,광주광역시 남구 방림동,경상사고,0,0,2,0,차대차 - 측면충돌,신호위반,건조,맑음,교차로 - 교차로안,승용,여,62세,경상,승용,여,34세,경상
2020121500100077,2020년 12월 15일 08시,화요일,광주광역시 동구 호남동,경상사고,0,0,1,0,차대사람 - 횡단중,보행자보호의무위반,건조,맑음,교차로 - 교차로횡단보도내,승용,남,45세,기타불명,보행자,남,25세,경상
2020121500100100,2020년 12월 15일 09시,화요일,광주광역시 서구 치평동,경상사고,0,0,1,0,차대사람 - 기타,보행자보호의무위반,건조,맑음,교차로 - 교차로횡단보도내,승용,남,49세,상해없음,보행자,여,40세,경상
2020121500100124,2020년 12월 15일 10시,화요일,광주광역시 서구 광천동,경상사고,0,0,1,0,차대차 - 측면충돌,안전운전불이행,건조,맑음,교차로 - 교차로안,자전거,여,70세,경상,승용,남,47세,상해없음
2020121500100125,2020년 12월 15일 10시,화요일,광주광역시 북구 두암동,경상사고,0,0,1,0,차대차 - 기타,안전운전불이행,건조,맑음,단일로 - 기타,승용,여,52세,상해없음,이륜,남,33세,경상
2020121500100158,2020년 12월 15일 11시,화요일,광주광역시 동구 학동,중상사고,0,1,0,0,차대차 - 측면충돌,안전운전불이행,건조,맑음,교차로 - 교차로부근,승용,남,46세,상해없음,자전거,여,33세,중상
2020121500100159,2020년 12월 15일 11시,화요일,광주광역시 서구 치평동,경상사고,0,0,1,0,차대차 - 추돌,안전운전불이행,건조,맑음,단일로 - 기타,승용,남,28세,상해없음,승용,여,41세,경상
2020121500100185,2020년 12월 15일 12시,화요일,광주광역시 북구 누문동,중상사고,0,1,0,0,차대차 - 기타,교차로운행방법위반,건조,맑음,교차로 - 교차로안,개인형이동수단(PM),남,48세,중상,화물,남,54세,상해없음
2020121500100221,2020년 12월 15일 13시,화요일,광주광역시 광산구 흑석동,경상사고,0,0,1,0,차대사람 - 횡단중,보행자보호의무위반,건조,맑음,단일로 - 기타,승용,여,34세,상해없음,보행자,남,8세,경상
2020121500100366,2020년 12월 15일 17시,화요일,광주광역시 동구 남동,경상사고,0,0,2,0,차대차 - 기타,안전운전불이행,건조,맑음,기타 - 기타,승합,남,31세,상해없음,승용,여,22세,경상
2020121500100367,2020년 12월 15일 17시,화요일,광주광역시 서구 치평동,경상사고,0,0,4,0,차대차 - 기타,교차로운행방법위반,건조,맑음,교차로 - 교차로안,승용,남,22세,경상,승용,남,49세,경상
2020121500100368,2020년 12월 15일 17시,화요일,광주광역시 광산구 운남동,경상사고,0,0,2,0,차대차 - 기타,교차로운행방법위반,건조,맑음,교차로 - 교차로안,승용,남,51세,경상,승용,남,42세,경상
2020121500100369,2020년 12월 15일 17시,화요일,광주광역시 광산구 안청동,중상사고,0,1,0,0,차대차 - 측면충돌,불법유턴,건조,맑음,교차로 - 교차로안,승용,남,42세,상해없음,이륜,남,27세,중상
2020121500100428,2020년 12월 15일 18시,화요일,광주광역시 북구 양산동,경상사고,0,0,1,0,차대차 - 측면충돌,기타,건조,맑음,단일로 - 기타,승용,남,51세,상해없음,이륜,남,42세,경상
2020121500100429,2020년 12월 15일 18시,화요일,광주광역시 광산구 우산동,경상사고,0,0,1,0,차대차 - 추돌,안전거리미확보,건조,맑음,단일로 - 기타,승용,여,44세,상해없음,화물,남,57세,경상
2020121500100430,2020년 12월 15일 18시,화요일,광주광역시 광산구 월계동,경상사고,0,0,3,0,차대차 - 측면충돌,안전거리미확보,건조,맑음,단일로 - 기타,승용,남,28세,경상,승합,여,40세,경상
2020121500100463,2020년 12월 15일 19시,화요일,광주광역시 서구 금호동,경상사고,0,0,1,0,차대차 - 측면충돌,안전거리미확보,건조,맑음,단일로 - 기타,승용,남,36세,상해없음,승용,여,56세,경상
2020121500100464,2020년 12월 15일 19시,화요일,광주광역시 북구 용봉동,경상사고,0,0,1,0,차대차 - 추돌,안전운전불이행,건조,맑음,교차로 - 교차로안,승용,여,27세,상해없음,이륜,남,35세,경상
2020121500100465,2020년 12월 15일 19시,화요일,광주광역시 북구 운암동,경상사고,0,0,1,0,차대차 - 측면충돌,중앙선침범,건조,맑음,단일로 - 교량,승용,남,39세,상해없음,승용,남,65세,경상
2020121500100466,2020년 12월 15일 19시,화요일,광주광역시 광산구 우산동,경상사고,0,0,1,0,차대차 - 추돌,안전거리미확보,건조,맑음,단일로 - 기타,승용,남,55세,상해없음,승용,남,43세,경상
2020121500100467,2020년 12월 15일 19시,화요일,광주광역시 광산구 우산동,경상사고,0,0,4,0,차대차 - 측면충돌,차로위반,건조,맑음,단일로 - 고가도로위,승용,남,35세,상해없음,승용,남,20세,경상
2020121500100537,2020년 12월 15일 21시,화요일,광주광역시 북구 문흥동,경상사고,0,0,1,0,차대차 - 추돌,안전운전불이행,건조,맑음,단일로 - 기타,승용,남,17세,상해없음,화물,남,35세,경상
2020121600100010,2020년 12월 16일 01시,수요일,광주광역시 광산구 월계동,중상사고,0,2,0,0,차량단독 - 공작물충돌,안전운전불이행,건조,맑음,교차로 - 교차로안,승용,남,27세,중상,,,,
2020121600100096,2020년 12월 16일 08시,수요일,광주광역시 광산구 송정동,경상사고,0,0,1,0,차대차 - 측면충돌,안전거리미확보,건조,맑음,교차로 - 교차로안,화물,남,59세,상해없음,승용,여,23세,경상
2020121600100097,2020년 12월 16일 08시,수요일,광주광역시 광산구 복룡동,경상사고,0,0,2,3,차대차 - 측면충돌,안전거리미확보,건조,맑음,단일로 - 기타,승용,여,50세,경상,승용,남,22세,부상신고
2020121600100139,2020년 12월 16일 10시,수요일,광주광역시 동구 학동,경상사고,0,0,3,0,차대차 - 측면충돌,신호위반,건조,맑음,교차로 - 교차로안,승용,여,75세,기타불명,승용,남,67세,경상
2020121600100190,2020년 12월 16일 12시,수요일,광주광역시 북구 두암동,경상사고,0,0,1,0,차대차 - 기타,직진우회전진행방해,건조,맑음,교차로 - 교차로안,이륜,남,25세,경상,승용,남,25세,상해없음
2020121600100191,2020년 12월 16일 12시,수요일,광주광역시 북구 매곡동,경상사고,0,0,2,0,차대차 - 기타,직진우회전진행방해,건조,흐림,교차로 - 교차로안,승용,여,35세,상해없음,승용,남,77세,경상
2020121600100319,2020년 12월 16일 16시,수요일,광주광역시 남구 봉선동,경상사고,0,0,1,0,차대차 - 측면충돌,안전운전불이행,건조,맑음,단일로 - 기타,승용,남,38세,상해없음,승용,남,25세,경상
2020121600100357,2020년 12월 16일 17시,수요일,광주광역시 서구 농성동,경상사고,0,0,6,0,차대차 - 측면충돌,안전운전불이행,건조,맑음,교차로 - 교차로안,승용,남,18세,경상,화물,남,33세,경상
2020121600100419,2020년 12월 16일 18시,수요일,광주광역시 남구 진월동,경상사고,0,0,1,0,차대차 - 측면충돌,안전거리미확보,건조,맑음,단일로 - 기타,승용,남,53세,상해없음,승용,남,41세,경상
2020121600100420,2020년 12월 16일 18시,수요일,광주광역시 북구 임동,경상사고,0,0,1,0,차대차 - 측면충돌,안전거리미확보,건조,맑음,단일로 - 교량,승용,남,29세,상해없음,승용,남,32세,경상
2020121600100421,2020년 12월 16일 18시,수요일,광주광역시 광산구 신창동,경상사고,0,0,1,0,차대차 - 측면충돌,신호위반,건조,맑음,교차로 - 교차로안,승용,남,58세,상해없음,승용,여,57세,경상
2020121600100463,2020년 12월 16일 19시,수요일,광주광역시 남구 행암동,중상사고,0,1,2,0,차대차 - 추돌,안전운전불이행,건조,맑음,단일로 - 기타,승용,여,30세,상해없음,승합,남,65세,경상
2020121600100464,2020년 12월 16일 19시,수요일,광주광역시 북구 동림동,경상사고,0,0,1,0,차대사람 - 기타,신호위반,건조,맑음,교차로 - 교차로횡단보도내,승용,남,58세,상해없음,보행자,남,11세,경상
2020121600100465,2020년 12월 16일 19시,수요일,광주광역시 북구 본촌동,경상사고,0,0,2,0,차대차 - 측면충돌,교차로운행방법위반,건조,맑음,교차로 - 교차로안,승용,남,20세,상해없음,승용,여,44세,경상
2020121600100466,2020년 12월 16일 19시,수요일,광주광역시 광산구 월곡동,경상사고,0,0,3,0,차대차 - 추돌,안전운전불이행,건조,맑음,교차로 - 교차로부근,화물,남,60세,상해없음,승용,여,36세,경상
2020121600100467,2020년 12월 16일 19시,수요일,광주광역시 광산구 수완동,경상사고,0,0,3,0,차대차 - 추돌,안전운전불이행,건조,흐림,단일로 - 기타,승용,남,33세,상해없음,승합,남,49세,경상
2020121600100542,2020년 12월 16일 21시,수요일,광주광역시 광산구 월곡동,경상사고,0,0,1,0,차대차 - 정면충돌,안전운전불이행,건조,맑음,단일로 - 기타,승용,남,37세,상해없음,이륜,남,62세,경상
2020121600100564,2020년 12월 16일 23시,수요일,광주광역시 북구 운암동,경상사고,0,0,1,0,차대차 - 기타,교차로운행방법위반,건조,맑음,교차로 - 교차로안,승용,남,40세,상해없음,이륜,남,26세,경상
2020121700100022,2020년 12월 17일 05시,목요일,광주광역시 남구 월산동,경상사고,0,0,1,0,차대차 - 측면충돌,신호위반,건조,맑음,교차로 - 교차로안,승용,남,55세,상해없음,승용,남,68세,경상
2020121700100037,2020년 12월 17일 06시,목요일,광주광역시 남구 구동,중상사고,0,1,0,0,차대사람 - 횡단중,안전운전불이행,건조,맑음,교차로 - 교차로안,승용,남,37세,상해없음,보행자,남,93세,중상
2020121700100104,2020년 12월 17일 08시,목요일,광주광역시 서구 덕흥동,경상사고,0,0,2,0,차대차 - 추돌,안전운전불이행,건조,맑음,단일로 - 기타,승용,남,20세,상해없음,승용,여,48세,경상
2020121700100105,2020년 12월 17일 08시,목요일,광주광역시 남구 송하동,경상사고,0,0,3,0,차대차 - 측면충돌,안전운전불이행,건조,맑음,단일로 - 기타,화물,남,59세,상해없음,화물,남,38세,경상
2020121700100106,2020년 12월 17일 08시,목요일,광주광역시 광산구 대산동,중상사고,0,1,0,1,차대차 - 측면충돌,신호위반,젖음/습기,맑음,교차로 - 교차로안,승합,남,53세,부상신고,승용,여,64세,중상
2020121700100107,2020년 12월 17일 08시,목요일,광주광역시 광산구 산월동,경상사고,0,0,1,0,차대차 - 측면충돌,교차로운행방법위반,건조,맑음,교차로 - 교차로안,승용,남,49세,상해없음,승용,여,23세,경상
2020121700100134,2020년 12월 17일 09시,목요일,광주광역시 동구 계림동,경상사고,0,0,1,0,차대차 - 기타,안전운전불이행,건조,맑음,교차로 - 교차로안,승용,남,56세,상해없음,승용,남,28세,경상
2020121700100135,2020년 12월 17일 09시,목요일,광주광역시 북구 지야동,중상사고,0,2,1,0,차대차 - 측면충돌,안전거리미확보,건조,맑음,단일로 - 기타,화물,남,57세,경상,승용,남,62세,중상
2020121700100178,2020년 12월 17일 10시,목요일,광주광역시 북구 양산동,중상사고,0,1,0,0,차대차 - 측면충돌,기타,건조,맑음,단일로 - 기타,승용,남,60세,상해없음,이륜,남,44세,중상
2020121700100207,2020년 12월 17일 11시,목요일,광주광역시 광산구 송정동,경상사고,0,0,1,0,차대차 - 측면충돌,안전운전불이행,건조,맑음,단일로 - 기타,승용,남,44세,상해없음,개인형이동수단(PM),여,29세,경상
2020121700100242,2020년 12월 17일 12시,목요일,광주광역시 서구 동천동,경상사고,0,0,3,1,차대차 - 기타,직진우회전진행방해,건조,맑음,교차로 - 교차로안,화물,남,50세,부상신고,승용,남,28세,경상
2020121700100243,2020년 12월 17일 12시,목요일,광주광역시 광산구 신가동,중상사고,0,1,0,0,차대차 - 측면충돌,신호위반,건조,맑음,교차로 - 교차로안,화물,남,66세,상해없음,원동기,남,46세,중상
2020121700100277,2020년 12월 17일 13시,목요일,광주광역시 동구 용산동,경상사고,0,0,5,0,차대차 - 기타,교차로운행방법위반,건조,맑음,교차로 - 교차로안,승용,남,54세,경상,승용,여,34세,경상
2020121700100339,2020년 12월 17일 15시,목요일,광주광역시 북구 두암동,경상사고,0,0,1,0,차대사람 - 차도통행중,안전운전불이행,건조,맑음,단일로 - 기타,기타불명,기타불명,미분류,기타불명,보행자,여,63세,경상
2020121700100405,2020년 12월 17일 17시,목요일,광주광역시 광산구 월계동,경상사고,0,0,1,1,차대차 - 측면충돌,신호위반,건조,맑음,교차로 - 교차로안,화물,남,68세,부상신고,승용,남,45세,경상
2020121700100458,2020년 12월 17일 18시,목요일,광주광역시 북구 삼각동,경상사고,0,0,1,0,차대사람 - 횡단중,신호위반,건조,흐림,교차로 - 교차로횡단보도내,승용,남,39세,상해없음,보행자,여,27세,경상
2020121700100459,2020년 12월 17일 18시,목요일,광주광역시 북구 양산동,경상사고,0,0,1,0,차대차 - 기타,안전운전불이행,건조,맑음,교차로 - 교차로안,화물,남,33세,상해없음,승용,남,38세,경상
2020121700100460,2020년 12월 17일 18시,목요일,광주광역시 광산구 우산동,경상사고,0,0,1,0,차대차 - 측면충돌,안전운전불이행,건조,맑음,교차로 - 교차로안,승용,여,24세,상해없음,승용,남,40세,경상
2020121700100496,2020년 12월 17일 19시,목요일,광주광역시 서구 쌍촌동,경상사고,0,0,1,0,차대차 - 측면충돌,안전운전불이행,건조,맑음,단일로 - 기타,승용,남,70세,상해없음,승합,여,56세,경상
2020121700100497,2020년 12월 17일 19시,목요일,광주광역시 광산구 운수동,경상사고,0,0,1,0,차대차 - 측면충돌,안전거리미확보,건조,맑음,단일로 - 기타,승합,남,62세,상해없음,승용,여,44세,경상
2020121700100529,2020년 12월 17일 20시,목요일,광주광역시 서구 치평동,경상사고,0,0,1,0,차대차 - 추돌,안전운전불이행,건조,맑음,단일로 - 기타,승용,남,52세,상해없음,승용,여,51세,경상
2020121700100561,2020년 12월 17일 21시,목요일,광주광역시 광산구 월전동,부상신고사고,0,0,0,1,차대차 - 추돌,안전운전불이행,건조,맑음,교차로 - 교차로부근,승용,여,56세,부상신고,승용,남,32세,상해없음
2020121700100584,2020년 12월 17일 22시,목요일,광주광역시 서구 금호동,경상사고,0,0,1,0,차대차 - 측면충돌,안전운전불이행,건조,맑음,단일로 - 기타,승용,남,20세,상해없음,승용,남,34세,경상
2020121700100585,2020년 12월 17일 22시,목요일,광주광역시 서구 화정동,경상사고,0,0,2,0,차대차 - 측면충돌,안전운전불이행,건조,맑음,단일로 - 기타,승용,여,31세,상해없음,승용,여,28세,경상
2020121700100598,2020년 12월 17일 23시,목요일,광주광역시 서구 내방동,경상사고,0,0,2,0,차대차 - 측면충돌,안전거리미확보,건조,맑음,단일로 - 기타,화물,남,24세,상해없음,승용,남,54세,경상
2020121800100024,2020년 12월 18일 05시,금요일,광주광역시 북구 각화동,경상사고,0,0,1,0,차대차 - 추돌,안전운전불이행,건조,흐림,단일로 - 기타,승용,남,64세,상해없음,승용,남,38세,경상
2020121800100072,2020년 12월 18일 07시,금요일,광주광역시 광산구 장덕동,경상사고,0,0,1,0,차대차 - 측면충돌,신호위반,건조,맑음,교차로 - 교차로안,승용,남,51세,상해없음,승용,여,35세,경상
2020121800100125,2020년 12월 18일 09시,금요일,광주광역시 광산구 소촌동,경상사고,0,0,2,0,차대차 - 측면충돌,안전거리미확보,건조,맑음,단일로 - 기타,승용,남,72세,경상,승용,남,23세,경상
2020121800100152,2020년 12월 18일 10시,금요일,광주광역시 서구 광천동,경상사고,0,0,2,0,차대차 - 측면충돌,안전운전불이행,건조,맑음,단일로 - 기타,승용,남,69세,상해없음,승용,남,42세,경상
2020121800100183,2020년 12월 18일 11시,금요일,광주광역시 광산구 신촌동,부상신고사고,0,0,0,1,차대차 - 기타,안전운전불이행,건조,맑음,교차로 - 교차로안,자전거,남,63세,부상신고,화물,남,71세,상해없음
2020121800100319,2020년 12월 18일 15시,금요일,광주광역시 남구 주월동,경상사고,0,0,1,0,차대차 - 측면충돌,교차로운행방법위반,건조,맑음,교차로 - 교차로안,승용,남,62세,상해없음,승용,여,43세,경상
2020121800100320,2020년 12월 18일 15시,금요일,광주광역시 북구 매곡동,경상사고,0,0,3,0,차대차 - 측면충돌,안전운전불이행,건조,맑음,단일로 - 기타,승용,여,37세,상해없음,승용,남,46세,경상
2020121800100361,2020년 12월 18일 16시,금요일,광주광역시 서구 화정동,경상사고,0,0,1,0,차대차 - 측면충돌,신호위반,건조,맑음,교차로 - 교차로안,승용,남,58세,상해없음,이륜,남,41세,경상
2020121800100362,2020년 12월 18일 16시,금요일,광주광역시 북구 두암동,경상사고,0,0,1,0,차대차 - 기타,안전운전불이행,건조,맑음,단일로 - 기타,화물,남,43세,상해없음,이륜,남,23세,경상
2020121800100363,2020년 12월 18일 16시,금요일,광주광역시 북구 매곡동,경상사고,0,0,1,0,차대차 - 측면충돌,안전운전불이행,건조,맑음,교차로 - 교차로부근,승용,여,40세,상해없음,승용,남,50세,경상
2020121800100423,2020년 12월 18일 17시,금요일,광주광역시 북구 신안동,경상사고,0,0,1,0,차대차 - 기타,안전거리미확보,건조,맑음,단일로 - 기타,화물,남,62세,상해없음,승용,남,50세,경상
2020121800100424,2020년 12월 18일 17시,금요일,광주광역시 광산구 장덕동,경상사고,0,0,2,0,차대차 - 기타,교차로운행방법위반,건조,맑음,교차로 - 교차로안,승용,여,42세,경상,승용,여,44세,경상
2020121800100498,2020년 12월 18일 18시,금요일,광주광역시 서구 풍암동,경상사고,0,0,2,0,차대차 - 측면충돌,안전운전불이행,건조,맑음,단일로 - 기타,승용,여,46세,상해없음,승용,남,54세,경상
2020121800100499,2020년 12월 18일 18시,금요일,광주광역시 남구 송하동,경상사고,0,0,1,0,차대차 - 측면충돌,안전거리미확보,건조,맑음,단일로 - 기타,승용,여,54세,상해없음,승용,남,19세,경상
2020121800100500,2020년 12월 18일 18시,금요일,광주광역시 광산구 수완동,경상사고,0,0,1,0,차대차 - 후진중충돌,안전운전불이행,건조,맑음,단일로 - 기타,승용,여,27세,상해없음,이륜,남,28세,경상
2020121800100537,2020년 12월 18일 19시,금요일,광주광역시 광산구 광산동,경상사고,0,0,2,0,차대차 - 추돌,안전거리미확보,건조,맑음,단일로 - 기타,화물,남,24세,상해없음,승용,남,27세,경상
2020121800100596,2020년 12월 18일 20시,금요일,광주광역시 북구 신용동,경상사고,0,0,1,0,차대차 - 기타,안전운전불이행,건조,맑음,교차로 - 교차로횡단보도내,승용,남,63세,상해없음,이륜,남,16세,경상
2020121800100597,2020년 12월 18일 20시,금요일,광주광역시 북구 신안동,경상사고,0,0,1,0,차대차 - 측면충돌,차로위반,건조,맑음,단일로 - 기타,승용,여,24세,상해없음,승용,여,72세,경상
2020121800100648,2020년 12월 18일 21시,금요일,광주광역시 북구 동림동,경상사고,0,0,1,0,차대차 - 기타,안전운전불이행,건조,흐림,단일로 - 기타,승용,남,59세,상해없음,이륜,남,27세,경상
2020121800100649,2020년 12월 18일 21시,금요일,광주광역시 광산구 월곡동,경상사고,0,0,1,0,차대차 - 측면충돌,신호위반,건조,맑음,교차로 - 교차로안,이륜,남,38세,경상,화물,남,36세,상해없음
2020121800100681,2020년 12월 18일 22시,금요일,광주광역시 광산구 수완동,경상사고,0,0,2,0,차대차 - 측면충돌,안전운전불이행,건조,맑음,교차로 - 교차로안,승용,남,21세,상해없음,승용,남,24세,경상
2020121900100009,2020년 12월 19일 00시,토요일,광주광역시 동구 지산동,경상사고,0,0,1,0,차대차 - 측면충돌,안전운전불이행,건조,맑음,단일로 - 기타,이륜,남,33세,경상,승용,남,41세,상해없음
2020121900100029,2020년 12월 19일 04시,토요일,광주광역시 서구 벽진동,경상사고,0,0,1,0,차대차 - 측면충돌,신호위반,건조,맑음,교차로 - 교차로안,승용,남,31세,상해없음,승용,남,75세,경상
2020121900100034,2020년 12월 19일 05시,토요일,광주광역시 서구 쌍촌동,중상사고,0,1,0,0,차대차 - 측면충돌,안전운전불이행,건조,맑음,단일로 - 기타,승용,여,51세,상해없음,이륜,남,38세,중상