사고번호,사고일시,요일,시군구,사고내용,사망자수,중상자수,경상자수,부상신고자수,사고유형,법규위반,노면상태,기상상태,도로형태,가해운전자 차종,가해운전자 성별,가해운전자 연령,가해운전자 상해정도,피해운전자 차종,피해운전자 성별,피해운전자 연령,피해운전자 상해정도
2020121900100046,2020년 12월 19일 06시,토요일,광주광역시 서구 세하동,경상사고,0,0,1,0,차대차 - 기타,안전운전불이행,건조,맑음,단일로 - 기타,승용,남,32세,경상,화물,남,61세,기타불명
2020121900100113,2020년 12월 19일 10시,토요일,광주광역시 북구 운암동,경상사고,0,0,1,0,차대차 - 측면충돌,차로위반,건조,맑음,단일로 - 기타,승용,남,61세,상해없음,승용,남,39세,경상
2020121900100211,2020년 12월 19일 13시,토요일,광주광역시 북구 임동,중상사고,0,1,0,0,차대차 - 측면충돌,교차로운행방법위반,건조,맑음,교차로 - 교차로안,승용,여,53세,상해없음,원동기,남,73세,중상
2020121900100281,2020년 12월 19일 15시,토요일,광주광역시 서구 화정동,경상사고,0,0,1,0,차대사람 - 횡단중,신호위반,건조,맑음,교차로 - 교차로안,화물,남,67세,상해없음,보행자,여,65세,경상
2020121900100315,2020년 12월 19일 16시,토요일,광주광역시 광산구 운남동,경상사고,0,0,1,0,차대차 - 측면충돌,안전운전불이행,건조,맑음,교차로 - 교차로안,승용,남,24세,상해없음,이륜,남,25세,경상
2020121900100356,2020년 12월 19일 17시,토요일,광주광역시 광산구 수완동,경상사고,0,0,1,0,차대사람 - 기타,안전운전불이행,건조,맑음,단일로 - 기타,승용,여,55세,상해없음,보행자,남,24세,경상
2020121900100357,2020년 12월 19일 17시,토요일,광주광역시 광산구 신가동,경상사고,0,0,6,0,차대차 - 측면충돌,안전거리미확보,건조,맑음,교차로 - 교차로안,승용,남,38세,경상,승용,여,32세,경상
2020121900100409,2020년 12월 19일 18시,토요일,광주광역시 광산구 수완동,중상사고,0,1,0,0,차대사람 - 횡단중,신호위반,건조,맑음,단일로 - 기타,승용,여,48세,상해없음,보행자,여,26세,중상
2020121900100538,2020년 12월 19일 21시,토요일,광주광역시 북구 오치동,경상사고,0,0,2,0,차대차 - 추돌,안전운전불이행,건조,맑음,교차로 - 교차로부근,승용,남,25세,상해없음,승용,남,39세,경상
2020121900100539,2020년 12월 19일 21시,토요일,광주광역시 북구 중흥동,경상사고,0,0,1,0,차대사람 - 기타,안전운전불이행,건조,맑음,단일로 - 기타,승용,남,67세,상해없음,보행자,남,52세,경상
2020121900100572,2020년 12월 19일 22시,토요일,광주광역시 광산구 수완동,경상사고,0,0,2,0,차대차 - 측면충돌,안전운전불이행,건조,맑음,교차로 - 교차로부근,승용,남,26세,상해없음,승용,남,28세,경상
2020122000100019,2020년 12월 20일 02시,일요일,광주광역시 동구 동명동,경상사고,0,0,2,0,차대차 - 측면충돌,신호위반,건조,맑음,교차로 - 교차로안,승용,남,65세,상해없음,승용,남,20세,경상
2020122000100028,2020년 12월 20일 04시,일요일,광주광역시 북구 용봉동,경상사고,0,0,2,0,차대차 - 측면충돌,신호위반,건조,맑음,교차로 - 교차로안,승용,남,27세,상해없음,승용,남,59세,경상
2020122000100037,2020년 12월 20일 08시,일요일,광주광역시 남구 주월동,경상사고,0,0,1,0,차대차 - 측면충돌,신호위반,건조,맑음,교차로 - 교차로안,승용,남,41세,상해없음,승합,남,60세,경상
2020122000100055,2020년 12월 20일 10시,일요일,광주광역시 북구 문흥동,경상사고,0,0,3,0,차대차 - 측면충돌,안전운전불이행,건조,맑음,단일로 - 기타,승용,여,36세,상해없음,승용,남,43세,경상
2020122000100097,2020년 12월 20일 12시,일요일,광주광역시 남구 방림동,경상사고,0,0,5,0,차대차 - 추돌,안전거리미확보,건조,맑음,교차로 - 교차로부근,승용,남,71세,경상,승용,여,24세,경상
2020122000100098,2020년 12월 20일 12시,일요일,광주광역시 남구 진월동,경상사고,0,0,4,0,차대차 - 추돌,안전운전불이행,건조,맑음,단일로 - 기타,승용,남,43세,상해없음,승용,여,36세,경상
2020122000100344,2020년 12월 20일 22시,일요일,광주광역시 북구 각화동,경상사고,0,0,2,0,차대차 - 추돌,안전운전불이행,건조,맑음,단일로 - 터널,승용,여,41세,경상,승용,여,55세,경상
2020122000100358,2020년 12월 20일 23시,일요일,광주광역시 동구 학동,경상사고,0,0,2,0,차대차 - 기타,신호위반,건조,맑음,교차로 - 교차로안,승용,여,56세,경상,승용,여,54세,경상
2020122000100359,2020년 12월 20일 23시,일요일,광주광역시 북구 임동,경상사고,0,0,1,0,차대차 - 기타,신호위반,건조,맑음,교차로 - 교차로안,승용,남,43세,상해없음,승용,남,66세,경상
2020122100100074,2020년 12월 21일 07시,월요일,광주광역시 서구 쌍촌동,경상사고,0,0,1,0,차대차 - 후진중충돌,안전운전불이행,건조,맑음,교차로 - 교차로안,승용,남,21세,상해없음,승용,남,55세,경상
2020122100100174,2020년 12월 21일 10시,월요일,광주광역시 동구 산수동,중상사고,0,1,0,0,차대차 - 측면충돌,안전운전불이행,건조,맑음,단일로 - 기타,화물,남,61세,상해없음,이륜,남,60세,중상
2020122100100216,2020년 12월 21일 11시,월요일,광주광역시 광산구 쌍암동,경상사고,0,0,1,1,차대차 - 추돌,안전거리미확보,건조,맑음,교차로 - 교차로부근,승용,남,25세,부상신고,승용,남,48세,경상
2020122100100217,2020년 12월 21일 11시,월요일,광주광역시 광산구 월곡동,경상사고,0,0,1,0,차대차 - 측면충돌,안전운전불이행,건조,맑음,기타 - 기타,화물,남,36세,상해없음,승용,여,63세,경상
2020122100100246,2020년 12월 21일 12시,월요일,광주광역시 서구 풍암동,경상사고,0,0,1,0,차대차 - 측면충돌,안전운전불이행,건조,맑음,교차로 - 교차로부근,승용,남,24세,상해없음,이륜,남,39세,경상
2020122100100279,2020년 12월 21일 13시,월요일,광주광역시 북구 용봉동,부상신고사고,0,0,0,1,차대차 - 정면충돌,신호위반,건조,맑음,교차로 - 교차로부근,이륜,남,31세,부상신고,승용,남,49세,상해없음
2020122100100351,2020년 12월 21일 15시,월요일,광주광역시 동구 동명동,경상사고,0,0,1,0,차대차 - 기타,안전운전불이행,건조,맑음,단일로 - 기타,승용,남,29세,상해없음,자전거,여,56세,경상
2020122100100387,2020년 12월 21일 16시,월요일,광주광역시 동구 월남동,경상사고,0,0,3,0,차대차 - 추돌,안전운전불이행,건조,맑음,단일로 - 기타,승용,남,35세,상해없음,화물,남,42세,경상
2020122100100431,2020년 12월 21일 17시,월요일,광주광역시 서구 농성동,중상사고,0,1,0,0,차대사람 - 횡단중,안전운전불이행,건조,맑음,교차로 - 교차로안,승용,남,42세,상해없음,보행자,여,55세,중상
2020122100100492,2020년 12월 21일 18시,월요일,광주광역시 서구 내방동,경상사고,0,0,1,0,차대차 - 기타,신호위반,건조,맑음,단일로 - 기타,승용,여,48세,상해없음,개인형이동수단(PM),여,18세,경상
2020122100100493,2020년 12월 21일 18시,월요일,광주광역시 북구 유동,경상사고,0,0,2,0,차대차 - 측면충돌,안전거리미확보,건조,맑음,교차로 - 교차로안,승용,남,24세,상해없음,승용,남,35세,경상
2020122100100494,2020년 12월 21일 18시,월요일,광주광역시 광산구 비아동,경상사고,0,0,2,0,차대차 - 측면충돌,교차로운행방법위반,건조,맑음,교차로 - 교차로안,승용,남,59세,경상,승용,남,53세,경상
2020122100100545,2020년 12월 21일 19시,월요일,광주광역시 서구 유촌동,경상사고,0,0,1,0,차대차 - 추돌,안전거리미확보,건조,맑음,단일로 - 기타,승용,남,56세,상해없음,승용,남,41세,경상
2020122100100546,2020년 12월 21일 19시,월요일,광주광역시 광산구 신가동,경상사고,0,0,4,0,차대차 - 추돌,안전거리미확보,건조,맑음,단일로 - 기타,승용,여,41세,경상,승용,남,19세,경상
2020122100100608,2020년 12월 21일 21시,월요일,광주광역시 광산구 쌍암동,경상사고,0,0,1,0,차대차 - 측면충돌,교차로운행방법위반,건조,맑음,교차로 - 교차로안,승용,남,24세,기타불명,승용,여,21세,경상
2020122100100630,2020년 12월 21일 22시,월요일,광주광역시 서구 풍암동,경상사고,0,0,1,0,차대사람 - 횡단중,안전운전불이행,건조,맑음,교차로 - 교차로안,화물,남,32세,상해없음,보행자,남,41세,경상
2020122100100631,2020년 12월 21일 22시,월요일,광주광역시 북구 신안동,경상사고,0,0,3,0,차대차 - 기타,교차로운행방법위반,건조,맑음,교차로 - 교차로안,승용,남,55세,경상,화물,남,24세,경상
2020122200100010,2020년 12월 22일 01시,화요일,광주광역시 동구 산수동,부상신고사고,0,0,0,1,차대차 - 측면충돌,신호위반,건조,맑음,단일로 - 기타,이륜,남,29세,부상신고,이륜,남,15세,상해없음
2020122200100015,2020년 12월 22일 03시,화요일,광주광역시 광산구 송정동,경상사고,0,0,2,0,차대차 - 측면충돌,신호위반,건조,맑음,교차로 - 교차로안,건설기계,남,49세,상해없음,승용,남,36세,경상
2020122200100018,2020년 12월 22일 04시,화요일,광주광역시 북구 신안동,경상사고,0,0,1,0,차대차 - 측면충돌,신호위반,건조,맑음,교차로 - 교차로안,화물,남,21세,상해없음,승용,남,37세,경상
2020122200100122,2020년 12월 22일 09시,화요일,광주광역시 북구 오치동,경상사고,0,0,1,0,차대사람 - 기타,안전운전불이행,건조,맑음,단일로 - 기타,기타불명,기타불명,미분류,기타불명,보행자,여,35세,경상
2020122200100123,2020년 12월 22일 09시,화요일,광주광역시 광산구 대산동,경상사고,0,0,2,0,차대차 - 측면충돌,신호위반,건조,맑음,교차로 - 교차로안,승용,남,59세,기타불명,승용,여,28세,경상
2020122200100149,2020년 12월 22일 10시,화요일,광주광역시 서구 치평동,경상사고,0,0,1,0,차대차 - 기타,안전거리미확보,건조,맑음,단일로 - 기타,승용,남,69세,상해없음,승합,남,66세,상해없음
2020122200100184,2020년 12월 22일 11시,화요일,광주광역시 서구 광천동,경상사고,0,0,1,0,차대차 - 후진중충돌,안전운전불이행,건조,맑음,교차로 - 교차로안,승용,남,81세,상해없음,승용,남,48세,경상
2020122200100185,2020년 12월 22일 11시,화요일,광주광역시 남구 월산동,경상사고,0,0,1,0,차대차 - 측면충돌,교차로운행방법위반,건조,맑음,교차로 - 교차로안,화물,남,53세,상해없음,이륜,남,76세,경상
2020122200100208,2020년 12월 22일 12시,화요일,광주광역시 남구 진월동,경상사고,0,0,1,0,차대차 - 측면충돌,안전운전불이행,건조,맑음,단일로 - 기타,승용,여,40세,상해없음,원동기,남,42세,경상
2020122200100209,2020년 12월 22일 12시,화요일,광주광역시 광산구 월곡동,경상사고,0,0,3,0,차대차 - 측면충돌,안전운전불이행,건조,맑음,단일로 - 기타,승용,남,64세,기타불명,승용,여,47세,경상
2020122200100241,2020년 12월 22일 13시,화요일,광주광역시 남구 월산동,경상사고,0,0,1,0,차대차 - 측면충돌,중앙선침범,건조,맑음,단일로 - 기타,화물,남,61세,상해없음,승용,남,67세,경상
2020122200100305,2020년 12월 22일 15시,화요일,광주광역시 서구 마륵동,경상사고,0,0,2,0,차대차 - 측면충돌,안전운전불이행,건조,맑음,교차로 - 교차로부근,승용,여,47세,경상,승용,남,37세,경상
2020122200100306,2020년 12월 22일 15시,화요일,광주광역시 서구 쌍촌동,경상사고,0,0,1,0,차대차 - 기타,직진우회전진행방해,건조,맑음,교차로 - 교차로안,승용,여,38세,상해없음,승용,남,30세,경상
2020122200100307,2020년 12월 22일 15시,화요일,광주광역시 북구 운암동,경상사고,0,0,2,0,차대차 - 측면충돌,안전운전불이행,건조,맑음,교차로 - 교차로부근,승합,남,67세,경상,승용,남,31세,경상
2020122200100308,2020년 12월 22일 15시,화요일,광주광역시 광산구 산정동,중상사고,0,1,0,0,차대사람 - 기타,보행자보호의무위반,건조,맑음,단일로 - 기타,화물,남,49세,상해없음,보행자,남,71세,중상
2020122200100376,2020년 12월 22일 17시,화요일,광주광역시 북구 동림동,경상사고,0,0,1,0,차대차 - 측면충돌,차로위반,건조,맑음,교차로 - 교차로부근,승용,여,58세,상해없음,승용,남,46세,경상
2020122200100377,2020년 12월 22일 17시,화요일,광주광역시 광산구 월곡동,부상신고사고,0,0,0,1,차대사람 - 길가장자리구역통행중,안전운전불이행,건조,맑음,단일로 - 기타,기타불명,기타불명,미분류,기타불명,보행자,여,54세,부상신고
2020122200100423,2020년 12월 22일 18시,화요일,광주광역시 남구 양림동,경상사고,0,0,1,0,차대사람 - 횡단중,안전운전불이행,건조,맑음,교차로 - 교차로안,승용,여,29세,상해없음,보행자,여,79세,경상
2020122200100424,2020년 12월 22일 18시,화요일,광주광역시 남구 방림동,중상사고,0,1,0,0,차대사람 - 횡단중,안전운전불이행,건조,맑음,교차로 - 교차로부근,승용,남,19세,상해없음,보행자,여,60세,중상
2020122200100425,2020년 12월 22일 18시,화요일,광주광역시 북구 중흥동,경상사고,0,0,1,0,차대사람 - 기타,안전운전불이행,건조,흐림,단일로 - 기타,승용,여,32세,상해없음,보행자,여,20세,경상
2020122200100426,2020년 12월 22일 18시,화요일,광주광역시 북구 임동,경상사고,0,0,5,0,차대차 - 측면충돌,교차로운행방법위반,건조,맑음,교차로 - 교차로안,승용,여,61세,경상,승용,남,27세,경상
2020122200100427,2020년 12월 22일 18시,화요일,광주광역시 광산구 비아동,경상사고,0,0,1,0,차대차 - 추돌,안전거리미확보,건조,맑음,단일로 - 기타,승용,남,69세,상해없음,승용,여,34세,경상
2020122200100428,2020년 12월 22일 18시,화요일,광주광역시 광산구 우산동,경상사고,0,0,1,0,차대차 - 기타,중앙선침범,건조,맑음,교차로 - 교차로부근,승용,여,51세,상해없음,이륜,남,61세,경상
2020122200100429,2020년 12월 22일 18시,화요일,광주광역시 광산구 신가동,경상사고,0,0,1,0,차대차 - 측면충돌,안전운전불이행,건조,맑음,교차로 - 교차로안,승용,남,69세,상해없음,승용,남,43세,상해없음
2020122200100487,2020년 12월 22일 19시,화요일,광주광역시 북구 임동,경상사고,0,0,1,0,차대차 - 기타,교차로운행방법위반,건조,흐림,교차로 - 교차로안,승용,남,69세,상해없음,화물,남,61세,경상
2020122200100585,2020년 12월 22일 23시,화요일,광주광역시 광산구 흑석동,경상사고,0,0,1,0,차대차 - 추돌,안전거리미확보,건조,맑음,단일로 - 기타,승용,남,43세,상해없음,승용,남,23세,경상
2020122300100081,2020년 12월 23일 07시,수요일,광주광역시 서구 농성동,경상사고,0,0,1,0,차대차 - 추돌,안전운전불이행,건조,맑음,단일로 - 기타,승용,남,57세,상해없음,승용,남,36세,경상
2020122300100082,2020년 12월 23일 07시,수요일,광주광역시 남구 진월동,경상사고,0,0,1,0,차대차 - 측면충돌,안전운전불이행,건조,맑음,단일로 - 기타,자전거,남,37세,경상,승용,남,41세,상해없음
2020122300100083,2020년 12월 23일 07시,수요일,광주광역시 광산구 장덕동,경상사고,0,0,1,0,차대사람 - 횡단중,보행자보호의무위반,건조,맑음,교차로 - 교차로안,화물,남,60세,상해없음,보행자,남,43세,경상
2020122300100190,2020년 12월 23일 11시,수요일,광주광역시 서구 쌍촌동,경상사고,0,0,1,0,차대차 - 측면충돌,교차로운행방법위반,건조,맑음,교차로 - 교차로안,화물,남,46세,상해없음,승용,남,53세,경상
2020122300100222,2020년 12월 23일 12시,수요일,광주광역시 서구 쌍촌동,경상사고,0,0,1,0,차대사람 - 횡단중,안전운전불이행,건조,맑음,교차로 - 교차로부근,승용,남,43세,상해없음,보행자,여,67세,경상
2020122300100223,2020년 12월 23일 12시,수요일,광주광역시 광산구 수완동,중상사고,0,1,0,0,차대차 - 측면충돌,안전거리미확보,건조,맑음,단일로 - 기타,승용,남,36세,상해없음,이륜,남,27세,중상
2020122300100224,2020년 12월 23일 12시,수요일,광주광역시 광산구 진곡동,경상사고,0,0,17,2,차대차 - 추돌,안전운전불이행,건조,맑음,단일로 - 기타,승합,남,68세,상해없음,화물,남,52세,경상
2020122300100277,2020년 12월 23일 14시,수요일,광주광역시 서구 치평동,경상사고,0,0,1,0,차대차 - 측면충돌,안전거리미확보,건조,맑음,단일로 - 기타,화물,남,36세,상해없음,승용,여,41세,경상
2020122300100311,2020년 12월 23일 15시,수요일,광주광역시 남구 도금동,경상사고,0,0,2,0,차대차 - 측면충돌,안전거리미확보,건조,맑음,단일로 - 기타,화물,남,44세,상해없음,승용,남,61세,경상
2020122300100344,2020년 12월 23일 16시,수요일,광주광역시 광산구 옥동,경상사고,0,0,1,1,차대차 - 측면충돌,안전거리미확보,건조,맑음,교차로 - 교차로부근,승용,남,65세,부상신고,화물,남,21세,경상
2020122300100389,2020년 12월 23일 17시,수요일,광주광역시 서구 금호동,경상사고,0,0,1,0,차대사람 - 기타,신호위반,건조,맑음,단일로 - 기타,원동기,남,25세,상해없음,보행자,남,10세,경상
2020122300100390,2020년 12월 23일 17시,수요일,광주광역시 남구 봉선동,경상사고,0,0,2,0,차대사람 - 기타,신호위반,건조,맑음,교차로 - 교차로안,승용,남,50세,상해없음,보행자,남,9세,경상
2020122300100391,2020년 12월 23일 17시,수요일,광주광역시 북구 우산동,중상사고,0,1,0,0,차대차 - 측면충돌,안전운전불이행,건조,맑음,교차로 - 교차로안,승용,여,60세,상해없음,원동기,남,52세,중상
2020122300100468,2020년 12월 23일 18시,수요일,광주광역시 서구 풍암동,경상사고,0,0,4,0,차대차 - 측면충돌,차로위반,서리/결빙,맑음,교차로 - 교차로부근,승용,여,41세,경상,승용,여,40세,경상
2020122300100469,2020년 12월 23일 18시,수요일,광주광역시 남구 주월동,경상사고,0,0,2,0,차대차 - 측면충돌,안전거리미확보,건조,맑음,교차로 - 교차로안,승용,남,54세,상해없음,승합,남,50세,경상
2020122300100470,2020년 12월 23일 18시,수요일,광주광역시 남구 구동,중상사고,0,1,0,0,차대사람 - 횡단중,안전운전불이행,건조,맑음,단일로 - 기타,승용,남,68세,상해없음,보행자,여,28세,중상
2020122300100471,2020년 12월 23일 18시,수요일,광주광역시 북구 동림동,경상사고,0,0,1,0,차대차 - 기타,안전운전불이행,건조,맑음,교차로 - 교차로안,승용,남,59세,상해없음,이륜,남,25세,경상
2020122300100516,2020년 12월 23일 19시,수요일,광주광역시 동구 충장로3가,중상사고,0,1,0,0,차대사람 - 횡단중,안전운전불이행,건조,맑음,교차로 - 교차로횡단보도내,이륜,남,20세,상해없음,보행자,남,47세,중상
2020122300100518,2020년 12월 23일 19시,수요일,광주광역시 서구 쌍촌동,중상사고,0,1,0,0,차대차 - 기타,안전운전불이행,건조,맑음,교차로 - 교차로안,승용,남,40세,상해없음,이륜,남,59세,중상
2020122300100519,2020년 12월 23일 19시,수요일,광주광역시 광산구 우산동,경상사고,0,0,1,0,차대사람 - 차도통행중,안전운전불이행,건조,맑음,교차로 - 교차로안,승용,기타불명,미분류,기타불명,보행자,남,47세,경상
2020122300100594,2020년 12월 23일 21시,수요일,광주광역시 남구 임암동,경상사고,0,0,1,0,차대차 - 측면충돌,중앙선침범,건조,맑음,교차로 - 교차로부근,화물,남,35세,상해없음,승용,남,31세,경상
2020122300100595,2020년 12월 23일 21시,수요일,광주광역시 광산구 수완동,경상사고,0,0,2,0,차대차 - 측면충돌,안전거리미확보,건조,맑음,단일로 - 기타,승용,남,33세,상해없음,승용,남,27세,경상
2020122300100608,2020년 12월 23일 22시,수요일,광주광역시 서구 쌍촌동,경상사고,0,0,1,0,차대차 - 기타,안전운전불이행,건조,맑음,단일로 - 기타,승용,남,43세,상해없음,이륜,남,26세,경상
2020122300100630,2020년 12월 23일 23시,수요일,광주광역시 동구 금남로3가,경상사고,0,0,3,1,차량단독 - 공작물충돌,안전운전불이행,건조,맑음,교차로 - 교차로안,승용,남,21세,부상신고,,,,
2020122300100631,2020년 12월 23일 23시,수요일,광주광역시 광산구 수완동,경상사고,0,0,1,1,차대차 - 측면충돌,신호위반,젖음/습기,흐림,교차로 - 교차로안,이륜,남,32세,경상,이륜,남,27세,부상신고
2020122400100014,2020년 12월 24일 01시,목요일,광주광역시 서구 치평동,중상사고,0,1,1,0,차량단독 - 공작물충돌,안전운전불이행,건조,맑음,단일로 - 기타,이륜,남,15세,중상,,,,
2020122400100027,2020년 12월 24일 05시,목요일,광주광역시 광산구 우산동,중상사고,0,1,0,0,차량단독 - 공작물충돌,안전운전불이행,건조,맑음,기타 - 기타,화물,남,50세,중상,,,,
2020122400100041,2020년 12월 24일 06시,목요일,광주광역시 동구 서석동,경상사고,0,0,1,0,차대차 - 기타,교차로운행방법위반,건조,맑음,교차로 - 교차로부근,승용,남,69세,상해없음,승용,남,23세,경상
2020122400100064,2020년 12월 24일 07시,목요일,광주광역시 광산구 오선동,중상사고,0,1,0,0,차대사람 - 기타,안전운전불이행,건조,흐림,단일로 - 기타,승용,남,27세,기타불명,보행자,남,36세,중상
2020122400100101,2020년 12월 24일 08시,목요일,광주광역시 북구 동림동,경상사고,0,0,1,0,차대차 - 추돌,안전운전불이행,건조,맑음,단일로 - 기타,승용,여,38세,상해없음,승용,여,37세,경상
2020122400100123,2020년 12월 24일 09시,목요일,광주광역시 남구 양림동,경상사고,0,0,1,0,차대차 - 측면충돌,안전거리미확보,건조,맑음,단일로 - 기타,건설기계,남,55세,상해없음,승용,여,39세,경상
2020122400100212,2020년 12월 24일 12시,목요일,광주광역시 서구 쌍촌동,경상사고,0,0,1,0,차대차 - 측면충돌,안전운전불이행,건조,맑음,단일로 - 기타,승용,여,25세,상해없음,이륜,남,32세,경상
2020122400100213,2020년 12월 24일 12시,목요일,광주광역시 남구 주월동,경상사고,0,0,1,0,차대차 - 측면충돌,안전운전불이행,건조,맑음,단일로 - 기타,승용,남,27세,상해없음,승용,남,47세,경상
2020122400100214,2020년 12월 24일 12시,목요일,광주광역시 북구 동림동,경상사고,0,0,1,0,차대차 - 기타,안전운전불이행,건조,맑음,교차로 - 교차로안,이륜,남,41세,경상,승용,남,41세,상해없음
2020122400100250,2020년 12월 24일 13시,목요일,광주광역시 북구 운암동,중상사고,0,1,3,0,차대차 - 추돌,안전운전불이행,건조,맑음,교차로 - 교차로부근,승합,남,50세,기타불명,화물,남,66세,경상
2020122400100251,2020년 12월 24일 13시,목요일,광주광역시 광산구 비아동,경상사고,0,0,1,0,차대차 - 측면충돌,안전운전불이행,건조,맑음,단일로 - 기타,승용,남,61세,상해없음,승용,여,54세,경상
2020122400100288,2020년 12월 24일 14시,목요일,광주광역시 서구 매월동,경상사고,0,0,1,0,차대차 - 측면충돌,안전운전불이행,건조,맑음,단일로 - 기타,이륜,남,62세,상해없음,승용,남,45세,경상
2020122400100289,2020년 12월 24일 14시,목요일,광주광역시 남구 양림동,경상사고,0,0,1,0,차대차 - 측면충돌,교차로운행방법위반,건조,맑음,교차로 - 교차로안,승용,여,56세,상해없음,이륜,남,28세,경상
2020122400100290,2020년 12월 24일 14시,목요일,광주광역시 남구 월산동,중상사고,0,1,0,0,차량단독 - 기타,안전운전불이행,건조,맑음,단일로 - 기타,승합,남,56세,상해없음,,,,
2020122400100291,2020년 12월 24일 14시,목요일,광주광역시 북구 용두동,중상사고,0,1,1,0,차대차 - 기타,신호위반,건조,맑음,교차로 - 교차로부근,이륜,남,32세,중상,승용,여,62세,경상
2020122400100329,2020년 12월 24일 15시,목요일,광주광역시 북구 오치동,경상사고,0,0,2,0,차대차 - 측면충돌,안전운전불이행,건조,맑음,단일로 - 기타,승용,남,47세,경상,승용,남,64세,경상
2020122400100330,2020년 12월 24일 15시,목요일,광주광역시 북구 용두동,중상사고,0,1,0,0,차대사람 - 기타,안전운전불이행,건조,맑음,단일로 - 기타,승합,남,50세,상해없음,보행자,남,69세,중상
2020122400100419,2020년 12월 24일 17시,목요일,광주광역시 서구 화정동,경상사고,0,0,1,0,차대차 - 측면충돌,안전운전불이행,건조,맑음,교차로 - 교차로안,승용,여,53세,상해없음,원동기,남,47세,경상
2020122400100420,2020년 12월 24일 17시,목요일,광주광역시 북구 두암동,경상사고,0,0,1,0,차대차 - 측면충돌,안전운전불이행,건조,맑음,교차로 - 교차로안,승용,남,46세,상해없음,승용,남,75세,경상
2020122400100487,2020년 12월 24일 18시,목요일,광주광역시 동구 학동,중상사고,0,1,3,0,차대차 - 기타,안전운전불이행,건조,맑음,교차로 - 교차로안,이륜,남,45세,중상,승용,남,46세,경상
2020122400100488,2020년 12월 24일 18시,목요일,광주광역시 북구 임동,경상사고,0,0,1,0,차대차 - 측면충돌,안전운전불이행,건조,맑음,교차로 - 교차로안,승용,여,33세,상해없음,원동기,남,42세,경상
2020122400100489,2020년 12월 24일 18시,목요일,광주광역시 서구 마륵동,경상사고,0,0,1,0,차대차 - 측면충돌,안전거리미확보,건조,맑음,교차로 - 교차로안,승용,여,49세,상해없음,승용,남,38세,경상
2020122400100490,2020년 12월 24일 18시,목요일,광주광역시 북구 동림동,중상사고,0,1,0,0,차대사람 - 횡단중,보행자보호의무위반,건조,맑음,교차로 - 교차로부근,승용,여,25세,상해없음,보행자,여,53세,중상
2020122400100491,2020년 12월 24일 18시,목요일,광주광역시 광산구 소촌동,경상사고,0,0,1,0,차대사람 - 횡단중,신호위반,건조,맑음,교차로 - 교차로안,승용,남,22세,상해없음,보행자,남,21세,경상
2020122400100548,2020년 12월 24일 19시,목요일,광주광역시 광산구 송정동,경상사고,0,0,1,0,차대차 - 측면충돌,안전거리미확보,건조,맑음,단일로 - 기타,승합,남,67세,상해없음,이륜,남,28세,경상
2020122400100626,2020년 12월 24일 21시,목요일,광주광역시 북구 오치동,경상사고,0,0,1,1,차대차 - 정면충돌,신호위반,건조,맑음,교차로 - 교차로안,승용,남,55세,기타불명,승용,남,61세,부상신고
2020122400100650,2020년 12월 24일 22시,목요일,광주광역시 동구 학동,경상사고,0,0,1,0,차대차 - 측면충돌,신호위반,건조,맑음,교차로 - 교차로안,승용,남,24세,상해없음,이륜,남,36세,경상
2020122500100014,2020년 12월 25일 01시,금요일,광주광역시 서구 덕흥동,경상사고,0,0,2,0,차대차 - 측면충돌,안전운전불이행,건조,맑음,단일로 - 기타,승용,남,21세,상해없음,승용,남,19세,상해없음
2020122500100028,2020년 12월 25일 05시,금요일,광주광역시 서구 쌍촌동,중상사고,0,1,0,0,차대차 - 정면충돌,중앙선침범,건조,맑음,단일로 - 기타,승용,남,20세,상해없음,이륜,남,26세,중상
2020122500100055,2020년 12월 25일 08시,금요일,광주광역시 서구 쌍촌동,경상사고,0,0,1,0,차대차 - 기타,안전운전불이행,건조,맑음,단일로 - 기타,승용,남,40세,상해없음,이륜,남,44세,경상
2020122500100090,2020년 12월 25일 11시,금요일,광주광역시 서구 화정동,경상사고,0,0,1,0,차대차 - 측면충돌,안전운전불이행,건조,맑음,단일로 - 기타,승용,남,68세,상해없음,승용,남,71세,경상
2020122500100116,2020년 12월 25일 12시,금요일,광주광역시 서구 내방동,중상사고,0,1,0,0,차대차 - 측면충돌,기타,건조,맑음,교차로 - 교차로안,승용,남,39세,상해없음,이륜,남,23세,중상
2020122500100138,2020년 12월 25일 13시,금요일,광주광역시 서구 쌍촌동,경상사고,0,0,1,0,차대차 - 측면충돌,안전운전불이행,건조,맑음,단일로 - 기타,승용,남,22세,상해없음,승용,여,46세,경상
2020122500100164,2020년 12월 25일 14시,금요일,광주광역시 서구 동천동,경상사고,0,0,1,0,차대차 - 기타,직진우회전진행방해,건조,맑음,교차로 - 교차로안,승용,남,63세,상해없음,이륜,남,27세,경상
2020122500100216,2020년 12월 25일 16시,금요일,광주광역시 동구 수기동,경상사고,0,0,4,0,차대차 - 측면충돌,안전거리미확보,건조,맑음,단일로 - 기타,승용,남,48세,기타불명,승용,여,27세,경상