사고번호,사고일시,요일,시군구,사고내용,사망자수,중상자수,경상자수,부상신고자수,사고유형,법규위반,노면상태,기상상태,도로형태,가해운전자 차종,가해운전자 성별,가해운전자 연령,가해운전자 상해정도,피해운전자 차종,피해운전자 성별,피해운전자 연령,피해운전자 상해정도
2020122500100217,2020년 12월 25일 16시,금요일,광주광역시 광산구 신가동,경상사고,0,0,1,0,차대차 - 기타,교차로운행방법위반,건조,맑음,교차로 - 교차로안,승용,남,37세,상해없음,이륜,남,20세,경상
2020122500100244,2020년 12월 25일 17시,금요일,광주광역시 광산구 월곡동,부상신고사고,0,0,0,1,차대차 - 기타,안전운전불이행,건조,맑음,단일로 - 기타,승합,남,58세,기타불명,승용,여,49세,부상신고
2020122500100275,2020년 12월 25일 18시,금요일,광주광역시 동구 산수동,경상사고,0,0,1,0,차대차 - 기타,교차로운행방법위반,건조,맑음,교차로 - 교차로안,승용,남,25세,상해없음,이륜,남,22세,경상
2020122500100276,2020년 12월 25일 18시,금요일,광주광역시 북구 용봉동,경상사고,0,0,1,0,차대차 - 기타,안전거리미확보,건조,맑음,단일로 - 기타,승용,남,65세,상해없음,이륜,남,37세,경상
2020122500100306,2020년 12월 25일 19시,금요일,광주광역시 북구 용전동,경상사고,0,0,4,0,차대차 - 기타,안전운전불이행,건조,맑음,단일로 - 기타,승용,남,30세,경상,승용,여,27세,경상
2020122500100335,2020년 12월 25일 20시,금요일,광주광역시 서구 쌍촌동,경상사고,0,0,1,0,차대차 - 측면충돌,신호위반,건조,맑음,교차로 - 교차로안,승용,남,58세,상해없음,이륜,남,18세,경상
2020122500100336,2020년 12월 25일 20시,금요일,광주광역시 북구 신안동,경상사고,0,0,1,0,차대차 - 추돌,안전운전불이행,건조,맑음,교차로 - 교차로안,이륜,남,50세,경상,승용,남,26세,상해없음
2020122600100017,2020년 12월 26일 02시,토요일,광주광역시 광산구 장덕동,경상사고,0,0,3,0,차대차 - 추돌,안전운전불이행,건조,맑음,교차로 - 교차로부근,승용,남,38세,상해없음,승용,여,36세,경상
2020122600100029,2020년 12월 26일 05시,토요일,광주광역시 서구 치평동,경상사고,0,0,3,0,차대차 - 기타,중앙선침범,건조,맑음,단일로 - 기타,승용,남,26세,상해없음,승용,남,59세,경상
2020122600100091,2020년 12월 26일 10시,토요일,광주광역시 북구 운암동,중상사고,0,1,0,0,차대차 - 측면충돌,신호위반,건조,맑음,교차로 - 교차로안,승용,남,45세,상해없음,이륜,여,69세,중상
2020122600100134,2020년 12월 26일 12시,토요일,광주광역시 서구 광천동,경상사고,0,0,1,0,차대차 - 측면충돌,안전운전불이행,건조,맑음,교차로 - 교차로안,승용,남,38세,상해없음,승용,남,31세,경상
2020122600100135,2020년 12월 26일 12시,토요일,광주광역시 북구 우산동,경상사고,0,0,1,0,차대차 - 기타,교차로운행방법위반,건조,맑음,교차로 - 교차로안,승용,남,64세,상해없음,승용,남,28세,경상
2020122600100136,2020년 12월 26일 12시,토요일,광주광역시 광산구 신가동,경상사고,0,0,1,0,차대사람 - 기타,안전운전불이행,건조,맑음,기타 - 기타,자전거,남,37세,상해없음,보행자,여,57세,경상
2020122600100158,2020년 12월 26일 13시,토요일,광주광역시 광산구 도천동,경상사고,0,0,2,0,차대차 - 측면충돌,신호위반,건조,맑음,교차로 - 교차로안,승용,남,57세,상해없음,승용,남,35세,경상
2020122600100188,2020년 12월 26일 14시,토요일,광주광역시 서구 풍암동,경상사고,0,0,1,0,차대차 - 기타,안전운전불이행,건조,맑음,교차로 - 교차로안,승용,남,28세,상해없음,자전거,남,53세,경상
2020122600100236,2020년 12월 26일 16시,토요일,광주광역시 북구 삼각동,중상사고,0,1,0,0,차대사람 - 기타,안전운전불이행,건조,맑음,단일로 - 기타,승용,남,52세,상해없음,보행자,남,80세,중상
2020122600100237,2020년 12월 26일 16시,토요일,광주광역시 광산구 신창동,경상사고,0,0,1,0,차대차 - 정면충돌,안전거리미확보,건조,맑음,교차로 - 교차로안,승용,남,64세,상해없음,이륜,남,17세,경상
2020122600100349,2020년 12월 26일 19시,토요일,광주광역시 광산구 산월동,경상사고,0,0,2,0,차대차 - 측면충돌,교차로운행방법위반,건조,맑음,교차로 - 교차로안,승용,남,55세,상해없음,승용,여,29세,경상
2020122600100396,2020년 12월 26일 21시,토요일,광주광역시 동구 호남동,경상사고,0,0,2,0,차대차 - 추돌,안전운전불이행,건조,흐림,교차로 - 교차로부근,승용,여,44세,상해없음,승용,남,29세,경상
2020122600100418,2020년 12월 26일 22시,토요일,광주광역시 서구 풍암동,부상신고사고,0,0,0,1,차대차 - 측면충돌,신호위반,건조,맑음,교차로 - 교차로안,원동기,남,21세,부상신고,승용,남,56세,상해없음
2020122700100020,2020년 12월 27일 04시,일요일,광주광역시 서구 쌍촌동,경상사고,0,0,2,0,차대차 - 측면충돌,신호위반,건조,맑음,교차로 - 교차로안,승용,남,27세,상해없음,승용,여,22세,경상
2020122700100072,2020년 12월 27일 12시,일요일,광주광역시 남구 양림동,경상사고,0,0,1,0,차대차 - 측면충돌,중앙선침범,젖음/습기,비,교차로 - 교차로안,승용,남,71세,상해없음,이륜,남,23세,경상
2020122700100073,2020년 12월 27일 12시,일요일,광주광역시 서구 풍암동,경상사고,0,0,1,0,차량단독 - 공작물충돌,안전운전불이행,젖음/습기,비,단일로 - 기타,승용,남,54세,상해없음,,,,
2020122700100074,2020년 12월 27일 12시,일요일,광주광역시 남구 월산동,경상사고,0,0,2,0,차대차 - 측면충돌,신호위반,젖음/습기,비,교차로 - 교차로부근,이륜,남,40세,경상,승용,남,43세,경상
2020122700100075,2020년 12월 27일 12시,일요일,광주광역시 북구 용봉동,경상사고,0,0,1,0,차대차 - 측면충돌,안전운전불이행,젖음/습기,비,교차로 - 교차로안,승용,여,53세,상해없음,이륜,남,35세,경상
2020122700100094,2020년 12월 27일 13시,일요일,광주광역시 동구 학동,경상사고,0,0,1,0,차대차 - 측면충돌,교차로운행방법위반,젖음/습기,비,단일로 - 기타,승용,여,47세,상해없음,이륜,남,37세,경상
2020122700100110,2020년 12월 27일 14시,일요일,광주광역시 북구 용봉동,경상사고,0,0,1,0,차대차 - 기타,안전운전불이행,젖음/습기,비,단일로 - 기타,승용,남,55세,상해없음,승합,남,41세,경상
2020122700100111,2020년 12월 27일 14시,일요일,광주광역시 북구 문흥동,경상사고,0,0,1,0,차대차 - 추돌,안전거리미확보,건조,맑음,교차로 - 교차로안,승용,남,61세,상해없음,승용,남,74세,경상
2020122700100126,2020년 12월 27일 15시,일요일,광주광역시 광산구 우산동,부상신고사고,0,0,0,1,차량단독 - 공작물충돌,안전운전불이행,젖음/습기,비,단일로 - 교량,승용,남,60세,상해없음,,,,
2020122700100188,2020년 12월 27일 17시,일요일,광주광역시 북구 운암동,중상사고,0,1,0,0,차대사람 - 기타,보행자보호의무위반,젖음/습기,비,교차로 - 교차로안,이륜,남,39세,상해없음,보행자,여,22세,중상
2020122700100265,2020년 12월 27일 20시,일요일,광주광역시 북구 용봉동,경상사고,0,0,1,0,차대차 - 측면충돌,직진우회전진행방해,건조,맑음,교차로 - 교차로안,승용,남,22세,상해없음,승용,남,26세,경상
2020122700100285,2020년 12월 27일 21시,일요일,광주광역시 광산구 신가동,중상사고,0,1,1,0,차대차 - 측면충돌,신호위반,젖음/습기,비,교차로 - 교차로안,이륜,남,28세,중상,승용,남,40세,경상
2020122700100303,2020년 12월 27일 22시,일요일,광주광역시 서구 쌍촌동,경상사고,0,0,1,0,차대차 - 측면충돌,직진우회전진행방해,건조,맑음,교차로 - 교차로안,승용,남,26세,상해없음,승용,남,47세,경상
2020122700100304,2020년 12월 27일 22시,일요일,광주광역시 북구 오치동,경상사고,0,0,2,0,차대차 - 기타,신호위반,건조,맑음,교차로 - 교차로안,승용,남,69세,상해없음,승용,남,37세,경상
2020122800100004,2020년 12월 28일 00시,월요일,광주광역시 북구 임동,경상사고,0,0,4,0,차대차 - 측면충돌,안전거리미확보,건조,맑음,단일로 - 고가도로위,승용,남,18세,상해없음,승용,여,37세,경상
2020122800100128,2020년 12월 28일 09시,월요일,광주광역시 광산구 신가동,경상사고,0,0,1,0,차대차 - 추돌,차로위반,건조,맑음,단일로 - 교량,화물,남,54세,상해없음,승용,여,35세,경상
2020122800100191,2020년 12월 28일 11시,월요일,광주광역시 북구 양산동,경상사고,0,0,2,0,차대차 - 측면충돌,교차로운행방법위반,건조,맑음,교차로 - 교차로안,개인형이동수단(PM),여,26세,경상,승용,남,46세,경상
2020122800100192,2020년 12월 28일 11시,월요일,광주광역시 광산구 쌍암동,경상사고,0,0,1,0,차대사람 - 기타,안전운전불이행,건조,맑음,단일로 - 기타,승용,남,52세,상해없음,보행자,남,39세,경상
2020122800100228,2020년 12월 28일 12시,월요일,광주광역시 서구 광천동,부상신고사고,0,0,0,2,차대차 - 기타,안전거리미확보,건조,맑음,단일로 - 기타,승용,여,62세,상해없음,승합,남,59세,상해없음
2020122800100229,2020년 12월 28일 12시,월요일,광주광역시 광산구 하남동,경상사고,0,0,1,1,차대차 - 측면충돌,교차로운행방법위반,건조,맑음,교차로 - 교차로안,이륜,남,77세,부상신고,승용,여,49세,경상
2020122800100264,2020년 12월 28일 13시,월요일,광주광역시 북구 운암동,중상사고,0,1,1,0,차대차 - 기타,안전운전불이행,건조,맑음,단일로 - 기타,화물,남,37세,상해없음,승용,남,29세,중상
2020122800100265,2020년 12월 28일 13시,월요일,광주광역시 광산구 월계동,중상사고,0,1,1,0,차대차 - 측면충돌,신호위반,건조,맑음,교차로 - 교차로안,승용,남,62세,상해없음,이륜,남,61세,중상
2020122800100303,2020년 12월 28일 14시,월요일,광주광역시 서구 벽진동,경상사고,0,0,1,0,차대차 - 측면충돌,차로위반,건조,맑음,단일로 - 기타,화물,남,62세,상해없음,승용,여,50세,경상
2020122800100339,2020년 12월 28일 15시,월요일,광주광역시 서구 화정동,부상신고사고,0,0,0,1,차대사람 - 횡단중,안전운전불이행,건조,맑음,교차로 - 교차로안,특수,남,50세,상해없음,보행자,남,78세,부상신고
2020122800100376,2020년 12월 28일 16시,월요일,광주광역시 동구 지산동,경상사고,0,0,1,0,차대차 - 기타,안전운전불이행,건조,맑음,교차로 - 교차로안,승용,여,40세,상해없음,개인형이동수단(PM),남,78세,경상
2020122800100470,2020년 12월 28일 18시,월요일,광주광역시 광산구 신창동,경상사고,0,0,1,0,차대차 - 추돌,안전운전불이행,건조,맑음,단일로 - 기타,이륜,남,19세,상해없음,승용,여,42세,경상
2020122800100498,2020년 12월 28일 19시,월요일,광주광역시 북구 각화동,중상사고,0,1,0,0,차대차 - 기타,교차로운행방법위반,건조,맑음,교차로 - 교차로안,승용,남,48세,상해없음,자전거,남,45세,중상
2020122800100499,2020년 12월 28일 19시,월요일,광주광역시 광산구 산정동,중상사고,0,1,0,0,차대사람 - 횡단중,안전운전불이행,건조,맑음,교차로 - 교차로안,승용,남,48세,상해없음,보행자,남,81세,중상
2020122800100500,2020년 12월 28일 19시,월요일,광주광역시 광산구 산정동,경상사고,0,0,1,0,차대차 - 측면충돌,교차로운행방법위반,건조,맑음,교차로 - 교차로안,화물,남,56세,상해없음,승용,남,64세,경상
2020122800100526,2020년 12월 28일 20시,월요일,광주광역시 남구 주월동,경상사고,0,0,2,0,차대차 - 추돌,안전거리미확보,건조,맑음,단일로 - 기타,승용,남,56세,기타불명,승용,여,49세,경상
2020122800100539,2020년 12월 28일 21시,월요일,광주광역시 광산구 흑석동,경상사고,0,0,1,1,차대차 - 측면충돌,신호위반,건조,맑음,교차로 - 교차로안,승용,여,52세,부상신고,승용,여,51세,경상
2020122800100554,2020년 12월 28일 22시,월요일,광주광역시 남구 봉선동,경상사고,0,0,2,0,차대차 - 추돌,안전운전불이행,건조,맑음,교차로 - 교차로부근,화물,남,44세,상해없음,승용,남,59세,경상
2020122900100019,2020년 12월 29일 05시,화요일,광주광역시 동구 충장로4가,경상사고,0,0,1,0,차대차 - 기타,교차로운행방법위반,건조,맑음,교차로 - 교차로안,기타불명,기타불명,미분류,기타불명,이륜,남,19세,경상
2020122900100052,2020년 12월 29일 07시,화요일,광주광역시 북구 동림동,경상사고,0,0,2,0,차대차 - 측면충돌,차로위반,건조,맑음,기타 - 기타,승용,남,23세,상해없음,승용,남,64세,경상
2020122900100067,2020년 12월 29일 08시,화요일,광주광역시 서구 쌍촌동,경상사고,0,0,1,0,차대차 - 기타,안전운전불이행,건조,맑음,단일로 - 기타,화물,남,57세,상해없음,승용,남,39세,경상
2020122900100068,2020년 12월 29일 08시,화요일,광주광역시 광산구 오선동,중상사고,0,1,1,0,차대차 - 정면충돌,교차로운행방법위반,건조,맑음,교차로 - 교차로안,승용,여,41세,경상,화물,남,64세,중상
2020122900100118,2020년 12월 29일 11시,화요일,광주광역시 북구 신안동,중상사고,0,1,0,0,차대차 - 추돌,안전운전불이행,건조,맑음,단일로 - 기타,승용,남,72세,상해없음,이륜,남,63세,중상
2020122900100164,2020년 12월 29일 13시,화요일,광주광역시 북구 신안동,경상사고,0,0,3,0,차대차 - 기타,교차로운행방법위반,건조,맑음,교차로 - 교차로안,승용,남,68세,경상,승용,여,38세,경상
2020122900100216,2020년 12월 29일 15시,화요일,광주광역시 동구 계림동,경상사고,0,0,1,0,차대차 - 측면충돌,안전운전불이행,건조,맑음,교차로 - 교차로안,승용,여,39세,기타불명,승용,여,36세,경상
2020122900100243,2020년 12월 29일 16시,화요일,광주광역시 북구 운암동,경상사고,0,0,1,0,차대차 - 추돌,안전운전불이행,젖음/습기,비,단일로 - 기타,승용,남,62세,상해없음,승용,여,29세,경상
2020122900100244,2020년 12월 29일 16시,화요일,광주광역시 북구 양산동,경상사고,0,0,3,0,차대차 - 측면충돌,교차로운행방법위반,건조,맑음,교차로 - 교차로안,승용,남,23세,경상,승용,여,26세,경상
2020122900100245,2020년 12월 29일 16시,화요일,광주광역시 북구 운암동,경상사고,0,0,1,0,차대차 - 측면충돌,교차로운행방법위반,젖음/습기,비,단일로 - 기타,화물,남,47세,상해없음,원동기,남,36세,경상
2020122900100246,2020년 12월 29일 16시,화요일,광주광역시 광산구 월계동,중상사고,0,1,0,0,차대사람 - 기타,교차로운행방법위반,건조,맑음,교차로 - 교차로안,승용,남,61세,상해없음,보행자,여,69세,중상
2020122900100288,2020년 12월 29일 17시,화요일,광주광역시 광산구 월전동,경상사고,0,0,1,0,차대차 - 측면충돌,안전운전불이행,젖음/습기,흐림,교차로 - 교차로부근,승용,여,64세,상해없음,화물,남,41세,경상
2020122900100337,2020년 12월 29일 18시,화요일,광주광역시 서구 화정동,경상사고,0,0,1,0,차대차 - 측면충돌,안전운전불이행,건조,맑음,교차로 - 교차로안,승용,남,46세,상해없음,이륜,남,41세,경상
2020122900100338,2020년 12월 29일 18시,화요일,광주광역시 서구 치평동,경상사고,0,0,1,0,차대차 - 기타,안전운전불이행,젖음/습기,비,교차로 - 교차로안,승용,남,60세,상해없음,승용,여,34세,경상
2020122900100339,2020년 12월 29일 18시,화요일,광주광역시 서구 쌍촌동,경상사고,0,0,1,0,차대차 - 측면충돌,안전운전불이행,건조,흐림,단일로 - 기타,승용,남,28세,상해없음,승용,남,32세,경상
2020122900100340,2020년 12월 29일 18시,화요일,광주광역시 서구 쌍촌동,경상사고,0,0,3,0,차대차 - 측면충돌,차로위반,젖음/습기,비,단일로 - 기타,화물,남,41세,경상,승용,남,42세,경상
2020122900100341,2020년 12월 29일 18시,화요일,광주광역시 남구 행암동,경상사고,0,0,1,0,차대사람 - 횡단중,신호위반,젖음/습기,흐림,교차로 - 교차로횡단보도내,화물,남,67세,상해없음,보행자,여,43세,경상
2020122900100342,2020년 12월 29일 18시,화요일,광주광역시 광산구 월곡동,경상사고,0,0,1,0,차대차 - 추돌,안전운전불이행,건조,맑음,단일로 - 기타,승용,남,55세,상해없음,승용,남,34세,상해없음
2020122900100343,2020년 12월 29일 18시,화요일,광주광역시 광산구 월곡동,부상신고사고,0,0,0,1,차대차 - 기타,기타,젖음/습기,눈,단일로 - 기타,화물,남,54세,상해없음,이륜,남,29세,부상신고
2020122900100476,2020년 12월 29일 22시,화요일,광주광역시 광산구 소촌동,경상사고,0,0,1,0,차대차 - 측면충돌,안전운전불이행,서리/결빙,눈,교차로 - 교차로부근,승용,남,46세,상해없음,승용,여,39세,경상
2020123000100014,2020년 12월 30일 01시,수요일,광주광역시 북구 운암동,경상사고,0,0,2,0,차대차 - 추돌,안전운전불이행,적설,눈,교차로 - 교차로부근,승용,남,17세,상해없음,승용,여,32세,경상
2020123000100057,2020년 12월 30일 07시,수요일,광주광역시 서구 동천동,경상사고,0,0,1,0,차대차 - 기타,안전운전불이행,적설,눈,단일로 - 기타,승용,남,23세,상해없음,승용,여,25세,경상
2020123000100058,2020년 12월 30일 07시,수요일,광주광역시 북구 양산동,경상사고,0,0,1,0,차대차 - 측면충돌,안전운전불이행,건조,맑음,단일로 - 기타,승용,남,24세,상해없음,승용,남,27세,경상
2020123000100059,2020년 12월 30일 07시,수요일,광주광역시 북구 신용동,경상사고,0,0,1,0,차대차 - 측면충돌,안전운전불이행,서리/결빙,맑음,단일로 - 기타,승용,남,61세,상해없음,승용,남,31세,경상
2020123000100060,2020년 12월 30일 07시,수요일,광주광역시 북구 임동,경상사고,0,0,3,0,차대차 - 측면충돌,안전운전불이행,적설,눈,단일로 - 기타,승용,남,62세,상해없음,승용,남,52세,상해없음
2020123000100061,2020년 12월 30일 07시,수요일,광주광역시 광산구 우산동,경상사고,0,0,1,0,차대차 - 측면충돌,안전운전불이행,서리/결빙,눈,단일로 - 기타,화물,남,52세,상해없음,화물,남,28세,경상
2020123000100087,2020년 12월 30일 08시,수요일,광주광역시 동구 산수동,경상사고,0,0,1,0,차대차 - 기타,안전운전불이행,적설,눈,단일로 - 기타,승용,여,29세,상해없음,승용,남,63세,경상
2020123000100088,2020년 12월 30일 08시,수요일,광주광역시 서구 유촌동,경상사고,0,0,2,0,차대차 - 측면충돌,안전운전불이행,적설,눈,교차로 - 교차로안,승용,남,27세,경상,승용,남,47세,경상
2020123000100089,2020년 12월 30일 08시,수요일,광주광역시 북구 중흥동,경상사고,0,0,1,0,차대차 - 기타,안전운전불이행,서리/결빙,눈,교차로 - 교차로안,승용,남,32세,상해없음,승용,남,28세,경상
2020123000100090,2020년 12월 30일 08시,수요일,광주광역시 광산구 수완동,경상사고,0,0,1,0,차대차 - 추돌,안전운전불이행,서리/결빙,눈,단일로 - 기타,승용,여,53세,기타불명,승용,남,23세,경상
2020123000100091,2020년 12월 30일 08시,수요일,광주광역시 광산구 도산동,중상사고,0,1,0,0,차대사람 - 기타,안전운전불이행,적설,눈,교차로 - 교차로안,승용,여,31세,상해없음,보행자,남,51세,중상
2020123000100107,2020년 12월 30일 09시,수요일,광주광역시 동구 계림동,경상사고,0,0,1,0,차대사람 - 기타,안전운전불이행,서리/결빙,눈,단일로 - 기타,승합,남,56세,기타불명,보행자,여,46세,경상
2020123000100108,2020년 12월 30일 09시,수요일,광주광역시 서구 화정동,경상사고,0,0,1,0,차대차 - 측면충돌,안전운전불이행,서리/결빙,눈,교차로 - 교차로부근,승용,여,57세,상해없음,승용,남,35세,경상
2020123000100109,2020년 12월 30일 09시,수요일,광주광역시 남구 송하동,경상사고,0,0,1,0,차대차 - 추돌,안전운전불이행,서리/결빙,눈,단일로 - 기타,승용,남,56세,상해없음,승용,남,28세,경상
2020123000100110,2020년 12월 30일 09시,수요일,광주광역시 남구 주월동,경상사고,0,0,1,0,차대차 - 측면충돌,안전운전불이행,적설,눈,단일로 - 기타,승용,남,65세,상해없음,승용,여,57세,경상
2020123000100111,2020년 12월 30일 09시,수요일,광주광역시 광산구 산월동,경상사고,0,0,1,0,차대차 - 기타,안전운전불이행,서리/결빙,눈,교차로 - 교차로안,승용,남,31세,상해없음,승용,여,29세,경상
2020123000100112,2020년 12월 30일 09시,수요일,광주광역시 광산구 운남동,경상사고,0,0,1,0,차대차 - 측면충돌,안전운전불이행,서리/결빙,눈,기타 - 기타,승용,남,54세,상해없음,승용,여,46세,경상
2020123000100129,2020년 12월 30일 10시,수요일,광주광역시 북구 신안동,부상신고사고,0,0,0,1,차대차 - 기타,안전운전불이행,서리/결빙,눈,교차로 - 교차로안,자전거,남,56세,부상신고,승용,남,42세,상해없음
2020123000100161,2020년 12월 30일 11시,수요일,광주광역시 서구 광천동,경상사고,0,0,1,0,차대차 - 측면충돌,차로위반,서리/결빙,눈,단일로 - 기타,승용,남,63세,상해없음,승용,남,47세,경상
2020123000100162,2020년 12월 30일 11시,수요일,광주광역시 서구 치평동,경상사고,0,0,1,0,차대차 - 측면충돌,안전운전불이행,건조,맑음,단일로 - 기타,승용,남,40세,상해없음,승용,여,48세,경상
2020123000100163,2020년 12월 30일 11시,수요일,광주광역시 북구 임동,경상사고,0,0,1,0,차대차 - 추돌,안전운전불이행,서리/결빙,눈,단일로 - 기타,승용,남,36세,상해없음,건설기계,남,66세,경상
2020123000100198,2020년 12월 30일 12시,수요일,광주광역시 동구 대인동,경상사고,0,0,1,0,차대사람 - 기타,안전운전불이행,적설,눈,단일로 - 기타,승용,남,38세,기타불명,보행자,남,76세,경상
2020123000100199,2020년 12월 30일 12시,수요일,광주광역시 동구 학동,경상사고,0,0,1,0,차대차 - 측면충돌,안전거리미확보,서리/결빙,눈,기타 - 기타,화물,남,49세,상해없음,승합,남,46세,경상
2020123000100200,2020년 12월 30일 12시,수요일,광주광역시 서구 쌍촌동,중상사고,0,1,2,0,차대차 - 기타,신호위반,적설,눈,교차로 - 교차로안,특수,남,52세,상해없음,승용,남,56세,경상
2020123000100222,2020년 12월 30일 13시,수요일,광주광역시 서구 서창동,경상사고,0,0,1,0,차대차 - 기타,안전운전불이행,서리/결빙,눈,단일로 - 기타,화물,남,44세,경상,승용,남,67세,상해없음
2020123000100253,2020년 12월 30일 14시,수요일,광주광역시 서구 양동,경상사고,0,0,1,0,차대차 - 추돌,안전운전불이행,적설,눈,단일로 - 기타,승용,남,54세,상해없음,승용,남,41세,경상
2020123000100317,2020년 12월 30일 16시,수요일,광주광역시 서구 풍암동,경상사고,0,0,2,0,차대차 - 추돌,안전운전불이행,서리/결빙,눈,단일로 - 기타,승용,여,37세,상해없음,화물,남,32세,경상
2020123000100318,2020년 12월 30일 16시,수요일,광주광역시 광산구 장덕동,경상사고,0,0,5,0,차대차 - 측면충돌,직진우회전진행방해,서리/결빙,눈,교차로 - 교차로안,승용,여,44세,경상,승용,남,37세,경상
2020123000100342,2020년 12월 30일 17시,수요일,광주광역시 북구 동림동,경상사고,0,0,1,0,차대차 - 추돌,안전운전불이행,젖음/습기,흐림,단일로 - 기타,화물,남,49세,상해없음,승용,여,31세,경상
2020123000100357,2020년 12월 30일 17시,수요일,광주광역시 광산구 선동,경상사고,0,0,2,0,차대차 - 기타,안전운전불이행,서리/결빙,눈,단일로 - 기타,승용,남,76세,상해없음,승용,남,50세,경상
2020123000100358,2020년 12월 30일 17시,수요일,광주광역시 광산구 신가동,경상사고,0,0,2,0,차대차 - 측면충돌,안전운전불이행,젖음/습기,비,교차로 - 교차로안,승용,여,35세,경상,승용,남,68세,경상
2020123000100417,2020년 12월 30일 18시,수요일,광주광역시 서구 매월동,경상사고,0,0,2,0,차대차 - 기타,안전운전불이행,적설,눈,단일로 - 기타,화물,남,22세,상해없음,승용,남,49세,경상
2020123000100418,2020년 12월 30일 18시,수요일,광주광역시 광산구 도산동,경상사고,0,0,1,0,차대사람 - 길가장자리구역통행중,안전운전불이행,서리/결빙,눈,단일로 - 기타,승용,남,45세,상해없음,보행자,남,38세,경상
2020123000100476,2020년 12월 30일 20시,수요일,광주광역시 북구 연제동,경상사고,0,0,2,0,차대차 - 측면충돌,안전운전불이행,적설,눈,교차로 - 교차로부근,화물,남,55세,기타불명,승용,남,27세,경상
2020123000100514,2020년 12월 30일 21시,수요일,광주광역시 북구 중흥동,경상사고,0,0,1,0,차대차 - 측면충돌,안전운전불이행,서리/결빙,눈,교차로 - 교차로부근,화물,남,38세,상해없음,기타불명,남,40세,경상
2020123100100014,2020년 12월 31일 04시,목요일,광주광역시 광산구 신가동,경상사고,0,0,1,0,차대차 - 기타,안전운전불이행,서리/결빙,눈,교차로 - 교차로부근,화물,남,74세,경상,승용,남,43세,상해없음
2020123100100077,2020년 12월 31일 09시,목요일,광주광역시 광산구 우산동,경상사고,0,0,1,0,차대차 - 추돌,안전운전불이행,서리/결빙,눈,단일로 - 기타,승용,남,62세,상해없음,승용,남,32세,경상
2020123100100174,2020년 12월 31일 12시,목요일,광주광역시 광산구 쌍암동,경상사고,0,0,1,1,차대차 - 측면충돌,안전거리미확보,젖음/습기,흐림,단일로 - 기타,승용,남,58세,상해없음,승용,남,49세,부상신고
2020123100100239,2020년 12월 31일 14시,목요일,광주광역시 서구 치평동,경상사고,0,0,1,0,차량단독 - 공작물충돌,안전운전불이행,적설,맑음,단일로 - 기타,승용,남,43세,상해없음,,,,
2020123100100268,2020년 12월 31일 15시,목요일,광주광역시 북구 신안동,경상사고,0,0,3,0,차대차 - 측면충돌,안전거리미확보,건조,맑음,단일로 - 기타,승용,남,56세,기타불명,승용,남,33세,경상
2020123100100310,2020년 12월 31일 16시,목요일,광주광역시 서구 쌍촌동,경상사고,0,0,1,0,차대차 - 측면충돌,안전운전불이행,서리/결빙,흐림,교차로 - 교차로안,승용,남,66세,상해없음,승용,남,30세,경상
2020123100100367,2020년 12월 31일 17시,목요일,광주광역시 동구 학동,경상사고,0,0,1,0,차대사람 - 기타,보행자보호의무위반,서리/결빙,눈,교차로 - 교차로부근,승합,남,58세,상해없음,보행자,여,24세,경상
2020123100100368,2020년 12월 31일 17시,목요일,광주광역시 서구 광천동,경상사고,0,0,1,0,차대차 - 추돌,안전운전불이행,젖음/습기,흐림,단일로 - 기타,승용,남,60세,상해없음,승용,남,35세,경상
2020123100100369,2020년 12월 31일 17시,목요일,광주광역시 서구 쌍촌동,경상사고,0,0,1,0,차대차 - 측면충돌,안전운전불이행,건조,맑음,교차로 - 교차로부근,승합,남,66세,상해없음,승용,남,50세,경상
2020123100100370,2020년 12월 31일 17시,목요일,광주광역시 남구 승촌동,경상사고,0,0,5,0,차대차 - 측면충돌,안전운전불이행,적설,눈,단일로 - 기타,승용,남,61세,경상,승합,남,54세,경상
2020123100100436,2020년 12월 31일 18시,목요일,광주광역시 북구 오치동,경상사고,0,0,1,0,차대차 - 측면충돌,직진우회전진행방해,서리/결빙,눈,교차로 - 교차로안,승용,남,39세,상해없음,승합,남,53세,경상
2020123100100437,2020년 12월 31일 18시,목요일,광주광역시 광산구 소촌동,중상사고,0,1,0,0,차대사람 - 횡단중,신호위반,서리/결빙,눈,교차로 - 교차로횡단보도내,승용,남,28세,상해없음,보행자,여,44세,중상
2020123100100487,2020년 12월 31일 19시,목요일,광주광역시 동구 학동,경상사고,0,0,4,0,차대차 - 추돌,안전거리미확보,서리/결빙,눈,단일로 - 기타,승용,여,41세,상해없음,승용,여,33세,경상
2020123100100563,2020년 12월 31일 21시,목요일,광주광역시 동구 광산동,경상사고,0,0,2,0,차대차 - 측면충돌,신호위반,적설,눈,단일로 - 기타,승용,남,24세,상해없음,승용,남,23세,경상
2020123100100564,2020년 12월 31일 21시,목요일,광주광역시 남구 월산동,경상사고,0,0,2,0,차대차 - 추돌,안전거리미확보,건조,맑음,단일로 - 기타,승용,남,41세,상해없음,승용,남,65세,경상
2020123100100587,2020년 12월 31일 22시,목요일,광주광역시 남구 임암동,경상사고,0,0,1,0,차대차 - 추돌,안전운전불이행,건조,맑음,단일로 - 기타,승용,남,20세,상해없음,승용,여,38세,경상